INFO 2026-07-18 00:10:38,319 apps AXES: BEGIN version 8.3.1, blocking by ip_address
INFO 2026-07-18 00:14:54,347 apps AXES: BEGIN version 8.3.1, blocking by ip_address
INFO 2026-07-18 00:20:42,531 apps AXES: BEGIN version 8.3.1, blocking by ip_address
INFO 2026-07-18 00:29:03,980 apps AXES: BEGIN version 8.3.1, blocking by ip_address
INFO 2026-07-18 00:29:09,235 apps AXES: BEGIN version 8.3.1, blocking by ip_address
INFO 2026-07-18 00:29:09,327 autoreload Watching for file changes with StatReloader
WARNING 2026-07-18 00:29:22,828 log Not Found: /favicon.ico
INFO 2026-07-18 00:29:27,361 database AXES: User login failed, running database handler for failure.
INFO 2026-07-18 00:29:27,375 database AXES: Cleaned up 0 expired access attempts from database that were older than 2026-07-17 18:29:26.248738+00:00
WARNING 2026-07-18 00:29:27,434 database AXES: New login failure by {username: "********************", ip_address: "********************", user_agent: "Mozilla/5.0 (Linux; Android 10; K) AppleWebKit/537.36 (KHTML, like Gecko) Chrome/149.0.0.0 Mobile Safari/537.36", path_info: "/login/"}. Created new record in the database.
INFO 2026-07-18 00:29:58,880 apps AXES: BEGIN version 8.3.1, blocking by ip_address
INFO 2026-07-18 00:30:26,699 apps AXES: BEGIN version 8.3.1, blocking by ip_address
INFO 2026-07-18 00:30:33,207 apps AXES: BEGIN version 8.3.1, blocking by ip_address
INFO 2026-07-18 00:30:33,325 autoreload Watching for file changes with StatReloader
INFO 2026-07-18 00:31:12,602 database AXES: Successful login by {username: "********************", ip_address: "********************", user_agent: "Mozilla/5.0 (Linux; Android 10; K) AppleWebKit/537.36 (KHTML, like Gecko) Chrome/149.0.0.0 Mobile Safari/537.36", path_info: "/login/"}.
INFO 2026-07-18 00:31:12,629 database AXES: Cleaned up 0 expired access attempts from database that were older than 2026-07-17 18:31:11.399806+00:00
ERROR 2026-07-18 00:31:43,486 log Internal Server Error: /accounts/chart/create/
Traceback (most recent call last):
  File "/data/data/com.termux/files/usr/lib/python3.13/site-packages/django/core/handlers/exception.py", line 55, in inner
    response = get_response(request)
  File "/data/data/com.termux/files/usr/lib/python3.13/site-packages/django/core/handlers/base.py", line 197, in _get_response
    response = wrapped_callback(request, *callback_args, **callback_kwargs)
  File "/data/data/com.termux/files/usr/lib/python3.13/site-packages/django/contrib/auth/decorators.py", line 59, in _view_wrapper
    return view_func(request, *args, **kwargs)
  File "/storage/emulated/0/django/P1/app/views_frontend.py", line 24317, in account_create
    return render(request, 'accounts/account_create.html', context)
  File "/data/data/com.termux/files/usr/lib/python3.13/site-packages/django/shortcuts.py", line 25, in render
    content = loader.render_to_string(template_name, context, request, using=using)
  File "/data/data/com.termux/files/usr/lib/python3.13/site-packages/django/template/loader.py", line 61, in render_to_string
    template = get_template(template_name, using=using)
  File "/data/data/com.termux/files/usr/lib/python3.13/site-packages/django/template/loader.py", line 19, in get_template
    raise TemplateDoesNotExist(template_name, chain=chain)
django.template.exceptions.TemplateDoesNotExist: accounts/account_create.html
ERROR 2026-07-18 00:31:47,369 log Internal Server Error: /accounts/chart/create/
Traceback (most recent call last):
  File "/data/data/com.termux/files/usr/lib/python3.13/site-packages/django/core/handlers/exception.py", line 55, in inner
    response = get_response(request)
  File "/data/data/com.termux/files/usr/lib/python3.13/site-packages/django/core/handlers/base.py", line 197, in _get_response
    response = wrapped_callback(request, *callback_args, **callback_kwargs)
  File "/data/data/com.termux/files/usr/lib/python3.13/site-packages/django/contrib/auth/decorators.py", line 59, in _view_wrapper
    return view_func(request, *args, **kwargs)
  File "/storage/emulated/0/django/P1/app/views_frontend.py", line 24317, in account_create
    return render(request, 'accounts/account_create.html', context)
  File "/data/data/com.termux/files/usr/lib/python3.13/site-packages/django/shortcuts.py", line 25, in render
    content = loader.render_to_string(template_name, context, request, using=using)
  File "/data/data/com.termux/files/usr/lib/python3.13/site-packages/django/template/loader.py", line 61, in render_to_string
    template = get_template(template_name, using=using)
  File "/data/data/com.termux/files/usr/lib/python3.13/site-packages/django/template/loader.py", line 19, in get_template
    raise TemplateDoesNotExist(template_name, chain=chain)
django.template.exceptions.TemplateDoesNotExist: accounts/account_create.html
ERROR 2026-07-18 00:31:51,130 log Internal Server Error: /accounts/chart/create/
Traceback (most recent call last):
  File "/data/data/com.termux/files/usr/lib/python3.13/site-packages/django/core/handlers/exception.py", line 55, in inner
    response = get_response(request)
  File "/data/data/com.termux/files/usr/lib/python3.13/site-packages/django/core/handlers/base.py", line 197, in _get_response
    response = wrapped_callback(request, *callback_args, **callback_kwargs)
  File "/data/data/com.termux/files/usr/lib/python3.13/site-packages/django/contrib/auth/decorators.py", line 59, in _view_wrapper
    return view_func(request, *args, **kwargs)
  File "/storage/emulated/0/django/P1/app/views_frontend.py", line 24317, in account_create
    return render(request, 'accounts/account_create.html', context)
  File "/data/data/com.termux/files/usr/lib/python3.13/site-packages/django/shortcuts.py", line 25, in render
    content = loader.render_to_string(template_name, context, request, using=using)
  File "/data/data/com.termux/files/usr/lib/python3.13/site-packages/django/template/loader.py", line 61, in render_to_string
    template = get_template(template_name, using=using)
  File "/data/data/com.termux/files/usr/lib/python3.13/site-packages/django/template/loader.py", line 19, in get_template
    raise TemplateDoesNotExist(template_name, chain=chain)
django.template.exceptions.TemplateDoesNotExist: accounts/account_create.html
ERROR 2026-07-18 00:31:55,355 log Internal Server Error: /accounts/chart/create/
Traceback (most recent call last):
  File "/data/data/com.termux/files/usr/lib/python3.13/site-packages/django/core/handlers/exception.py", line 55, in inner
    response = get_response(request)
  File "/data/data/com.termux/files/usr/lib/python3.13/site-packages/django/core/handlers/base.py", line 197, in _get_response
    response = wrapped_callback(request, *callback_args, **callback_kwargs)
  File "/data/data/com.termux/files/usr/lib/python3.13/site-packages/django/contrib/auth/decorators.py", line 59, in _view_wrapper
    return view_func(request, *args, **kwargs)
  File "/storage/emulated/0/django/P1/app/views_frontend.py", line 24317, in account_create
    return render(request, 'accounts/account_create.html', context)
  File "/data/data/com.termux/files/usr/lib/python3.13/site-packages/django/shortcuts.py", line 25, in render
    content = loader.render_to_string(template_name, context, request, using=using)
  File "/data/data/com.termux/files/usr/lib/python3.13/site-packages/django/template/loader.py", line 61, in render_to_string
    template = get_template(template_name, using=using)
  File "/data/data/com.termux/files/usr/lib/python3.13/site-packages/django/template/loader.py", line 19, in get_template
    raise TemplateDoesNotExist(template_name, chain=chain)
django.template.exceptions.TemplateDoesNotExist: accounts/account_create.html
ERROR 2026-07-18 00:32:09,078 log Internal Server Error: /accounts/ledger/
Traceback (most recent call last):
  File "/data/data/com.termux/files/usr/lib/python3.13/site-packages/django/core/handlers/exception.py", line 55, in inner
    response = get_response(request)
  File "/data/data/com.termux/files/usr/lib/python3.13/site-packages/django/core/handlers/base.py", line 197, in _get_response
    response = wrapped_callback(request, *callback_args, **callback_kwargs)
  File "/data/data/com.termux/files/usr/lib/python3.13/site-packages/django/contrib/auth/decorators.py", line 59, in _view_wrapper
    return view_func(request, *args, **kwargs)
  File "/storage/emulated/0/django/P1/app/views_frontend.py", line 24557, in general_ledger
    return render(request, 'accounts/general_ledger.html', context)
  File "/data/data/com.termux/files/usr/lib/python3.13/site-packages/django/shortcuts.py", line 25, in render
    content = loader.render_to_string(template_name, context, request, using=using)
  File "/data/data/com.termux/files/usr/lib/python3.13/site-packages/django/template/loader.py", line 61, in render_to_string
    template = get_template(template_name, using=using)
  File "/data/data/com.termux/files/usr/lib/python3.13/site-packages/django/template/loader.py", line 19, in get_template
    raise TemplateDoesNotExist(template_name, chain=chain)
django.template.exceptions.TemplateDoesNotExist: accounts/general_ledger.html
ERROR 2026-07-18 00:32:12,408 log Internal Server Error: /accounts/trial-balance/
Traceback (most recent call last):
  File "/data/data/com.termux/files/usr/lib/python3.13/site-packages/django/core/handlers/exception.py", line 55, in inner
    response = get_response(request)
  File "/data/data/com.termux/files/usr/lib/python3.13/site-packages/django/core/handlers/base.py", line 197, in _get_response
    response = wrapped_callback(request, *callback_args, **callback_kwargs)
  File "/data/data/com.termux/files/usr/lib/python3.13/site-packages/django/contrib/auth/decorators.py", line 59, in _view_wrapper
    return view_func(request, *args, **kwargs)
  File "/storage/emulated/0/django/P1/app/views_frontend.py", line 24645, in trial_balance
    return render(request, 'accounts/trial_balance.html', context)
  File "/data/data/com.termux/files/usr/lib/python3.13/site-packages/django/shortcuts.py", line 25, in render
    content = loader.render_to_string(template_name, context, request, using=using)
  File "/data/data/com.termux/files/usr/lib/python3.13/site-packages/django/template/loader.py", line 61, in render_to_string
    template = get_template(template_name, using=using)
  File "/data/data/com.termux/files/usr/lib/python3.13/site-packages/django/template/loader.py", line 15, in get_template
    return engine.get_template(template_name)
           ~~~~~~~~~~~~~~~~~~~^^^^^^^^^^^^^^^
  File "/data/data/com.termux/files/usr/lib/python3.13/site-packages/django/template/backends/django.py", line 79, in get_template
    return Template(self.engine.get_template(template_name), self)
                    ~~~~~~~~~~~~~~~~~~~~~~~~^^^^^^^^^^^^^^^
  File "/data/data/com.termux/files/usr/lib/python3.13/site-packages/django/template/engine.py", line 177, in get_template
    template, origin = self.find_template(template_name)
                       ~~~~~~~~~~~~~~~~~~^^^^^^^^^^^^^^^
  File "/data/data/com.termux/files/usr/lib/python3.13/site-packages/django/template/engine.py", line 159, in find_template
    template = loader.get_template(name, skip=skip)
  File "/data/data/com.termux/files/usr/lib/python3.13/site-packages/django/template/loaders/cached.py", line 57, in get_template
    template = super().get_template(template_name, skip)
  File "/data/data/com.termux/files/usr/lib/python3.13/site-packages/django/template/loaders/base.py", line 28, in get_template
    return Template(
        contents,
    ...<2 lines>...
        self.engine,
    )
  File "/data/data/com.termux/files/usr/lib/python3.13/site-packages/django/template/base.py", line 155, in __init__
    self.nodelist = self.compile_nodelist()
                    ~~~~~~~~~~~~~~~~~~~~~^^
  File "/data/data/com.termux/files/usr/lib/python3.13/site-packages/django/template/base.py", line 197, in compile_nodelist
    nodelist = parser.parse()
  File "/data/data/com.termux/files/usr/lib/python3.13/site-packages/django/template/base.py", line 519, in parse
    raise self.error(token, e)
  File "/data/data/com.termux/files/usr/lib/python3.13/site-packages/django/template/base.py", line 517, in parse
    compiled_result = compile_func(self, token)
  File "/data/data/com.termux/files/usr/lib/python3.13/site-packages/django/template/loader_tags.py", line 299, in do_extends
    nodelist = parser.parse()
  File "/data/data/com.termux/files/usr/lib/python3.13/site-packages/django/template/base.py", line 519, in parse
    raise self.error(token, e)
  File "/data/data/com.termux/files/usr/lib/python3.13/site-packages/django/template/base.py", line 517, in parse
    compiled_result = compile_func(self, token)
  File "/data/data/com.termux/files/usr/lib/python3.13/site-packages/django/template/loader_tags.py", line 234, in do_block
    nodelist = parser.parse(("endblock",))
  File "/data/data/com.termux/files/usr/lib/python3.13/site-packages/django/template/base.py", line 519, in parse
    raise self.error(token, e)
  File "/data/data/com.termux/files/usr/lib/python3.13/site-packages/django/template/base.py", line 517, in parse
    compiled_result = compile_func(self, token)
  File "/data/data/com.termux/files/usr/lib/python3.13/site-packages/django/template/defaulttags.py", line 976, in do_if
    nodelist = parser.parse(("endif",))
  File "/data/data/com.termux/files/usr/lib/python3.13/site-packages/django/template/base.py", line 490, in parse
    raise self.error(token, e)
  File "/data/data/com.termux/files/usr/lib/python3.13/site-packages/django/template/base.py", line 488, in parse
    filter_expression = self.compile_filter(token.contents)
  File "/data/data/com.termux/files/usr/lib/python3.13/site-packages/django/template/base.py", line 610, in compile_filter
    return FilterExpression(token, self)
  File "/data/data/com.termux/files/usr/lib/python3.13/site-packages/django/template/base.py", line 706, in __init__
    filter_func = parser.find_filter(filter_name)
  File "/data/data/com.termux/files/usr/lib/python3.13/site-packages/django/template/base.py", line 616, in find_filter
    raise TemplateSyntaxError("Invalid filter: '%s'" % filter_name)
django.template.exceptions.TemplateSyntaxError: Invalid filter: 'sub'
ERROR 2026-07-18 00:32:15,402 log Internal Server Error: /accounts/profit-loss/
Traceback (most recent call last):
  File "/data/data/com.termux/files/usr/lib/python3.13/site-packages/django/core/handlers/exception.py", line 55, in inner
    response = get_response(request)
  File "/data/data/com.termux/files/usr/lib/python3.13/site-packages/django/core/handlers/base.py", line 197, in _get_response
    response = wrapped_callback(request, *callback_args, **callback_kwargs)
  File "/data/data/com.termux/files/usr/lib/python3.13/site-packages/django/contrib/auth/decorators.py", line 59, in _view_wrapper
    return view_func(request, *args, **kwargs)
  File "/storage/emulated/0/django/P1/app/views_frontend.py", line 25079, in profit_loss_statement
    return render(request, 'accounts/profit_loss.html', context)
  File "/data/data/com.termux/files/usr/lib/python3.13/site-packages/django/shortcuts.py", line 25, in render
    content = loader.render_to_string(template_name, context, request, using=using)
  File "/data/data/com.termux/files/usr/lib/python3.13/site-packages/django/template/loader.py", line 61, in render_to_string
    template = get_template(template_name, using=using)
  File "/data/data/com.termux/files/usr/lib/python3.13/site-packages/django/template/loader.py", line 19, in get_template
    raise TemplateDoesNotExist(template_name, chain=chain)
django.template.exceptions.TemplateDoesNotExist: accounts/profit_loss.html
ERROR 2026-07-18 00:32:18,574 log Internal Server Error: /accounts/periods/
Traceback (most recent call last):
  File "/data/data/com.termux/files/usr/lib/python3.13/site-packages/django/core/handlers/exception.py", line 55, in inner
    response = get_response(request)
  File "/data/data/com.termux/files/usr/lib/python3.13/site-packages/django/core/handlers/base.py", line 197, in _get_response
    response = wrapped_callback(request, *callback_args, **callback_kwargs)
  File "/data/data/com.termux/files/usr/lib/python3.13/site-packages/django/contrib/auth/decorators.py", line 59, in _view_wrapper
    return view_func(request, *args, **kwargs)
  File "/storage/emulated/0/django/P1/app/views_frontend.py", line 25190, in financial_periods
    return render(request, 'accounts/periods.html', context)
  File "/data/data/com.termux/files/usr/lib/python3.13/site-packages/django/shortcuts.py", line 25, in render
    content = loader.render_to_string(template_name, context, request, using=using)
  File "/data/data/com.termux/files/usr/lib/python3.13/site-packages/django/template/loader.py", line 61, in render_to_string
    template = get_template(template_name, using=using)
  File "/data/data/com.termux/files/usr/lib/python3.13/site-packages/django/template/loader.py", line 19, in get_template
    raise TemplateDoesNotExist(template_name, chain=chain)
django.template.exceptions.TemplateDoesNotExist: accounts/periods.html
ERROR 2026-07-18 00:32:23,035 log Internal Server Error: /accounts/chart/create/
Traceback (most recent call last):
  File "/data/data/com.termux/files/usr/lib/python3.13/site-packages/django/core/handlers/exception.py", line 55, in inner
    response = get_response(request)
  File "/data/data/com.termux/files/usr/lib/python3.13/site-packages/django/core/handlers/base.py", line 197, in _get_response
    response = wrapped_callback(request, *callback_args, **callback_kwargs)
  File "/data/data/com.termux/files/usr/lib/python3.13/site-packages/django/contrib/auth/decorators.py", line 59, in _view_wrapper
    return view_func(request, *args, **kwargs)
  File "/storage/emulated/0/django/P1/app/views_frontend.py", line 24317, in account_create
    return render(request, 'accounts/account_create.html', context)
  File "/data/data/com.termux/files/usr/lib/python3.13/site-packages/django/shortcuts.py", line 25, in render
    content = loader.render_to_string(template_name, context, request, using=using)
  File "/data/data/com.termux/files/usr/lib/python3.13/site-packages/django/template/loader.py", line 61, in render_to_string
    template = get_template(template_name, using=using)
  File "/data/data/com.termux/files/usr/lib/python3.13/site-packages/django/template/loader.py", line 19, in get_template
    raise TemplateDoesNotExist(template_name, chain=chain)
django.template.exceptions.TemplateDoesNotExist: accounts/account_create.html
ERROR 2026-07-18 00:38:25,395 log Internal Server Error: /accounts/periods/create/
Traceback (most recent call last):
  File "/data/data/com.termux/files/usr/lib/python3.13/site-packages/django/core/handlers/exception.py", line 55, in inner
    response = get_response(request)
  File "/data/data/com.termux/files/usr/lib/python3.13/site-packages/django/core/handlers/base.py", line 197, in _get_response
    response = wrapped_callback(request, *callback_args, **callback_kwargs)
  File "/data/data/com.termux/files/usr/lib/python3.13/site-packages/django/contrib/auth/decorators.py", line 59, in _view_wrapper
    return view_func(request, *args, **kwargs)
  File "/storage/emulated/0/django/P1/app/views_frontend.py", line 25242, in financial_period_create
    return render(request, 'accounts/period_create.html', context)
  File "/data/data/com.termux/files/usr/lib/python3.13/site-packages/django/shortcuts.py", line 25, in render
    content = loader.render_to_string(template_name, context, request, using=using)
  File "/data/data/com.termux/files/usr/lib/python3.13/site-packages/django/template/loader.py", line 61, in render_to_string
    template = get_template(template_name, using=using)
  File "/data/data/com.termux/files/usr/lib/python3.13/site-packages/django/template/loader.py", line 19, in get_template
    raise TemplateDoesNotExist(template_name, chain=chain)
django.template.exceptions.TemplateDoesNotExist: accounts/period_create.html
ERROR 2026-07-18 00:38:44,017 log Internal Server Error: /accounts/ledger/
Traceback (most recent call last):
  File "/data/data/com.termux/files/usr/lib/python3.13/site-packages/django/core/handlers/exception.py", line 55, in inner
    response = get_response(request)
  File "/data/data/com.termux/files/usr/lib/python3.13/site-packages/django/core/handlers/base.py", line 197, in _get_response
    response = wrapped_callback(request, *callback_args, **callback_kwargs)
  File "/data/data/com.termux/files/usr/lib/python3.13/site-packages/django/contrib/auth/decorators.py", line 59, in _view_wrapper
    return view_func(request, *args, **kwargs)
  File "/storage/emulated/0/django/P1/app/views_frontend.py", line 24557, in general_ledger
    return render(request, 'accounts/general_ledger.html', context)
  File "/data/data/com.termux/files/usr/lib/python3.13/site-packages/django/shortcuts.py", line 25, in render
    content = loader.render_to_string(template_name, context, request, using=using)
  File "/data/data/com.termux/files/usr/lib/python3.13/site-packages/django/template/loader.py", line 61, in render_to_string
    template = get_template(template_name, using=using)
  File "/data/data/com.termux/files/usr/lib/python3.13/site-packages/django/template/loader.py", line 19, in get_template
    raise TemplateDoesNotExist(template_name, chain=chain)
django.template.exceptions.TemplateDoesNotExist: accounts/general_ledger.html
ERROR 2026-07-18 00:38:48,248 log Internal Server Error: /accounts/trial-balance/
Traceback (most recent call last):
  File "/data/data/com.termux/files/usr/lib/python3.13/site-packages/django/core/handlers/exception.py", line 55, in inner
    response = get_response(request)
  File "/data/data/com.termux/files/usr/lib/python3.13/site-packages/django/core/handlers/base.py", line 197, in _get_response
    response = wrapped_callback(request, *callback_args, **callback_kwargs)
  File "/data/data/com.termux/files/usr/lib/python3.13/site-packages/django/contrib/auth/decorators.py", line 59, in _view_wrapper
    return view_func(request, *args, **kwargs)
  File "/storage/emulated/0/django/P1/app/views_frontend.py", line 24645, in trial_balance
    return render(request, 'accounts/trial_balance.html', context)
  File "/data/data/com.termux/files/usr/lib/python3.13/site-packages/django/shortcuts.py", line 25, in render
    content = loader.render_to_string(template_name, context, request, using=using)
  File "/data/data/com.termux/files/usr/lib/python3.13/site-packages/django/template/loader.py", line 61, in render_to_string
    template = get_template(template_name, using=using)
  File "/data/data/com.termux/files/usr/lib/python3.13/site-packages/django/template/loader.py", line 15, in get_template
    return engine.get_template(template_name)
           ~~~~~~~~~~~~~~~~~~~^^^^^^^^^^^^^^^
  File "/data/data/com.termux/files/usr/lib/python3.13/site-packages/django/template/backends/django.py", line 79, in get_template
    return Template(self.engine.get_template(template_name), self)
                    ~~~~~~~~~~~~~~~~~~~~~~~~^^^^^^^^^^^^^^^
  File "/data/data/com.termux/files/usr/lib/python3.13/site-packages/django/template/engine.py", line 177, in get_template
    template, origin = self.find_template(template_name)
                       ~~~~~~~~~~~~~~~~~~^^^^^^^^^^^^^^^
  File "/data/data/com.termux/files/usr/lib/python3.13/site-packages/django/template/engine.py", line 159, in find_template
    template = loader.get_template(name, skip=skip)
  File "/data/data/com.termux/files/usr/lib/python3.13/site-packages/django/template/loaders/cached.py", line 57, in get_template
    template = super().get_template(template_name, skip)
  File "/data/data/com.termux/files/usr/lib/python3.13/site-packages/django/template/loaders/base.py", line 28, in get_template
    return Template(
        contents,
    ...<2 lines>...
        self.engine,
    )
  File "/data/data/com.termux/files/usr/lib/python3.13/site-packages/django/template/base.py", line 155, in __init__
    self.nodelist = self.compile_nodelist()
                    ~~~~~~~~~~~~~~~~~~~~~^^
  File "/data/data/com.termux/files/usr/lib/python3.13/site-packages/django/template/base.py", line 197, in compile_nodelist
    nodelist = parser.parse()
  File "/data/data/com.termux/files/usr/lib/python3.13/site-packages/django/template/base.py", line 519, in parse
    raise self.error(token, e)
  File "/data/data/com.termux/files/usr/lib/python3.13/site-packages/django/template/base.py", line 517, in parse
    compiled_result = compile_func(self, token)
  File "/data/data/com.termux/files/usr/lib/python3.13/site-packages/django/template/loader_tags.py", line 299, in do_extends
    nodelist = parser.parse()
  File "/data/data/com.termux/files/usr/lib/python3.13/site-packages/django/template/base.py", line 519, in parse
    raise self.error(token, e)
  File "/data/data/com.termux/files/usr/lib/python3.13/site-packages/django/template/base.py", line 517, in parse
    compiled_result = compile_func(self, token)
  File "/data/data/com.termux/files/usr/lib/python3.13/site-packages/django/template/loader_tags.py", line 234, in do_block
    nodelist = parser.parse(("endblock",))
  File "/data/data/com.termux/files/usr/lib/python3.13/site-packages/django/template/base.py", line 519, in parse
    raise self.error(token, e)
  File "/data/data/com.termux/files/usr/lib/python3.13/site-packages/django/template/base.py", line 517, in parse
    compiled_result = compile_func(self, token)
  File "/data/data/com.termux/files/usr/lib/python3.13/site-packages/django/template/defaulttags.py", line 976, in do_if
    nodelist = parser.parse(("endif",))
  File "/data/data/com.termux/files/usr/lib/python3.13/site-packages/django/template/base.py", line 490, in parse
    raise self.error(token, e)
  File "/data/data/com.termux/files/usr/lib/python3.13/site-packages/django/template/base.py", line 488, in parse
    filter_expression = self.compile_filter(token.contents)
  File "/data/data/com.termux/files/usr/lib/python3.13/site-packages/django/template/base.py", line 610, in compile_filter
    return FilterExpression(token, self)
  File "/data/data/com.termux/files/usr/lib/python3.13/site-packages/django/template/base.py", line 706, in __init__
    filter_func = parser.find_filter(filter_name)
  File "/data/data/com.termux/files/usr/lib/python3.13/site-packages/django/template/base.py", line 616, in find_filter
    raise TemplateSyntaxError("Invalid filter: '%s'" % filter_name)
django.template.exceptions.TemplateSyntaxError: Invalid filter: 'sub'
ERROR 2026-07-18 00:38:50,461 log Internal Server Error: /accounts/ledger/
Traceback (most recent call last):
  File "/data/data/com.termux/files/usr/lib/python3.13/site-packages/django/core/handlers/exception.py", line 55, in inner
    response = get_response(request)
  File "/data/data/com.termux/files/usr/lib/python3.13/site-packages/django/core/handlers/base.py", line 197, in _get_response
    response = wrapped_callback(request, *callback_args, **callback_kwargs)
  File "/data/data/com.termux/files/usr/lib/python3.13/site-packages/django/contrib/auth/decorators.py", line 59, in _view_wrapper
    return view_func(request, *args, **kwargs)
  File "/storage/emulated/0/django/P1/app/views_frontend.py", line 24557, in general_ledger
    return render(request, 'accounts/general_ledger.html', context)
  File "/data/data/com.termux/files/usr/lib/python3.13/site-packages/django/shortcuts.py", line 25, in render
    content = loader.render_to_string(template_name, context, request, using=using)
  File "/data/data/com.termux/files/usr/lib/python3.13/site-packages/django/template/loader.py", line 61, in render_to_string
    template = get_template(template_name, using=using)
  File "/data/data/com.termux/files/usr/lib/python3.13/site-packages/django/template/loader.py", line 19, in get_template
    raise TemplateDoesNotExist(template_name, chain=chain)
django.template.exceptions.TemplateDoesNotExist: accounts/general_ledger.html
ERROR 2026-07-18 00:38:55,962 log Internal Server Error: /accounts/balance-sheet/
Traceback (most recent call last):
  File "/data/data/com.termux/files/usr/lib/python3.13/site-packages/django/core/handlers/exception.py", line 55, in inner
    response = get_response(request)
  File "/data/data/com.termux/files/usr/lib/python3.13/site-packages/django/core/handlers/base.py", line 197, in _get_response
    response = wrapped_callback(request, *callback_args, **callback_kwargs)
  File "/data/data/com.termux/files/usr/lib/python3.13/site-packages/django/contrib/auth/decorators.py", line 59, in _view_wrapper
    return view_func(request, *args, **kwargs)
  File "/storage/emulated/0/django/P1/app/views_frontend.py", line 24711, in balance_sheet
    return render(request, 'accounts/balance_sheet.html', context)
  File "/data/data/com.termux/files/usr/lib/python3.13/site-packages/django/shortcuts.py", line 25, in render
    content = loader.render_to_string(template_name, context, request, using=using)
  File "/data/data/com.termux/files/usr/lib/python3.13/site-packages/django/template/loader.py", line 61, in render_to_string
    template = get_template(template_name, using=using)
  File "/data/data/com.termux/files/usr/lib/python3.13/site-packages/django/template/loader.py", line 15, in get_template
    return engine.get_template(template_name)
           ~~~~~~~~~~~~~~~~~~~^^^^^^^^^^^^^^^
  File "/data/data/com.termux/files/usr/lib/python3.13/site-packages/django/template/backends/django.py", line 79, in get_template
    return Template(self.engine.get_template(template_name), self)
                    ~~~~~~~~~~~~~~~~~~~~~~~~^^^^^^^^^^^^^^^
  File "/data/data/com.termux/files/usr/lib/python3.13/site-packages/django/template/engine.py", line 177, in get_template
    template, origin = self.find_template(template_name)
                       ~~~~~~~~~~~~~~~~~~^^^^^^^^^^^^^^^
  File "/data/data/com.termux/files/usr/lib/python3.13/site-packages/django/template/engine.py", line 159, in find_template
    template = loader.get_template(name, skip=skip)
  File "/data/data/com.termux/files/usr/lib/python3.13/site-packages/django/template/loaders/cached.py", line 57, in get_template
    template = super().get_template(template_name, skip)
  File "/data/data/com.termux/files/usr/lib/python3.13/site-packages/django/template/loaders/base.py", line 28, in get_template
    return Template(
        contents,
    ...<2 lines>...
        self.engine,
    )
  File "/data/data/com.termux/files/usr/lib/python3.13/site-packages/django/template/base.py", line 155, in __init__
    self.nodelist = self.compile_nodelist()
                    ~~~~~~~~~~~~~~~~~~~~~^^
  File "/data/data/com.termux/files/usr/lib/python3.13/site-packages/django/template/base.py", line 197, in compile_nodelist
    nodelist = parser.parse()
  File "/data/data/com.termux/files/usr/lib/python3.13/site-packages/django/template/base.py", line 519, in parse
    raise self.error(token, e)
  File "/data/data/com.termux/files/usr/lib/python3.13/site-packages/django/template/base.py", line 517, in parse
    compiled_result = compile_func(self, token)
  File "/data/data/com.termux/files/usr/lib/python3.13/site-packages/django/template/loader_tags.py", line 299, in do_extends
    nodelist = parser.parse()
  File "/data/data/com.termux/files/usr/lib/python3.13/site-packages/django/template/base.py", line 519, in parse
    raise self.error(token, e)
  File "/data/data/com.termux/files/usr/lib/python3.13/site-packages/django/template/base.py", line 517, in parse
    compiled_result = compile_func(self, token)
  File "/data/data/com.termux/files/usr/lib/python3.13/site-packages/django/template/loader_tags.py", line 234, in do_block
    nodelist = parser.parse(("endblock",))
  File "/data/data/com.termux/files/usr/lib/python3.13/site-packages/django/template/base.py", line 519, in parse
    raise self.error(token, e)
  File "/data/data/com.termux/files/usr/lib/python3.13/site-packages/django/template/base.py", line 517, in parse
    compiled_result = compile_func(self, token)
  File "/data/data/com.termux/files/usr/lib/python3.13/site-packages/django/template/defaulttags.py", line 976, in do_if
    nodelist = parser.parse(("endif",))
  File "/data/data/com.termux/files/usr/lib/python3.13/site-packages/django/template/base.py", line 490, in parse
    raise self.error(token, e)
  File "/data/data/com.termux/files/usr/lib/python3.13/site-packages/django/template/base.py", line 488, in parse
    filter_expression = self.compile_filter(token.contents)
  File "/data/data/com.termux/files/usr/lib/python3.13/site-packages/django/template/base.py", line 610, in compile_filter
    return FilterExpression(token, self)
  File "/data/data/com.termux/files/usr/lib/python3.13/site-packages/django/template/base.py", line 706, in __init__
    filter_func = parser.find_filter(filter_name)
  File "/data/data/com.termux/files/usr/lib/python3.13/site-packages/django/template/base.py", line 616, in find_filter
    raise TemplateSyntaxError("Invalid filter: '%s'" % filter_name)
django.template.exceptions.TemplateSyntaxError: Invalid filter: 'sub'
ERROR 2026-07-18 00:39:04,022 log Internal Server Error: /accounts/cash-flow/
Traceback (most recent call last):
  File "/data/data/com.termux/files/usr/lib/python3.13/site-packages/django/core/handlers/exception.py", line 55, in inner
    response = get_response(request)
  File "/data/data/com.termux/files/usr/lib/python3.13/site-packages/django/core/handlers/base.py", line 197, in _get_response
    response = wrapped_callback(request, *callback_args, **callback_kwargs)
  File "/data/data/com.termux/files/usr/lib/python3.13/site-packages/django/contrib/auth/decorators.py", line 59, in _view_wrapper
    return view_func(request, *args, **kwargs)
  File "/storage/emulated/0/django/P1/app/views_frontend.py", line 25144, in cash_flow_statement
    return render(request, 'accounts/cash_flow.html', context)
  File "/data/data/com.termux/files/usr/lib/python3.13/site-packages/django/shortcuts.py", line 25, in render
    content = loader.render_to_string(template_name, context, request, using=using)
  File "/data/data/com.termux/files/usr/lib/python3.13/site-packages/django/template/loader.py", line 61, in render_to_string
    template = get_template(template_name, using=using)
  File "/data/data/com.termux/files/usr/lib/python3.13/site-packages/django/template/loader.py", line 19, in get_template
    raise TemplateDoesNotExist(template_name, chain=chain)
django.template.exceptions.TemplateDoesNotExist: accounts/cash_flow.html
ERROR 2026-07-18 00:39:33,617 log Internal Server Error: /accounts/cash-flow/
Traceback (most recent call last):
  File "/data/data/com.termux/files/usr/lib/python3.13/site-packages/django/core/handlers/exception.py", line 55, in inner
    response = get_response(request)
  File "/data/data/com.termux/files/usr/lib/python3.13/site-packages/django/core/handlers/base.py", line 197, in _get_response
    response = wrapped_callback(request, *callback_args, **callback_kwargs)
  File "/data/data/com.termux/files/usr/lib/python3.13/site-packages/django/contrib/auth/decorators.py", line 59, in _view_wrapper
    return view_func(request, *args, **kwargs)
  File "/storage/emulated/0/django/P1/app/views_frontend.py", line 25144, in cash_flow_statement
    return render(request, 'accounts/cash_flow.html', context)
  File "/data/data/com.termux/files/usr/lib/python3.13/site-packages/django/shortcuts.py", line 25, in render
    content = loader.render_to_string(template_name, context, request, using=using)
  File "/data/data/com.termux/files/usr/lib/python3.13/site-packages/django/template/loader.py", line 61, in render_to_string
    template = get_template(template_name, using=using)
  File "/data/data/com.termux/files/usr/lib/python3.13/site-packages/django/template/loader.py", line 19, in get_template
    raise TemplateDoesNotExist(template_name, chain=chain)
django.template.exceptions.TemplateDoesNotExist: accounts/cash_flow.html
ERROR 2026-07-18 00:42:59,954 log Internal Server Error: /accounts/balance-sheet/
Traceback (most recent call last):
  File "/data/data/com.termux/files/usr/lib/python3.13/site-packages/django/core/handlers/exception.py", line 55, in inner
    response = get_response(request)
  File "/data/data/com.termux/files/usr/lib/python3.13/site-packages/django/core/handlers/base.py", line 197, in _get_response
    response = wrapped_callback(request, *callback_args, **callback_kwargs)
  File "/data/data/com.termux/files/usr/lib/python3.13/site-packages/django/contrib/auth/decorators.py", line 59, in _view_wrapper
    return view_func(request, *args, **kwargs)
  File "/storage/emulated/0/django/P1/app/views_frontend.py", line 24711, in balance_sheet
    return render(request, 'accounts/balance_sheet.html', context)
  File "/data/data/com.termux/files/usr/lib/python3.13/site-packages/django/shortcuts.py", line 25, in render
    content = loader.render_to_string(template_name, context, request, using=using)
  File "/data/data/com.termux/files/usr/lib/python3.13/site-packages/django/template/loader.py", line 61, in render_to_string
    template = get_template(template_name, using=using)
  File "/data/data/com.termux/files/usr/lib/python3.13/site-packages/django/template/loader.py", line 15, in get_template
    return engine.get_template(template_name)
           ~~~~~~~~~~~~~~~~~~~^^^^^^^^^^^^^^^
  File "/data/data/com.termux/files/usr/lib/python3.13/site-packages/django/template/backends/django.py", line 79, in get_template
    return Template(self.engine.get_template(template_name), self)
                    ~~~~~~~~~~~~~~~~~~~~~~~~^^^^^^^^^^^^^^^
  File "/data/data/com.termux/files/usr/lib/python3.13/site-packages/django/template/engine.py", line 177, in get_template
    template, origin = self.find_template(template_name)
                       ~~~~~~~~~~~~~~~~~~^^^^^^^^^^^^^^^
  File "/data/data/com.termux/files/usr/lib/python3.13/site-packages/django/template/engine.py", line 159, in find_template
    template = loader.get_template(name, skip=skip)
  File "/data/data/com.termux/files/usr/lib/python3.13/site-packages/django/template/loaders/cached.py", line 57, in get_template
    template = super().get_template(template_name, skip)
  File "/data/data/com.termux/files/usr/lib/python3.13/site-packages/django/template/loaders/base.py", line 28, in get_template
    return Template(
        contents,
    ...<2 lines>...
        self.engine,
    )
  File "/data/data/com.termux/files/usr/lib/python3.13/site-packages/django/template/base.py", line 155, in __init__
    self.nodelist = self.compile_nodelist()
                    ~~~~~~~~~~~~~~~~~~~~~^^
  File "/data/data/com.termux/files/usr/lib/python3.13/site-packages/django/template/base.py", line 197, in compile_nodelist
    nodelist = parser.parse()
  File "/data/data/com.termux/files/usr/lib/python3.13/site-packages/django/template/base.py", line 519, in parse
    raise self.error(token, e)
  File "/data/data/com.termux/files/usr/lib/python3.13/site-packages/django/template/base.py", line 517, in parse
    compiled_result = compile_func(self, token)
  File "/data/data/com.termux/files/usr/lib/python3.13/site-packages/django/template/loader_tags.py", line 299, in do_extends
    nodelist = parser.parse()
  File "/data/data/com.termux/files/usr/lib/python3.13/site-packages/django/template/base.py", line 519, in parse
    raise self.error(token, e)
  File "/data/data/com.termux/files/usr/lib/python3.13/site-packages/django/template/base.py", line 517, in parse
    compiled_result = compile_func(self, token)
  File "/data/data/com.termux/files/usr/lib/python3.13/site-packages/django/template/loader_tags.py", line 234, in do_block
    nodelist = parser.parse(("endblock",))
  File "/data/data/com.termux/files/usr/lib/python3.13/site-packages/django/template/base.py", line 519, in parse
    raise self.error(token, e)
  File "/data/data/com.termux/files/usr/lib/python3.13/site-packages/django/template/base.py", line 517, in parse
    compiled_result = compile_func(self, token)
  File "/data/data/com.termux/files/usr/lib/python3.13/site-packages/django/template/defaulttags.py", line 976, in do_if
    nodelist = parser.parse(("endif",))
  File "/data/data/com.termux/files/usr/lib/python3.13/site-packages/django/template/base.py", line 490, in parse
    raise self.error(token, e)
  File "/data/data/com.termux/files/usr/lib/python3.13/site-packages/django/template/base.py", line 488, in parse
    filter_expression = self.compile_filter(token.contents)
  File "/data/data/com.termux/files/usr/lib/python3.13/site-packages/django/template/base.py", line 610, in compile_filter
    return FilterExpression(token, self)
  File "/data/data/com.termux/files/usr/lib/python3.13/site-packages/django/template/base.py", line 706, in __init__
    filter_func = parser.find_filter(filter_name)
  File "/data/data/com.termux/files/usr/lib/python3.13/site-packages/django/template/base.py", line 616, in find_filter
    raise TemplateSyntaxError("Invalid filter: '%s'" % filter_name)
django.template.exceptions.TemplateSyntaxError: Invalid filter: 'sub'
ERROR 2026-07-18 00:44:42,482 log Internal Server Error: /accounts/periods/create/
Traceback (most recent call last):
  File "/data/data/com.termux/files/usr/lib/python3.13/site-packages/django/core/handlers/exception.py", line 55, in inner
    response = get_response(request)
  File "/data/data/com.termux/files/usr/lib/python3.13/site-packages/django/core/handlers/base.py", line 197, in _get_response
    response = wrapped_callback(request, *callback_args, **callback_kwargs)
  File "/data/data/com.termux/files/usr/lib/python3.13/site-packages/django/contrib/auth/decorators.py", line 59, in _view_wrapper
    return view_func(request, *args, **kwargs)
  File "/storage/emulated/0/django/P1/app/views_frontend.py", line 25242, in financial_period_create
    return render(request, 'accounts/period_create.html', context)
  File "/data/data/com.termux/files/usr/lib/python3.13/site-packages/django/shortcuts.py", line 25, in render
    content = loader.render_to_string(template_name, context, request, using=using)
  File "/data/data/com.termux/files/usr/lib/python3.13/site-packages/django/template/loader.py", line 61, in render_to_string
    template = get_template(template_name, using=using)
  File "/data/data/com.termux/files/usr/lib/python3.13/site-packages/django/template/loader.py", line 19, in get_template
    raise TemplateDoesNotExist(template_name, chain=chain)
django.template.exceptions.TemplateDoesNotExist: accounts/period_create.html
ERROR 2026-07-18 00:45:08,417 log Internal Server Error: /accounts/reports/
Traceback (most recent call last):
  File "/data/data/com.termux/files/usr/lib/python3.13/site-packages/django/core/handlers/exception.py", line 55, in inner
    response = get_response(request)
  File "/data/data/com.termux/files/usr/lib/python3.13/site-packages/django/core/handlers/base.py", line 197, in _get_response
    response = wrapped_callback(request, *callback_args, **callback_kwargs)
  File "/data/data/com.termux/files/usr/lib/python3.13/site-packages/django/contrib/auth/decorators.py", line 59, in _view_wrapper
    return view_func(request, *args, **kwargs)
  File "/storage/emulated/0/django/P1/app/views_frontend.py", line 25343, in accounts_reports
    return render(request, 'accounts/reports.html', context)
  File "/data/data/com.termux/files/usr/lib/python3.13/site-packages/django/shortcuts.py", line 25, in render
    content = loader.render_to_string(template_name, context, request, using=using)
  File "/data/data/com.termux/files/usr/lib/python3.13/site-packages/django/template/loader.py", line 61, in render_to_string
    template = get_template(template_name, using=using)
  File "/data/data/com.termux/files/usr/lib/python3.13/site-packages/django/template/loader.py", line 19, in get_template
    raise TemplateDoesNotExist(template_name, chain=chain)
django.template.exceptions.TemplateDoesNotExist: accounts/reports.html
ERROR 2026-07-18 00:45:11,390 log Internal Server Error: /accounts/reports/export/
Traceback (most recent call last):
  File "/data/data/com.termux/files/usr/lib/python3.13/site-packages/django/core/handlers/exception.py", line 55, in inner
    response = get_response(request)
  File "/data/data/com.termux/files/usr/lib/python3.13/site-packages/django/core/handlers/base.py", line 197, in _get_response
    response = wrapped_callback(request, *callback_args, **callback_kwargs)
  File "/data/data/com.termux/files/usr/lib/python3.13/site-packages/django/contrib/auth/decorators.py", line 59, in _view_wrapper
    return view_func(request, *args, **kwargs)
  File "/storage/emulated/0/django/P1/app/views_frontend.py", line 25413, in export_accounts_report
    column_letter = column[0].column_letter
                    ^^^^^^^^^^^^^^^^^^^^^^^
AttributeError: 'MergedCell' object has no attribute 'column_letter'
ERROR 2026-07-18 00:49:50,818 log Internal Server Error: /accounts/reports/export/
Traceback (most recent call last):
  File "/data/data/com.termux/files/usr/lib/python3.13/site-packages/django/core/handlers/exception.py", line 55, in inner
    response = get_response(request)
  File "/data/data/com.termux/files/usr/lib/python3.13/site-packages/django/core/handlers/base.py", line 197, in _get_response
    response = wrapped_callback(request, *callback_args, **callback_kwargs)
  File "/data/data/com.termux/files/usr/lib/python3.13/site-packages/django/contrib/auth/decorators.py", line 59, in _view_wrapper
    return view_func(request, *args, **kwargs)
  File "/storage/emulated/0/django/P1/app/views_frontend.py", line 25413, in export_accounts_report
    column_letter = column[0].column_letter
                    ^^^^^^^^^^^^^^^^^^^^^^^
AttributeError: 'MergedCell' object has no attribute 'column_letter'
ERROR 2026-07-18 00:51:15,444 log Internal Server Error: /accounts/reports/export/
Traceback (most recent call last):
  File "/data/data/com.termux/files/usr/lib/python3.13/site-packages/django/core/handlers/exception.py", line 55, in inner
    response = get_response(request)
  File "/data/data/com.termux/files/usr/lib/python3.13/site-packages/django/core/handlers/base.py", line 197, in _get_response
    response = wrapped_callback(request, *callback_args, **callback_kwargs)
  File "/data/data/com.termux/files/usr/lib/python3.13/site-packages/django/contrib/auth/decorators.py", line 59, in _view_wrapper
    return view_func(request, *args, **kwargs)
  File "/storage/emulated/0/django/P1/app/views_frontend.py", line 25413, in export_accounts_report
    column_letter = column[0].column_letter
                    ^^^^^^^^^^^^^^^^^^^^^^^
AttributeError: 'MergedCell' object has no attribute 'column_letter'
ERROR 2026-07-18 00:51:18,375 log Internal Server Error: /accounts/reports/export/
Traceback (most recent call last):
  File "/data/data/com.termux/files/usr/lib/python3.13/site-packages/django/core/handlers/exception.py", line 55, in inner
    response = get_response(request)
  File "/data/data/com.termux/files/usr/lib/python3.13/site-packages/django/core/handlers/base.py", line 197, in _get_response
    response = wrapped_callback(request, *callback_args, **callback_kwargs)
  File "/data/data/com.termux/files/usr/lib/python3.13/site-packages/django/contrib/auth/decorators.py", line 59, in _view_wrapper
    return view_func(request, *args, **kwargs)
  File "/storage/emulated/0/django/P1/app/views_frontend.py", line 25413, in export_accounts_report
    column_letter = column[0].column_letter
                    ^^^^^^^^^^^^^^^^^^^^^^^
AttributeError: 'MergedCell' object has no attribute 'column_letter'
ERROR 2026-07-18 00:51:35,975 log Internal Server Error: /accounts/reports/export/
Traceback (most recent call last):
  File "/data/data/com.termux/files/usr/lib/python3.13/site-packages/django/core/handlers/exception.py", line 55, in inner
    response = get_response(request)
  File "/data/data/com.termux/files/usr/lib/python3.13/site-packages/django/core/handlers/base.py", line 197, in _get_response
    response = wrapped_callback(request, *callback_args, **callback_kwargs)
  File "/data/data/com.termux/files/usr/lib/python3.13/site-packages/django/contrib/auth/decorators.py", line 59, in _view_wrapper
    return view_func(request, *args, **kwargs)
  File "/storage/emulated/0/django/P1/app/views_frontend.py", line 25413, in export_accounts_report
    column_letter = column[0].column_letter
                    ^^^^^^^^^^^^^^^^^^^^^^^
AttributeError: 'MergedCell' object has no attribute 'column_letter'
ERROR 2026-07-18 00:52:12,521 log Internal Server Error: /accounts/reports/export/
Traceback (most recent call last):
  File "/data/data/com.termux/files/usr/lib/python3.13/site-packages/django/core/handlers/exception.py", line 55, in inner
    response = get_response(request)
  File "/data/data/com.termux/files/usr/lib/python3.13/site-packages/django/core/handlers/base.py", line 197, in _get_response
    response = wrapped_callback(request, *callback_args, **callback_kwargs)
  File "/data/data/com.termux/files/usr/lib/python3.13/site-packages/django/contrib/auth/decorators.py", line 59, in _view_wrapper
    return view_func(request, *args, **kwargs)
  File "/storage/emulated/0/django/P1/app/views_frontend.py", line 25413, in export_accounts_report
    column_letter = column[0].column_letter
                    ^^^^^^^^^^^^^^^^^^^^^^^
AttributeError: 'MergedCell' object has no attribute 'column_letter'
ERROR 2026-07-18 00:52:20,588 log Internal Server Error: /accounts/reports/export/
Traceback (most recent call last):
  File "/data/data/com.termux/files/usr/lib/python3.13/site-packages/django/core/handlers/exception.py", line 55, in inner
    response = get_response(request)
  File "/data/data/com.termux/files/usr/lib/python3.13/site-packages/django/core/handlers/base.py", line 197, in _get_response
    response = wrapped_callback(request, *callback_args, **callback_kwargs)
  File "/data/data/com.termux/files/usr/lib/python3.13/site-packages/django/contrib/auth/decorators.py", line 59, in _view_wrapper
    return view_func(request, *args, **kwargs)
  File "/storage/emulated/0/django/P1/app/views_frontend.py", line 25413, in export_accounts_report
    column_letter = column[0].column_letter
                    ^^^^^^^^^^^^^^^^^^^^^^^
AttributeError: 'MergedCell' object has no attribute 'column_letter'
INFO 2026-07-18 00:54:05,941 autoreload /storage/emulated/0/django/P1/app/views_frontend.py changed, reloading.
INFO 2026-07-18 00:54:16,280 apps AXES: BEGIN version 8.3.1, blocking by ip_address
INFO 2026-07-18 00:54:16,531 autoreload Watching for file changes with StatReloader
INFO 2026-07-19 07:58:42,239 apps AXES: BEGIN version 8.3.1, blocking by ip_address
INFO 2026-07-19 07:58:48,279 apps AXES: BEGIN version 8.3.1, blocking by ip_address
INFO 2026-07-19 07:58:48,369 autoreload Watching for file changes with StatReloader
WARNING 2026-07-19 08:00:38,147 log Not Found: /users/dashboard/
WARNING 2026-07-19 08:00:38,360 log Not Found: /favicon.ico
INFO 2026-07-19 08:00:52,723 database AXES: Successful login by {username: "********************", ip_address: "********************", user_agent: "Mozilla/5.0 (Linux; Android 10; K) AppleWebKit/537.36 (KHTML, like Gecko) Chrome/149.0.0.0 Mobile Safari/537.36", path_info: "/login/"}.
INFO 2026-07-19 08:00:52,893 database AXES: Cleaned up 1 expired access attempts from database that were older than 2026-07-19 02:00:51.447318+00:00
ERROR 2026-07-19 08:00:58,253 log Internal Server Error: /api/system/queue-status/
Traceback (most recent call last):
  File "/data/data/com.termux/files/usr/lib/python3.13/site-packages/django/core/handlers/exception.py", line 55, in inner
    response = get_response(request)
  File "/data/data/com.termux/files/usr/lib/python3.13/site-packages/django/core/handlers/base.py", line 197, in _get_response
    response = wrapped_callback(request, *callback_args, **callback_kwargs)
  File "/data/data/com.termux/files/usr/lib/python3.13/site-packages/django/contrib/auth/decorators.py", line 59, in _view_wrapper
    return view_func(request, *args, **kwargs)
  File "/storage/emulated/0/django/p1/app/views_frontend.py", line 8089, in system_queue_status
    'active_workers': random.randint(2, 6),
                      ^^^^^^
NameError: name 'random' is not defined. Did you forget to import 'random'?
ERROR 2026-07-19 08:00:58,277 log Internal Server Error: /api/system/cache-status/
Traceback (most recent call last):
  File "/storage/emulated/0/django/p1/app/views_frontend.py", line 8018, in system_cache_status
    hit_rate = cache.get('stats:hit_rate', None)
               ^^^^^
NameError: name 'cache' is not defined

During handling of the above exception, another exception occurred:

Traceback (most recent call last):
  File "/data/data/com.termux/files/usr/lib/python3.13/site-packages/django/core/handlers/exception.py", line 55, in inner
    response = get_response(request)
  File "/data/data/com.termux/files/usr/lib/python3.13/site-packages/django/core/handlers/base.py", line 197, in _get_response
    response = wrapped_callback(request, *callback_args, **callback_kwargs)
  File "/data/data/com.termux/files/usr/lib/python3.13/site-packages/django/contrib/auth/decorators.py", line 59, in _view_wrapper
    return view_func(request, *args, **kwargs)
  File "/storage/emulated/0/django/p1/app/views_frontend.py", line 8041, in system_cache_status
    'hit_rate': random.randint(75, 94),
                ^^^^^^
NameError: name 'random' is not defined. Did you forget to import 'random'?
ERROR 2026-07-19 08:01:27,404 log Internal Server Error: /api/system/cache-status/
Traceback (most recent call last):
  File "/storage/emulated/0/django/p1/app/views_frontend.py", line 8018, in system_cache_status
    hit_rate = cache.get('stats:hit_rate', None)
               ^^^^^
NameError: name 'cache' is not defined

During handling of the above exception, another exception occurred:

Traceback (most recent call last):
  File "/data/data/com.termux/files/usr/lib/python3.13/site-packages/django/core/handlers/exception.py", line 55, in inner
    response = get_response(request)
  File "/data/data/com.termux/files/usr/lib/python3.13/site-packages/django/core/handlers/base.py", line 197, in _get_response
    response = wrapped_callback(request, *callback_args, **callback_kwargs)
  File "/data/data/com.termux/files/usr/lib/python3.13/site-packages/django/contrib/auth/decorators.py", line 59, in _view_wrapper
    return view_func(request, *args, **kwargs)
  File "/storage/emulated/0/django/p1/app/views_frontend.py", line 8041, in system_cache_status
    'hit_rate': random.randint(75, 94),
                ^^^^^^
NameError: name 'random' is not defined. Did you forget to import 'random'?
ERROR 2026-07-19 08:01:27,639 log Internal Server Error: /api/system/queue-status/
Traceback (most recent call last):
  File "/data/data/com.termux/files/usr/lib/python3.13/site-packages/django/core/handlers/exception.py", line 55, in inner
    response = get_response(request)
  File "/data/data/com.termux/files/usr/lib/python3.13/site-packages/django/core/handlers/base.py", line 197, in _get_response
    response = wrapped_callback(request, *callback_args, **callback_kwargs)
  File "/data/data/com.termux/files/usr/lib/python3.13/site-packages/django/contrib/auth/decorators.py", line 59, in _view_wrapper
    return view_func(request, *args, **kwargs)
  File "/storage/emulated/0/django/p1/app/views_frontend.py", line 8089, in system_queue_status
    'active_workers': random.randint(2, 6),
                      ^^^^^^
NameError: name 'random' is not defined. Did you forget to import 'random'?
ERROR 2026-07-19 08:01:32,388 log Internal Server Error: /api/system/queue-status/
Traceback (most recent call last):
  File "/data/data/com.termux/files/usr/lib/python3.13/site-packages/django/core/handlers/exception.py", line 55, in inner
    response = get_response(request)
  File "/data/data/com.termux/files/usr/lib/python3.13/site-packages/django/core/handlers/base.py", line 197, in _get_response
    response = wrapped_callback(request, *callback_args, **callback_kwargs)
  File "/data/data/com.termux/files/usr/lib/python3.13/site-packages/django/contrib/auth/decorators.py", line 59, in _view_wrapper
    return view_func(request, *args, **kwargs)
  File "/storage/emulated/0/django/p1/app/views_frontend.py", line 8089, in system_queue_status
    'active_workers': random.randint(2, 6),
                      ^^^^^^
NameError: name 'random' is not defined. Did you forget to import 'random'?
ERROR 2026-07-19 08:01:32,514 log Internal Server Error: /api/system/cache-status/
Traceback (most recent call last):
  File "/storage/emulated/0/django/p1/app/views_frontend.py", line 8018, in system_cache_status
    hit_rate = cache.get('stats:hit_rate', None)
               ^^^^^
NameError: name 'cache' is not defined

During handling of the above exception, another exception occurred:

Traceback (most recent call last):
  File "/data/data/com.termux/files/usr/lib/python3.13/site-packages/django/core/handlers/exception.py", line 55, in inner
    response = get_response(request)
  File "/data/data/com.termux/files/usr/lib/python3.13/site-packages/django/core/handlers/base.py", line 197, in _get_response
    response = wrapped_callback(request, *callback_args, **callback_kwargs)
  File "/data/data/com.termux/files/usr/lib/python3.13/site-packages/django/contrib/auth/decorators.py", line 59, in _view_wrapper
    return view_func(request, *args, **kwargs)
  File "/storage/emulated/0/django/p1/app/views_frontend.py", line 8041, in system_cache_status
    'hit_rate': random.randint(75, 94),
                ^^^^^^
NameError: name 'random' is not defined. Did you forget to import 'random'?
INFO 2026-07-19 08:37:56,685 apps AXES: BEGIN version 8.3.1, blocking by ip_address
INFO 2026-07-19 08:38:02,972 apps AXES: BEGIN version 8.3.1, blocking by ip_address
INFO 2026-07-19 08:38:03,097 autoreload Watching for file changes with StatReloader
INFO 2026-07-19 08:38:25,563 autoreload /storage/emulated/0/django/p1/app/views_frontend.py changed, reloading.
INFO 2026-07-19 08:38:33,973 apps AXES: BEGIN version 8.3.1, blocking by ip_address
INFO 2026-07-19 08:38:34,112 autoreload Watching for file changes with StatReloader
INFO 2026-07-19 08:44:06,339 autoreload /storage/emulated/0/django/p1/app/urls.py changed, reloading.
INFO 2026-07-19 08:44:15,291 apps AXES: BEGIN version 8.3.1, blocking by ip_address
INFO 2026-07-19 08:44:15,414 autoreload Watching for file changes with StatReloader
INFO 2026-07-19 08:45:12,864 autoreload /storage/emulated/0/django/p1/app/urls.py changed, reloading.
INFO 2026-07-19 08:45:20,327 apps AXES: BEGIN version 8.3.1, blocking by ip_address
INFO 2026-07-19 08:45:20,472 autoreload Watching for file changes with StatReloader
INFO 2026-07-19 08:47:06,969 autoreload /storage/emulated/0/django/p1/app/views_frontend.py changed, reloading.
INFO 2026-07-19 08:47:17,416 apps AXES: BEGIN version 8.3.1, blocking by ip_address
INFO 2026-07-19 08:47:17,578 autoreload Watching for file changes with StatReloader
INFO 2026-07-19 08:48:26,785 autoreload /storage/emulated/0/django/p1/app/views_frontend.py changed, reloading.
INFO 2026-07-19 08:48:34,135 apps AXES: BEGIN version 8.3.1, blocking by ip_address
INFO 2026-07-19 08:48:34,229 autoreload Watching for file changes with StatReloader
INFO 2026-07-19 08:48:46,252 autoreload /storage/emulated/0/django/p1/app/urls.py changed, reloading.
INFO 2026-07-19 08:48:54,259 apps AXES: BEGIN version 8.3.1, blocking by ip_address
INFO 2026-07-19 08:48:54,392 autoreload Watching for file changes with StatReloader
ERROR 2026-07-19 08:49:46,881 log Internal Server Error: /api/system/queue-status/
Traceback (most recent call last):
  File "/data/data/com.termux/files/usr/lib/python3.13/site-packages/django/core/handlers/exception.py", line 55, in inner
    response = get_response(request)
  File "/data/data/com.termux/files/usr/lib/python3.13/site-packages/django/core/handlers/base.py", line 197, in _get_response
    response = wrapped_callback(request, *callback_args, **callback_kwargs)
  File "/data/data/com.termux/files/usr/lib/python3.13/site-packages/django/contrib/auth/decorators.py", line 59, in _view_wrapper
    return view_func(request, *args, **kwargs)
  File "/storage/emulated/0/django/p1/app/views_frontend.py", line 8054, in system_queue_status
    'active_workers': random.randint(2, 6),
                      ^^^^^^
NameError: name 'random' is not defined. Did you forget to import 'random'?
ERROR 2026-07-19 08:49:46,880 log Internal Server Error: /api/system/cache-status/
Traceback (most recent call last):
  File "/storage/emulated/0/django/p1/app/views_frontend.py", line 7983, in system_cache_status
    hit_rate = cache.get('stats:hit_rate', None)
               ^^^^^
NameError: name 'cache' is not defined

During handling of the above exception, another exception occurred:

Traceback (most recent call last):
  File "/data/data/com.termux/files/usr/lib/python3.13/site-packages/django/core/handlers/exception.py", line 55, in inner
    response = get_response(request)
  File "/data/data/com.termux/files/usr/lib/python3.13/site-packages/django/core/handlers/base.py", line 197, in _get_response
    response = wrapped_callback(request, *callback_args, **callback_kwargs)
  File "/data/data/com.termux/files/usr/lib/python3.13/site-packages/django/contrib/auth/decorators.py", line 59, in _view_wrapper
    return view_func(request, *args, **kwargs)
  File "/storage/emulated/0/django/p1/app/views_frontend.py", line 8006, in system_cache_status
    'hit_rate': random.randint(75, 94),
                ^^^^^^
NameError: name 'random' is not defined. Did you forget to import 'random'?
INFO 2026-07-19 08:52:13,327 autoreload /storage/emulated/0/django/p1/app/views_frontend.py changed, reloading.
INFO 2026-07-19 08:52:24,294 apps AXES: BEGIN version 8.3.1, blocking by ip_address
INFO 2026-07-19 08:52:24,433 autoreload Watching for file changes with StatReloader
INFO 2026-07-19 08:54:00,678 autoreload /storage/emulated/0/django/p1/app/views_frontend.py changed, reloading.
INFO 2026-07-19 08:54:10,334 apps AXES: BEGIN version 8.3.1, blocking by ip_address
INFO 2026-07-19 08:54:10,478 autoreload Watching for file changes with StatReloader
INFO 2026-07-19 08:55:01,338 autoreload /storage/emulated/0/django/p1/app/urls.py changed, reloading.
INFO 2026-07-19 08:55:09,280 apps AXES: BEGIN version 8.3.1, blocking by ip_address
INFO 2026-07-19 08:55:09,414 autoreload Watching for file changes with StatReloader
INFO 2026-07-19 08:57:38,931 apps AXES: BEGIN version 8.3.1, blocking by ip_address
INFO 2026-07-19 08:57:44,293 apps AXES: BEGIN version 8.3.1, blocking by ip_address
INFO 2026-07-19 08:57:44,389 autoreload Watching for file changes with StatReloader
ERROR 2026-07-19 08:58:32,159 log Internal Server Error: /api/system/cache-status/
Traceback (most recent call last):
  File "/storage/emulated/0/django/p1/app/views_frontend.py", line 7967, in system_cache_status
    hit_rate = cache.get('stats:hit_rate', None)
               ^^^^^
NameError: name 'cache' is not defined

During handling of the above exception, another exception occurred:

Traceback (most recent call last):
  File "/data/data/com.termux/files/usr/lib/python3.13/site-packages/django/core/handlers/exception.py", line 55, in inner
    response = get_response(request)
  File "/data/data/com.termux/files/usr/lib/python3.13/site-packages/django/core/handlers/base.py", line 197, in _get_response
    response = wrapped_callback(request, *callback_args, **callback_kwargs)
  File "/data/data/com.termux/files/usr/lib/python3.13/site-packages/django/contrib/auth/decorators.py", line 59, in _view_wrapper
    return view_func(request, *args, **kwargs)
  File "/storage/emulated/0/django/p1/app/views_frontend.py", line 7990, in system_cache_status
    'hit_rate': random.randint(75, 94),
                ^^^^^^
NameError: name 'random' is not defined. Did you forget to import 'random'?
ERROR 2026-07-19 08:58:32,472 log Internal Server Error: /api/system/queue-status/
Traceback (most recent call last):
  File "/data/data/com.termux/files/usr/lib/python3.13/site-packages/django/core/handlers/exception.py", line 55, in inner
    response = get_response(request)
  File "/data/data/com.termux/files/usr/lib/python3.13/site-packages/django/core/handlers/base.py", line 197, in _get_response
    response = wrapped_callback(request, *callback_args, **callback_kwargs)
  File "/data/data/com.termux/files/usr/lib/python3.13/site-packages/django/contrib/auth/decorators.py", line 59, in _view_wrapper
    return view_func(request, *args, **kwargs)
  File "/storage/emulated/0/django/p1/app/views_frontend.py", line 8038, in system_queue_status
    'active_workers': random.randint(2, 6),
                      ^^^^^^
NameError: name 'random' is not defined. Did you forget to import 'random'?
ERROR 2026-07-19 09:00:00,509 log Internal Server Error: /api/system/queue-status/
Traceback (most recent call last):
  File "/data/data/com.termux/files/usr/lib/python3.13/site-packages/django/core/handlers/exception.py", line 55, in inner
    response = get_response(request)
  File "/data/data/com.termux/files/usr/lib/python3.13/site-packages/django/core/handlers/base.py", line 197, in _get_response
    response = wrapped_callback(request, *callback_args, **callback_kwargs)
  File "/data/data/com.termux/files/usr/lib/python3.13/site-packages/django/contrib/auth/decorators.py", line 59, in _view_wrapper
    return view_func(request, *args, **kwargs)
  File "/storage/emulated/0/django/p1/app/views_frontend.py", line 8038, in system_queue_status
    'active_workers': random.randint(2, 6),
                      ^^^^^^
NameError: name 'random' is not defined. Did you forget to import 'random'?
ERROR 2026-07-19 09:00:00,541 log Internal Server Error: /api/system/cache-status/
Traceback (most recent call last):
  File "/storage/emulated/0/django/p1/app/views_frontend.py", line 7967, in system_cache_status
    hit_rate = cache.get('stats:hit_rate', None)
               ^^^^^
NameError: name 'cache' is not defined

During handling of the above exception, another exception occurred:

Traceback (most recent call last):
  File "/data/data/com.termux/files/usr/lib/python3.13/site-packages/django/core/handlers/exception.py", line 55, in inner
    response = get_response(request)
  File "/data/data/com.termux/files/usr/lib/python3.13/site-packages/django/core/handlers/base.py", line 197, in _get_response
    response = wrapped_callback(request, *callback_args, **callback_kwargs)
  File "/data/data/com.termux/files/usr/lib/python3.13/site-packages/django/contrib/auth/decorators.py", line 59, in _view_wrapper
    return view_func(request, *args, **kwargs)
  File "/storage/emulated/0/django/p1/app/views_frontend.py", line 7990, in system_cache_status
    'hit_rate': random.randint(75, 94),
                ^^^^^^
NameError: name 'random' is not defined. Did you forget to import 'random'?
ERROR 2026-07-19 09:01:31,652 log Internal Server Error: /api/system/queue-status/
Traceback (most recent call last):
  File "/data/data/com.termux/files/usr/lib/python3.13/site-packages/django/core/handlers/exception.py", line 55, in inner
    response = get_response(request)
  File "/data/data/com.termux/files/usr/lib/python3.13/site-packages/django/core/handlers/base.py", line 197, in _get_response
    response = wrapped_callback(request, *callback_args, **callback_kwargs)
  File "/data/data/com.termux/files/usr/lib/python3.13/site-packages/django/contrib/auth/decorators.py", line 59, in _view_wrapper
    return view_func(request, *args, **kwargs)
  File "/storage/emulated/0/django/p1/app/views_frontend.py", line 8038, in system_queue_status
    'active_workers': random.randint(2, 6),
                      ^^^^^^
NameError: name 'random' is not defined. Did you forget to import 'random'?
ERROR 2026-07-19 09:01:31,646 log Internal Server Error: /api/system/cache-status/
Traceback (most recent call last):
  File "/storage/emulated/0/django/p1/app/views_frontend.py", line 7967, in system_cache_status
    hit_rate = cache.get('stats:hit_rate', None)
               ^^^^^
NameError: name 'cache' is not defined

During handling of the above exception, another exception occurred:

Traceback (most recent call last):
  File "/data/data/com.termux/files/usr/lib/python3.13/site-packages/django/core/handlers/exception.py", line 55, in inner
    response = get_response(request)
  File "/data/data/com.termux/files/usr/lib/python3.13/site-packages/django/core/handlers/base.py", line 197, in _get_response
    response = wrapped_callback(request, *callback_args, **callback_kwargs)
  File "/data/data/com.termux/files/usr/lib/python3.13/site-packages/django/contrib/auth/decorators.py", line 59, in _view_wrapper
    return view_func(request, *args, **kwargs)
  File "/storage/emulated/0/django/p1/app/views_frontend.py", line 7990, in system_cache_status
    'hit_rate': random.randint(75, 94),
                ^^^^^^
NameError: name 'random' is not defined. Did you forget to import 'random'?
INFO 2026-07-19 09:11:51,382 apps AXES: BEGIN version 8.3.1, blocking by ip_address
INFO 2026-07-19 09:11:56,642 apps AXES: BEGIN version 8.3.1, blocking by ip_address
INFO 2026-07-19 09:11:56,764 autoreload Watching for file changes with StatReloader
INFO 2026-07-19 09:28:25,618 autoreload /storage/emulated/0/django/p1/app/views_frontend.py changed, reloading.
INFO 2026-07-19 09:28:38,376 apps AXES: BEGIN version 8.3.1, blocking by ip_address
INFO 2026-07-19 09:28:38,557 autoreload Watching for file changes with StatReloader
INFO 2026-07-19 09:30:41,182 autoreload /storage/emulated/0/django/p1/app/views_frontend.py changed, reloading.
INFO 2026-07-19 09:30:49,659 apps AXES: BEGIN version 8.3.1, blocking by ip_address
INFO 2026-07-19 09:30:49,792 autoreload Watching for file changes with StatReloader
INFO 2026-07-19 09:32:11,837 autoreload /storage/emulated/0/django/p1/app/urls.py changed, reloading.
INFO 2026-07-19 09:32:20,252 apps AXES: BEGIN version 8.3.1, blocking by ip_address
INFO 2026-07-19 09:32:20,373 autoreload Watching for file changes with StatReloader
INFO 2026-07-19 09:50:42,073 autoreload /storage/emulated/0/django/p1/app/views_frontend.py changed, reloading.
INFO 2026-07-19 09:50:53,629 apps AXES: BEGIN version 8.3.1, blocking by ip_address
INFO 2026-07-19 09:50:53,912 autoreload Watching for file changes with StatReloader
INFO 2026-07-19 10:56:37,308 apps AXES: BEGIN version 8.3.1, blocking by ip_address
INFO 2026-07-19 10:56:42,782 apps AXES: BEGIN version 8.3.1, blocking by ip_address
INFO 2026-07-19 10:56:42,902 autoreload Watching for file changes with StatReloader
INFO 2026-07-19 11:04:41,919 autoreload /storage/emulated/0/django/p1/app/views_frontend.py changed, reloading.
INFO 2026-07-19 11:04:53,096 apps AXES: BEGIN version 8.3.1, blocking by ip_address
INFO 2026-07-19 11:04:53,520 autoreload Watching for file changes with StatReloader
INFO 2026-07-19 11:05:11,794 autoreload /storage/emulated/0/django/p1/app/urls.py changed, reloading.
INFO 2026-07-19 11:05:20,949 apps AXES: BEGIN version 8.3.1, blocking by ip_address
INFO 2026-07-19 11:05:21,085 autoreload Watching for file changes with StatReloader
INFO 2026-07-19 11:41:57,185 apps AXES: BEGIN version 8.3.1, blocking by ip_address
INFO 2026-07-19 11:42:03,321 apps AXES: BEGIN version 8.3.1, blocking by ip_address
INFO 2026-07-19 11:42:03,440 autoreload Watching for file changes with StatReloader
INFO 2026-07-19 13:28:16,728 apps AXES: BEGIN version 8.3.1, blocking by ip_address
INFO 2026-07-19 13:28:22,118 apps AXES: BEGIN version 8.3.1, blocking by ip_address
INFO 2026-07-19 13:28:22,233 autoreload Watching for file changes with StatReloader
INFO 2026-07-19 17:27:19,871 apps AXES: BEGIN version 8.3.1, blocking by ip_address
INFO 2026-07-19 17:27:25,358 apps AXES: BEGIN version 8.3.1, blocking by ip_address
INFO 2026-07-19 17:27:25,480 autoreload Watching for file changes with StatReloader
INFO 2026-07-19 17:31:23,064 apps AXES: BEGIN version 8.3.1, blocking by ip_address
INFO 2026-07-19 17:31:28,461 apps AXES: BEGIN version 8.3.1, blocking by ip_address
INFO 2026-07-19 17:31:28,558 autoreload Watching for file changes with StatReloader
INFO 2026-07-19 17:50:53,757 signals ⏳ Waiting for items on None
INFO 2026-07-19 17:50:53,798 signals 🔄 Item added to None, processing deduction...
INFO 2026-07-19 17:50:53,863 signals 🔄 Item added to None, processing deduction...
ERROR 2026-07-19 17:50:54,466 signals ❌ Auto-deduction failed for None: No shareholders with positive balance found
ERROR 2026-07-19 17:50:54,592 signals ❌ Auto-deduction failed for None: No shareholders with positive balance found
ERROR 2026-07-19 17:50:55,368 signals ❌ Auto-deduction failed for None: No shareholders with positive balance found
INFO 2026-07-19 19:25:34,227 apps AXES: BEGIN version 8.3.1, blocking by ip_address
INFO 2026-07-19 19:25:39,272 apps AXES: BEGIN version 8.3.1, blocking by ip_address
INFO 2026-07-19 19:25:39,389 autoreload Watching for file changes with StatReloader
INFO 2026-07-19 19:27:16,626 signals ⏳ Waiting for items on None
INFO 2026-07-19 19:27:16,664 signals 🔄 Item added to None, processing deduction...
ERROR 2026-07-19 19:27:17,284 signals ❌ Auto-deduction failed for None: No shareholders with positive balance found
ERROR 2026-07-19 19:27:18,232 signals ❌ Auto-deduction failed for None: No shareholders with positive balance found
ERROR 2026-07-19 19:44:59,278 log Internal Server Error: /reports/profit-loss/
Traceback (most recent call last):
  File "/data/data/com.termux/files/usr/lib/python3.13/site-packages/django/core/handlers/exception.py", line 55, in inner
    response = get_response(request)
  File "/data/data/com.termux/files/usr/lib/python3.13/site-packages/django/core/handlers/base.py", line 197, in _get_response
    response = wrapped_callback(request, *callback_args, **callback_kwargs)
  File "/data/data/com.termux/files/usr/lib/python3.13/site-packages/django/contrib/auth/decorators.py", line 59, in _view_wrapper
    return view_func(request, *args, **kwargs)
  File "/storage/emulated/0/django/p1/app/views_frontend.py", line 3531, in profit_loss_report
    total_expenses = Expense.objects.filter(date__date__gte=from_date_obj, date__date__lte=to_date_obj).aggregate(
                     ~~~~~~~~~~~~~~~~~~~~~~^^^^^^^^^^^^^^^^^^^^^^^^^^^^^^^^^^^^^^^^^^^^^^^^^^^^^^^^^^^^
  File "/data/data/com.termux/files/usr/lib/python3.13/site-packages/django/db/models/manager.py", line 87, in manager_method
    return getattr(self.get_queryset(), name)(*args, **kwargs)
           ~~~~~~~~~~~~~~~~~~~~~~~~~~~~~~~~~~^^^^^^^^^^^^^^^^^
  File "/data/data/com.termux/files/usr/lib/python3.13/site-packages/django/db/models/query.py", line 1495, in filter
    return self._filter_or_exclude(False, args, kwargs)
           ~~~~~~~~~~~~~~~~~~~~~~~^^^^^^^^^^^^^^^^^^^^^
  File "/data/data/com.termux/files/usr/lib/python3.13/site-packages/django/db/models/query.py", line 1513, in _filter_or_exclude
    clone._filter_or_exclude_inplace(negate, args, kwargs)
    ~~~~~~~~~~~~~~~~~~~~~~~~~~~~~~~~^^^^^^^^^^^^^^^^^^^^^^
  File "/data/data/com.termux/files/usr/lib/python3.13/site-packages/django/db/models/query.py", line 1523, in _filter_or_exclude_inplace
    self._query.add_q(Q(*args, **kwargs))
    ~~~~~~~~~~~~~~~~~^^^^^^^^^^^^^^^^^^^^
  File "/data/data/com.termux/files/usr/lib/python3.13/site-packages/django/db/models/sql/query.py", line 1648, in add_q
    clause, _ = self._add_q(q_object, can_reuse)
                ~~~~~~~~~~~^^^^^^^^^^^^^^^^^^^^^
  File "/data/data/com.termux/files/usr/lib/python3.13/site-packages/django/db/models/sql/query.py", line 1680, in _add_q
    child_clause, needed_inner = self.build_filter(
                                 ~~~~~~~~~~~~~~~~~^
        child,
        ^^^^^^
    ...<7 lines>...
        update_join_types=update_join_types,
        ^^^^^^^^^^^^^^^^^^^^^^^^^^^^^^^^^^^^
    )
    ^
  File "/data/data/com.termux/files/usr/lib/python3.13/site-packages/django/db/models/sql/query.py", line 1528, in build_filter
    lookups, parts, reffed_expression = self.solve_lookup_type(arg, summarize)
                                        ~~~~~~~~~~~~~~~~~~~~~~^^^^^^^^^^^^^^^^
  File "/data/data/com.termux/files/usr/lib/python3.13/site-packages/django/db/models/sql/query.py", line 1335, in solve_lookup_type
    _, field, _, lookup_parts = self.names_to_path(lookup_splitted, self.get_meta())
                                ~~~~~~~~~~~~~~~~~~^^^^^^^^^^^^^^^^^^^^^^^^^^^^^^^^^^
  File "/data/data/com.termux/files/usr/lib/python3.13/site-packages/django/db/models/sql/query.py", line 1813, in names_to_path
    raise FieldError(
    ...<2 lines>...
    )
django.core.exceptions.FieldError: Cannot resolve keyword 'date' into field. Choices are: amount, approval_history, approved_at, approved_by, approved_by_id, attachment, budget, budget_id, budgettransaction, category, category_id, claims, cost_center, created_at, created_by, created_by_id, department, department_id, description, expense_date, expense_no, id, is_recurring, journal_entries, notes, paid_at, paid_by, paid_by_id, payment_date, payment_method, project, project_id, receipt, recurring_end_date, recurring_frequency, reference_no, rejection_reason, status, submitted_at, submitted_by, submitted_by_id, tax_amount, tax_rate, total_amount, updated_at, vendor, vendor_id, vendor_invoice_no
WARNING 2026-07-19 19:44:59,611 log Not Found: /favicon.ico
ERROR 2026-07-19 19:45:01,730 log Internal Server Error: /reports/cash-flow/
Traceback (most recent call last):
  File "/data/data/com.termux/files/usr/lib/python3.13/site-packages/django/core/handlers/exception.py", line 55, in inner
    response = get_response(request)
  File "/data/data/com.termux/files/usr/lib/python3.13/site-packages/django/core/handlers/base.py", line 197, in _get_response
    response = wrapped_callback(request, *callback_args, **callback_kwargs)
  File "/data/data/com.termux/files/usr/lib/python3.13/site-packages/django/contrib/auth/decorators.py", line 59, in _view_wrapper
    return view_func(request, *args, **kwargs)
  File "/storage/emulated/0/django/p1/app/views_frontend.py", line 3588, in cash_flow_report
    total_expenses = Expense.objects.filter(date__date__gte=from_date_obj, date__date__lte=to_date_obj).aggregate(
                     ~~~~~~~~~~~~~~~~~~~~~~^^^^^^^^^^^^^^^^^^^^^^^^^^^^^^^^^^^^^^^^^^^^^^^^^^^^^^^^^^^^
  File "/data/data/com.termux/files/usr/lib/python3.13/site-packages/django/db/models/manager.py", line 87, in manager_method
    return getattr(self.get_queryset(), name)(*args, **kwargs)
           ~~~~~~~~~~~~~~~~~~~~~~~~~~~~~~~~~~^^^^^^^^^^^^^^^^^
  File "/data/data/com.termux/files/usr/lib/python3.13/site-packages/django/db/models/query.py", line 1495, in filter
    return self._filter_or_exclude(False, args, kwargs)
           ~~~~~~~~~~~~~~~~~~~~~~~^^^^^^^^^^^^^^^^^^^^^
  File "/data/data/com.termux/files/usr/lib/python3.13/site-packages/django/db/models/query.py", line 1513, in _filter_or_exclude
    clone._filter_or_exclude_inplace(negate, args, kwargs)
    ~~~~~~~~~~~~~~~~~~~~~~~~~~~~~~~~^^^^^^^^^^^^^^^^^^^^^^
  File "/data/data/com.termux/files/usr/lib/python3.13/site-packages/django/db/models/query.py", line 1523, in _filter_or_exclude_inplace
    self._query.add_q(Q(*args, **kwargs))
    ~~~~~~~~~~~~~~~~~^^^^^^^^^^^^^^^^^^^^
  File "/data/data/com.termux/files/usr/lib/python3.13/site-packages/django/db/models/sql/query.py", line 1648, in add_q
    clause, _ = self._add_q(q_object, can_reuse)
                ~~~~~~~~~~~^^^^^^^^^^^^^^^^^^^^^
  File "/data/data/com.termux/files/usr/lib/python3.13/site-packages/django/db/models/sql/query.py", line 1680, in _add_q
    child_clause, needed_inner = self.build_filter(
                                 ~~~~~~~~~~~~~~~~~^
        child,
        ^^^^^^
    ...<7 lines>...
        update_join_types=update_join_types,
        ^^^^^^^^^^^^^^^^^^^^^^^^^^^^^^^^^^^^
    )
    ^
  File "/data/data/com.termux/files/usr/lib/python3.13/site-packages/django/db/models/sql/query.py", line 1528, in build_filter
    lookups, parts, reffed_expression = self.solve_lookup_type(arg, summarize)
                                        ~~~~~~~~~~~~~~~~~~~~~~^^^^^^^^^^^^^^^^
  File "/data/data/com.termux/files/usr/lib/python3.13/site-packages/django/db/models/sql/query.py", line 1335, in solve_lookup_type
    _, field, _, lookup_parts = self.names_to_path(lookup_splitted, self.get_meta())
                                ~~~~~~~~~~~~~~~~~~^^^^^^^^^^^^^^^^^^^^^^^^^^^^^^^^^^
  File "/data/data/com.termux/files/usr/lib/python3.13/site-packages/django/db/models/sql/query.py", line 1813, in names_to_path
    raise FieldError(
    ...<2 lines>...
    )
django.core.exceptions.FieldError: Cannot resolve keyword 'date' into field. Choices are: amount, approval_history, approved_at, approved_by, approved_by_id, attachment, budget, budget_id, budgettransaction, category, category_id, claims, cost_center, created_at, created_by, created_by_id, department, department_id, description, expense_date, expense_no, id, is_recurring, journal_entries, notes, paid_at, paid_by, paid_by_id, payment_date, payment_method, project, project_id, receipt, recurring_end_date, recurring_frequency, reference_no, rejection_reason, status, submitted_at, submitted_by, submitted_by_id, tax_amount, tax_rate, total_amount, updated_at, vendor, vendor_id, vendor_invoice_no
ERROR 2026-07-19 19:45:39,956 log Internal Server Error: /reports/daily-summary/
Traceback (most recent call last):
  File "/data/data/com.termux/files/usr/lib/python3.13/site-packages/django/core/handlers/exception.py", line 55, in inner
    response = get_response(request)
  File "/data/data/com.termux/files/usr/lib/python3.13/site-packages/django/core/handlers/base.py", line 197, in _get_response
    response = wrapped_callback(request, *callback_args, **callback_kwargs)
  File "/data/data/com.termux/files/usr/lib/python3.13/site-packages/django/contrib/auth/decorators.py", line 59, in _view_wrapper
    return view_func(request, *args, **kwargs)
  File "/storage/emulated/0/django/p1/app/views_frontend.py", line 4712, in daily_summary_report
    total_expenses = Expense.objects.filter(date__date=report_date).aggregate(total=Sum('amount'))['total'] or 0
                     ~~~~~~~~~~~~~~~~~~~~~~^^^^^^^^^^^^^^^^^^^^^^^^
  File "/data/data/com.termux/files/usr/lib/python3.13/site-packages/django/db/models/manager.py", line 87, in manager_method
    return getattr(self.get_queryset(), name)(*args, **kwargs)
           ~~~~~~~~~~~~~~~~~~~~~~~~~~~~~~~~~~^^^^^^^^^^^^^^^^^
  File "/data/data/com.termux/files/usr/lib/python3.13/site-packages/django/db/models/query.py", line 1495, in filter
    return self._filter_or_exclude(False, args, kwargs)
           ~~~~~~~~~~~~~~~~~~~~~~~^^^^^^^^^^^^^^^^^^^^^
  File "/data/data/com.termux/files/usr/lib/python3.13/site-packages/django/db/models/query.py", line 1513, in _filter_or_exclude
    clone._filter_or_exclude_inplace(negate, args, kwargs)
    ~~~~~~~~~~~~~~~~~~~~~~~~~~~~~~~~^^^^^^^^^^^^^^^^^^^^^^
  File "/data/data/com.termux/files/usr/lib/python3.13/site-packages/django/db/models/query.py", line 1523, in _filter_or_exclude_inplace
    self._query.add_q(Q(*args, **kwargs))
    ~~~~~~~~~~~~~~~~~^^^^^^^^^^^^^^^^^^^^
  File "/data/data/com.termux/files/usr/lib/python3.13/site-packages/django/db/models/sql/query.py", line 1648, in add_q
    clause, _ = self._add_q(q_object, can_reuse)
                ~~~~~~~~~~~^^^^^^^^^^^^^^^^^^^^^
  File "/data/data/com.termux/files/usr/lib/python3.13/site-packages/django/db/models/sql/query.py", line 1680, in _add_q
    child_clause, needed_inner = self.build_filter(
                                 ~~~~~~~~~~~~~~~~~^
        child,
        ^^^^^^
    ...<7 lines>...
        update_join_types=update_join_types,
        ^^^^^^^^^^^^^^^^^^^^^^^^^^^^^^^^^^^^
    )
    ^
  File "/data/data/com.termux/files/usr/lib/python3.13/site-packages/django/db/models/sql/query.py", line 1528, in build_filter
    lookups, parts, reffed_expression = self.solve_lookup_type(arg, summarize)
                                        ~~~~~~~~~~~~~~~~~~~~~~^^^^^^^^^^^^^^^^
  File "/data/data/com.termux/files/usr/lib/python3.13/site-packages/django/db/models/sql/query.py", line 1335, in solve_lookup_type
    _, field, _, lookup_parts = self.names_to_path(lookup_splitted, self.get_meta())
                                ~~~~~~~~~~~~~~~~~~^^^^^^^^^^^^^^^^^^^^^^^^^^^^^^^^^^
  File "/data/data/com.termux/files/usr/lib/python3.13/site-packages/django/db/models/sql/query.py", line 1813, in names_to_path
    raise FieldError(
    ...<2 lines>...
    )
django.core.exceptions.FieldError: Cannot resolve keyword 'date' into field. Choices are: amount, approval_history, approved_at, approved_by, approved_by_id, attachment, budget, budget_id, budgettransaction, category, category_id, claims, cost_center, created_at, created_by, created_by_id, department, department_id, description, expense_date, expense_no, id, is_recurring, journal_entries, notes, paid_at, paid_by, paid_by_id, payment_date, payment_method, project, project_id, receipt, recurring_end_date, recurring_frequency, reference_no, rejection_reason, status, submitted_at, submitted_by, submitted_by_id, tax_amount, tax_rate, total_amount, updated_at, vendor, vendor_id, vendor_invoice_no
INFO 2026-07-19 21:43:15,788 apps AXES: BEGIN version 8.3.1, blocking by ip_address
INFO 2026-07-19 21:43:21,739 apps AXES: BEGIN version 8.3.1, blocking by ip_address
INFO 2026-07-19 21:43:21,871 autoreload Watching for file changes with StatReloader
ERROR 2026-07-19 21:44:23,138 log Internal Server Error: /purchases/2/
Traceback (most recent call last):
  File "/data/data/com.termux/files/usr/lib/python3.13/site-packages/django/core/handlers/exception.py", line 55, in inner
    response = get_response(request)
  File "/data/data/com.termux/files/usr/lib/python3.13/site-packages/django/core/handlers/base.py", line 197, in _get_response
    response = wrapped_callback(request, *callback_args, **callback_kwargs)
  File "/data/data/com.termux/files/usr/lib/python3.13/site-packages/django/contrib/auth/decorators.py", line 59, in _view_wrapper
    return view_func(request, *args, **kwargs)
  File "/storage/emulated/0/django/p1/app/views_frontend.py", line 110, in purchase_detail
    related_grns = po.grns.all()
                   ^^^^^^^
AttributeError: 'RelatedManager' object has no attribute 'grns'
WARNING 2026-07-19 21:44:23,419 log Not Found: /favicon.ico
ERROR 2026-07-19 21:44:25,775 log Internal Server Error: /purchases/1/
Traceback (most recent call last):
  File "/data/data/com.termux/files/usr/lib/python3.13/site-packages/django/core/handlers/exception.py", line 55, in inner
    response = get_response(request)
  File "/data/data/com.termux/files/usr/lib/python3.13/site-packages/django/core/handlers/base.py", line 197, in _get_response
    response = wrapped_callback(request, *callback_args, **callback_kwargs)
  File "/data/data/com.termux/files/usr/lib/python3.13/site-packages/django/contrib/auth/decorators.py", line 59, in _view_wrapper
    return view_func(request, *args, **kwargs)
  File "/storage/emulated/0/django/p1/app/views_frontend.py", line 110, in purchase_detail
    related_grns = po.grns.all()
                   ^^^^^^^
AttributeError: 'RelatedManager' object has no attribute 'grns'
ERROR 2026-07-19 21:44:45,776 log Internal Server Error: /purchases/2/
Traceback (most recent call last):
  File "/data/data/com.termux/files/usr/lib/python3.13/site-packages/django/core/handlers/exception.py", line 55, in inner
    response = get_response(request)
  File "/data/data/com.termux/files/usr/lib/python3.13/site-packages/django/core/handlers/base.py", line 197, in _get_response
    response = wrapped_callback(request, *callback_args, **callback_kwargs)
  File "/data/data/com.termux/files/usr/lib/python3.13/site-packages/django/contrib/auth/decorators.py", line 59, in _view_wrapper
    return view_func(request, *args, **kwargs)
  File "/storage/emulated/0/django/p1/app/views_frontend.py", line 110, in purchase_detail
    related_grns = po.grns.all()
                   ^^^^^^^
AttributeError: 'RelatedManager' object has no attribute 'grns'
INFO 2026-07-19 21:45:40,845 signals ⏳ Waiting for items on None
INFO 2026-07-19 21:45:40,887 signals 🔄 Item added to None, processing deduction...
ERROR 2026-07-19 21:45:41,596 signals ❌ Auto-deduction failed for None: No shareholders with positive balance found
ERROR 2026-07-19 21:45:42,465 signals ❌ Auto-deduction failed for None: No shareholders with positive balance found
INFO 2026-07-19 21:46:41,743 signals ⏳ Waiting for items on None
INFO 2026-07-19 21:46:41,776 signals 🔄 Item added to None, processing deduction...
ERROR 2026-07-19 21:46:42,447 signals ❌ Auto-deduction failed for None: No shareholders with positive balance found
ERROR 2026-07-19 21:46:43,353 signals ❌ Auto-deduction failed for None: No shareholders with positive balance found
INFO 2026-07-19 21:47:23,649 signals ⏳ Waiting for items on 12345
INFO 2026-07-19 21:47:23,687 signals 🔄 Item added to 12345, processing deduction...
ERROR 2026-07-19 21:47:24,475 signals ❌ Auto-deduction failed for 12345: No shareholders with positive balance found
ERROR 2026-07-19 21:47:25,254 signals ❌ Auto-deduction failed for 12345: No shareholders with positive balance found
ERROR 2026-07-19 21:47:38,675 log Internal Server Error: /purchases/5/
Traceback (most recent call last):
  File "/data/data/com.termux/files/usr/lib/python3.13/site-packages/django/core/handlers/exception.py", line 55, in inner
    response = get_response(request)
  File "/data/data/com.termux/files/usr/lib/python3.13/site-packages/django/core/handlers/base.py", line 197, in _get_response
    response = wrapped_callback(request, *callback_args, **callback_kwargs)
  File "/data/data/com.termux/files/usr/lib/python3.13/site-packages/django/contrib/auth/decorators.py", line 59, in _view_wrapper
    return view_func(request, *args, **kwargs)
  File "/storage/emulated/0/django/p1/app/views_frontend.py", line 110, in purchase_detail
    related_grns = po.grns.all()
                   ^^^^^^^
AttributeError: 'RelatedManager' object has no attribute 'grns'
ERROR 2026-07-19 21:47:48,555 log Internal Server Error: /purchases/5/
Traceback (most recent call last):
  File "/data/data/com.termux/files/usr/lib/python3.13/site-packages/django/core/handlers/exception.py", line 55, in inner
    response = get_response(request)
  File "/data/data/com.termux/files/usr/lib/python3.13/site-packages/django/core/handlers/base.py", line 197, in _get_response
    response = wrapped_callback(request, *callback_args, **callback_kwargs)
  File "/data/data/com.termux/files/usr/lib/python3.13/site-packages/django/contrib/auth/decorators.py", line 59, in _view_wrapper
    return view_func(request, *args, **kwargs)
  File "/storage/emulated/0/django/p1/app/views_frontend.py", line 110, in purchase_detail
    related_grns = po.grns.all()
                   ^^^^^^^
AttributeError: 'RelatedManager' object has no attribute 'grns'
INFO 2026-07-19 21:50:27,658 autoreload /storage/emulated/0/django/p1/app/views_frontend.py changed, reloading.
INFO 2026-07-19 21:50:38,245 apps AXES: BEGIN version 8.3.1, blocking by ip_address
INFO 2026-07-19 21:50:38,447 autoreload Watching for file changes with StatReloader
ERROR 2026-07-19 21:50:56,046 log Internal Server Error: /purchases/5/
Traceback (most recent call last):
  File "/data/data/com.termux/files/usr/lib/python3.13/site-packages/django/db/models/fields/__init__.py", line 2128, in get_prep_value
    return int(value)
TypeError: int() argument must be a string, a bytes-like object or a real number, not 'RelatedManager'

The above exception was the direct cause of the following exception:

Traceback (most recent call last):
  File "/data/data/com.termux/files/usr/lib/python3.13/site-packages/django/core/handlers/exception.py", line 55, in inner
    response = get_response(request)
  File "/data/data/com.termux/files/usr/lib/python3.13/site-packages/django/core/handlers/base.py", line 197, in _get_response
    response = wrapped_callback(request, *callback_args, **callback_kwargs)
  File "/data/data/com.termux/files/usr/lib/python3.13/site-packages/django/contrib/auth/decorators.py", line 59, in _view_wrapper
    return view_func(request, *args, **kwargs)
  File "/storage/emulated/0/django/p1/app/views_frontend.py", line 111, in purchase_detail
    related_grns = GoodsReceivedNote.objects.filter(purchase_order=po)
  File "/data/data/com.termux/files/usr/lib/python3.13/site-packages/django/db/models/manager.py", line 87, in manager_method
    return getattr(self.get_queryset(), name)(*args, **kwargs)
           ~~~~~~~~~~~~~~~~~~~~~~~~~~~~~~~~~~^^^^^^^^^^^^^^^^^
  File "/data/data/com.termux/files/usr/lib/python3.13/site-packages/django/db/models/query.py", line 1495, in filter
    return self._filter_or_exclude(False, args, kwargs)
           ~~~~~~~~~~~~~~~~~~~~~~~^^^^^^^^^^^^^^^^^^^^^
  File "/data/data/com.termux/files/usr/lib/python3.13/site-packages/django/db/models/query.py", line 1513, in _filter_or_exclude
    clone._filter_or_exclude_inplace(negate, args, kwargs)
    ~~~~~~~~~~~~~~~~~~~~~~~~~~~~~~~~^^^^^^^^^^^^^^^^^^^^^^
  File "/data/data/com.termux/files/usr/lib/python3.13/site-packages/django/db/models/query.py", line 1523, in _filter_or_exclude_inplace
    self._query.add_q(Q(*args, **kwargs))
    ~~~~~~~~~~~~~~~~~^^^^^^^^^^^^^^^^^^^^
  File "/data/data/com.termux/files/usr/lib/python3.13/site-packages/django/db/models/sql/query.py", line 1648, in add_q
    clause, _ = self._add_q(q_object, can_reuse)
                ~~~~~~~~~~~^^^^^^^^^^^^^^^^^^^^^
  File "/data/data/com.termux/files/usr/lib/python3.13/site-packages/django/db/models/sql/query.py", line 1680, in _add_q
    child_clause, needed_inner = self.build_filter(
                                 ~~~~~~~~~~~~~~~~~^
        child,
        ^^^^^^
    ...<7 lines>...
        update_join_types=update_join_types,
        ^^^^^^^^^^^^^^^^^^^^^^^^^^^^^^^^^^^^
    )
    ^
  File "/data/data/com.termux/files/usr/lib/python3.13/site-packages/django/db/models/sql/query.py", line 1590, in build_filter
    condition = self.build_lookup(lookups, col, value)
  File "/data/data/com.termux/files/usr/lib/python3.13/site-packages/django/db/models/sql/query.py", line 1417, in build_lookup
    lookup = lookup_class(lhs, rhs)
  File "/data/data/com.termux/files/usr/lib/python3.13/site-packages/django/db/models/lookups.py", line 38, in __init__
    self.rhs = self.get_prep_lookup()
               ~~~~~~~~~~~~~~~~~~~~^^
  File "/data/data/com.termux/files/usr/lib/python3.13/site-packages/django/db/models/fields/related_lookups.py", line 112, in get_prep_lookup
    self.rhs = target_field.get_prep_value(self.rhs)
               ~~~~~~~~~~~~~~~~~~~~~~~~~~~^^^^^^^^^^
  File "/data/data/com.termux/files/usr/lib/python3.13/site-packages/django/db/models/fields/__init__.py", line 2130, in get_prep_value
    raise e.__class__(
        "Field '%s' expected a number but got %r." % (self.name, value),
    ) from e
TypeError: Field 'id' expected a number but got <django.db.models.fields.related_descriptors.create_reverse_many_to_one_manager.<locals>.RelatedManager object at 0x79210cd950>.
ERROR 2026-07-19 21:50:59,471 log Internal Server Error: /purchases/5/
Traceback (most recent call last):
  File "/data/data/com.termux/files/usr/lib/python3.13/site-packages/django/db/models/fields/__init__.py", line 2128, in get_prep_value
    return int(value)
TypeError: int() argument must be a string, a bytes-like object or a real number, not 'RelatedManager'

The above exception was the direct cause of the following exception:

Traceback (most recent call last):
  File "/data/data/com.termux/files/usr/lib/python3.13/site-packages/django/core/handlers/exception.py", line 55, in inner
    response = get_response(request)
  File "/data/data/com.termux/files/usr/lib/python3.13/site-packages/django/core/handlers/base.py", line 197, in _get_response
    response = wrapped_callback(request, *callback_args, **callback_kwargs)
  File "/data/data/com.termux/files/usr/lib/python3.13/site-packages/django/contrib/auth/decorators.py", line 59, in _view_wrapper
    return view_func(request, *args, **kwargs)
  File "/storage/emulated/0/django/p1/app/views_frontend.py", line 111, in purchase_detail
    related_grns = GoodsReceivedNote.objects.filter(purchase_order=po)
  File "/data/data/com.termux/files/usr/lib/python3.13/site-packages/django/db/models/manager.py", line 87, in manager_method
    return getattr(self.get_queryset(), name)(*args, **kwargs)
           ~~~~~~~~~~~~~~~~~~~~~~~~~~~~~~~~~~^^^^^^^^^^^^^^^^^
  File "/data/data/com.termux/files/usr/lib/python3.13/site-packages/django/db/models/query.py", line 1495, in filter
    return self._filter_or_exclude(False, args, kwargs)
           ~~~~~~~~~~~~~~~~~~~~~~~^^^^^^^^^^^^^^^^^^^^^
  File "/data/data/com.termux/files/usr/lib/python3.13/site-packages/django/db/models/query.py", line 1513, in _filter_or_exclude
    clone._filter_or_exclude_inplace(negate, args, kwargs)
    ~~~~~~~~~~~~~~~~~~~~~~~~~~~~~~~~^^^^^^^^^^^^^^^^^^^^^^
  File "/data/data/com.termux/files/usr/lib/python3.13/site-packages/django/db/models/query.py", line 1523, in _filter_or_exclude_inplace
    self._query.add_q(Q(*args, **kwargs))
    ~~~~~~~~~~~~~~~~~^^^^^^^^^^^^^^^^^^^^
  File "/data/data/com.termux/files/usr/lib/python3.13/site-packages/django/db/models/sql/query.py", line 1648, in add_q
    clause, _ = self._add_q(q_object, can_reuse)
                ~~~~~~~~~~~^^^^^^^^^^^^^^^^^^^^^
  File "/data/data/com.termux/files/usr/lib/python3.13/site-packages/django/db/models/sql/query.py", line 1680, in _add_q
    child_clause, needed_inner = self.build_filter(
                                 ~~~~~~~~~~~~~~~~~^
        child,
        ^^^^^^
    ...<7 lines>...
        update_join_types=update_join_types,
        ^^^^^^^^^^^^^^^^^^^^^^^^^^^^^^^^^^^^
    )
    ^
  File "/data/data/com.termux/files/usr/lib/python3.13/site-packages/django/db/models/sql/query.py", line 1590, in build_filter
    condition = self.build_lookup(lookups, col, value)
  File "/data/data/com.termux/files/usr/lib/python3.13/site-packages/django/db/models/sql/query.py", line 1417, in build_lookup
    lookup = lookup_class(lhs, rhs)
  File "/data/data/com.termux/files/usr/lib/python3.13/site-packages/django/db/models/lookups.py", line 38, in __init__
    self.rhs = self.get_prep_lookup()
               ~~~~~~~~~~~~~~~~~~~~^^
  File "/data/data/com.termux/files/usr/lib/python3.13/site-packages/django/db/models/fields/related_lookups.py", line 112, in get_prep_lookup
    self.rhs = target_field.get_prep_value(self.rhs)
               ~~~~~~~~~~~~~~~~~~~~~~~~~~~^^^^^^^^^^
  File "/data/data/com.termux/files/usr/lib/python3.13/site-packages/django/db/models/fields/__init__.py", line 2130, in get_prep_value
    raise e.__class__(
        "Field '%s' expected a number but got %r." % (self.name, value),
    ) from e
TypeError: Field 'id' expected a number but got <django.db.models.fields.related_descriptors.create_reverse_many_to_one_manager.<locals>.RelatedManager object at 0x79210e6060>.
ERROR 2026-07-19 21:51:02,102 log Internal Server Error: /purchases/5/
Traceback (most recent call last):
  File "/data/data/com.termux/files/usr/lib/python3.13/site-packages/django/db/models/fields/__init__.py", line 2128, in get_prep_value
    return int(value)
TypeError: int() argument must be a string, a bytes-like object or a real number, not 'RelatedManager'

The above exception was the direct cause of the following exception:

Traceback (most recent call last):
  File "/data/data/com.termux/files/usr/lib/python3.13/site-packages/django/core/handlers/exception.py", line 55, in inner
    response = get_response(request)
  File "/data/data/com.termux/files/usr/lib/python3.13/site-packages/django/core/handlers/base.py", line 197, in _get_response
    response = wrapped_callback(request, *callback_args, **callback_kwargs)
  File "/data/data/com.termux/files/usr/lib/python3.13/site-packages/django/contrib/auth/decorators.py", line 59, in _view_wrapper
    return view_func(request, *args, **kwargs)
  File "/storage/emulated/0/django/p1/app/views_frontend.py", line 111, in purchase_detail
    related_grns = GoodsReceivedNote.objects.filter(purchase_order=po)
  File "/data/data/com.termux/files/usr/lib/python3.13/site-packages/django/db/models/manager.py", line 87, in manager_method
    return getattr(self.get_queryset(), name)(*args, **kwargs)
           ~~~~~~~~~~~~~~~~~~~~~~~~~~~~~~~~~~^^^^^^^^^^^^^^^^^
  File "/data/data/com.termux/files/usr/lib/python3.13/site-packages/django/db/models/query.py", line 1495, in filter
    return self._filter_or_exclude(False, args, kwargs)
           ~~~~~~~~~~~~~~~~~~~~~~~^^^^^^^^^^^^^^^^^^^^^
  File "/data/data/com.termux/files/usr/lib/python3.13/site-packages/django/db/models/query.py", line 1513, in _filter_or_exclude
    clone._filter_or_exclude_inplace(negate, args, kwargs)
    ~~~~~~~~~~~~~~~~~~~~~~~~~~~~~~~~^^^^^^^^^^^^^^^^^^^^^^
  File "/data/data/com.termux/files/usr/lib/python3.13/site-packages/django/db/models/query.py", line 1523, in _filter_or_exclude_inplace
    self._query.add_q(Q(*args, **kwargs))
    ~~~~~~~~~~~~~~~~~^^^^^^^^^^^^^^^^^^^^
  File "/data/data/com.termux/files/usr/lib/python3.13/site-packages/django/db/models/sql/query.py", line 1648, in add_q
    clause, _ = self._add_q(q_object, can_reuse)
                ~~~~~~~~~~~^^^^^^^^^^^^^^^^^^^^^
  File "/data/data/com.termux/files/usr/lib/python3.13/site-packages/django/db/models/sql/query.py", line 1680, in _add_q
    child_clause, needed_inner = self.build_filter(
                                 ~~~~~~~~~~~~~~~~~^
        child,
        ^^^^^^
    ...<7 lines>...
        update_join_types=update_join_types,
        ^^^^^^^^^^^^^^^^^^^^^^^^^^^^^^^^^^^^
    )
    ^
  File "/data/data/com.termux/files/usr/lib/python3.13/site-packages/django/db/models/sql/query.py", line 1590, in build_filter
    condition = self.build_lookup(lookups, col, value)
  File "/data/data/com.termux/files/usr/lib/python3.13/site-packages/django/db/models/sql/query.py", line 1417, in build_lookup
    lookup = lookup_class(lhs, rhs)
  File "/data/data/com.termux/files/usr/lib/python3.13/site-packages/django/db/models/lookups.py", line 38, in __init__
    self.rhs = self.get_prep_lookup()
               ~~~~~~~~~~~~~~~~~~~~^^
  File "/data/data/com.termux/files/usr/lib/python3.13/site-packages/django/db/models/fields/related_lookups.py", line 112, in get_prep_lookup
    self.rhs = target_field.get_prep_value(self.rhs)
               ~~~~~~~~~~~~~~~~~~~~~~~~~~~^^^^^^^^^^
  File "/data/data/com.termux/files/usr/lib/python3.13/site-packages/django/db/models/fields/__init__.py", line 2130, in get_prep_value
    raise e.__class__(
        "Field '%s' expected a number but got %r." % (self.name, value),
    ) from e
TypeError: Field 'id' expected a number but got <django.db.models.fields.related_descriptors.create_reverse_many_to_one_manager.<locals>.RelatedManager object at 0x791aa68dd0>.
INFO 2026-07-19 21:51:28,969 autoreload /storage/emulated/0/django/p1/app/views_frontend.py changed, reloading.
INFO 2026-07-19 21:51:36,188 apps AXES: BEGIN version 8.3.1, blocking by ip_address
INFO 2026-07-19 21:51:36,273 autoreload Watching for file changes with StatReloader
INFO 2026-07-20 06:07:29,663 apps AXES: BEGIN version 8.3.1, blocking by ip_address
INFO 2026-07-20 06:07:36,052 apps AXES: BEGIN version 8.3.1, blocking by ip_address
INFO 2026-07-20 06:07:36,170 autoreload Watching for file changes with StatReloader
ERROR 2026-07-20 06:07:57,686 log Internal Server Error: /purchases/5/
Traceback (most recent call last):
  File "/data/data/com.termux/files/usr/lib/python3.13/site-packages/django/core/handlers/exception.py", line 55, in inner
    response = get_response(request)
  File "/data/data/com.termux/files/usr/lib/python3.13/site-packages/django/core/handlers/base.py", line 197, in _get_response
    response = wrapped_callback(request, *callback_args, **callback_kwargs)
  File "/data/data/com.termux/files/usr/lib/python3.13/site-packages/django/contrib/auth/decorators.py", line 59, in _view_wrapper
    return view_func(request, *args, **kwargs)
  File "/storage/emulated/0/django/p1/app/views_frontend.py", line 110, in purchase_detail
    related_grns = po.grns.all()
                   ^^^^^^^
AttributeError: 'RelatedManager' object has no attribute 'grns'
WARNING 2026-07-20 06:07:58,166 log Not Found: /favicon.ico
INFO 2026-07-20 06:13:09,997 autoreload /storage/emulated/0/django/p1/app/views_frontend.py changed, reloading.
INFO 2026-07-20 06:13:21,101 apps AXES: BEGIN version 8.3.1, blocking by ip_address
INFO 2026-07-20 06:13:21,317 autoreload Watching for file changes with StatReloader
ERROR 2026-07-20 06:13:38,152 log Internal Server Error: /purchases/5/
Traceback (most recent call last):
  File "/data/data/com.termux/files/usr/lib/python3.13/site-packages/django/core/handlers/exception.py", line 55, in inner
    response = get_response(request)
  File "/data/data/com.termux/files/usr/lib/python3.13/site-packages/django/core/handlers/base.py", line 197, in _get_response
    response = wrapped_callback(request, *callback_args, **callback_kwargs)
  File "/data/data/com.termux/files/usr/lib/python3.13/site-packages/django/contrib/auth/decorators.py", line 59, in _view_wrapper
    return view_func(request, *args, **kwargs)
  File "/storage/emulated/0/django/p1/app/views_frontend.py", line 142, in purchase_detail
    return render(request, 'purchases/purchase_detail.html', context)
  File "/data/data/com.termux/files/usr/lib/python3.13/site-packages/django/shortcuts.py", line 25, in render
    content = loader.render_to_string(template_name, context, request, using=using)
  File "/data/data/com.termux/files/usr/lib/python3.13/site-packages/django/template/loader.py", line 61, in render_to_string
    template = get_template(template_name, using=using)
  File "/data/data/com.termux/files/usr/lib/python3.13/site-packages/django/template/loader.py", line 19, in get_template
    raise TemplateDoesNotExist(template_name, chain=chain)
django.template.exceptions.TemplateDoesNotExist: purchases/purchase_detail.html
INFO 2026-07-20 06:14:22,847 signals ⏳ Waiting for items on 11
INFO 2026-07-20 06:14:22,884 signals 🔄 Item added to 11, processing deduction...
ERROR 2026-07-20 06:14:23,627 signals ❌ Auto-deduction failed for 11: No shareholders with positive balance found
ERROR 2026-07-20 06:14:24,495 signals ❌ Auto-deduction failed for 11: No shareholders with positive balance found
ERROR 2026-07-20 06:14:38,915 log Internal Server Error: /purchases/6/
Traceback (most recent call last):
  File "/data/data/com.termux/files/usr/lib/python3.13/site-packages/django/core/handlers/exception.py", line 55, in inner
    response = get_response(request)
  File "/data/data/com.termux/files/usr/lib/python3.13/site-packages/django/core/handlers/base.py", line 197, in _get_response
    response = wrapped_callback(request, *callback_args, **callback_kwargs)
  File "/data/data/com.termux/files/usr/lib/python3.13/site-packages/django/contrib/auth/decorators.py", line 59, in _view_wrapper
    return view_func(request, *args, **kwargs)
  File "/storage/emulated/0/django/p1/app/views_frontend.py", line 142, in purchase_detail
    return render(request, 'purchases/purchase_detail.html', context)
  File "/data/data/com.termux/files/usr/lib/python3.13/site-packages/django/shortcuts.py", line 25, in render
    content = loader.render_to_string(template_name, context, request, using=using)
  File "/data/data/com.termux/files/usr/lib/python3.13/site-packages/django/template/loader.py", line 61, in render_to_string
    template = get_template(template_name, using=using)
  File "/data/data/com.termux/files/usr/lib/python3.13/site-packages/django/template/loader.py", line 19, in get_template
    raise TemplateDoesNotExist(template_name, chain=chain)
django.template.exceptions.TemplateDoesNotExist: purchases/purchase_detail.html
INFO 2026-07-20 06:15:13,242 autoreload /storage/emulated/0/django/p1/app/views_frontend.py changed, reloading.
INFO 2026-07-20 06:15:21,597 apps AXES: BEGIN version 8.3.1, blocking by ip_address
INFO 2026-07-20 06:15:21,734 autoreload Watching for file changes with StatReloader
ERROR 2026-07-20 06:15:41,880 log Internal Server Error: /purchases/6/
Traceback (most recent call last):
  File "/data/data/com.termux/files/usr/lib/python3.13/site-packages/django/core/handlers/exception.py", line 55, in inner
    response = get_response(request)
  File "/data/data/com.termux/files/usr/lib/python3.13/site-packages/django/core/handlers/base.py", line 197, in _get_response
    response = wrapped_callback(request, *callback_args, **callback_kwargs)
  File "/data/data/com.termux/files/usr/lib/python3.13/site-packages/django/contrib/auth/decorators.py", line 59, in _view_wrapper
    return view_func(request, *args, **kwargs)
  File "/storage/emulated/0/django/p1/app/views_frontend.py", line 160, in purchase_detail
    return render(request, 'purchases/purchase_detail.html', context)
  File "/data/data/com.termux/files/usr/lib/python3.13/site-packages/django/shortcuts.py", line 25, in render
    content = loader.render_to_string(template_name, context, request, using=using)
  File "/data/data/com.termux/files/usr/lib/python3.13/site-packages/django/template/loader.py", line 61, in render_to_string
    template = get_template(template_name, using=using)
  File "/data/data/com.termux/files/usr/lib/python3.13/site-packages/django/template/loader.py", line 19, in get_template
    raise TemplateDoesNotExist(template_name, chain=chain)
django.template.exceptions.TemplateDoesNotExist: purchases/purchase_detail.html
ERROR 2026-07-20 06:15:45,198 log Internal Server Error: /purchases/6/
Traceback (most recent call last):
  File "/data/data/com.termux/files/usr/lib/python3.13/site-packages/django/core/handlers/exception.py", line 55, in inner
    response = get_response(request)
  File "/data/data/com.termux/files/usr/lib/python3.13/site-packages/django/core/handlers/base.py", line 197, in _get_response
    response = wrapped_callback(request, *callback_args, **callback_kwargs)
  File "/data/data/com.termux/files/usr/lib/python3.13/site-packages/django/contrib/auth/decorators.py", line 59, in _view_wrapper
    return view_func(request, *args, **kwargs)
  File "/storage/emulated/0/django/p1/app/views_frontend.py", line 160, in purchase_detail
    return render(request, 'purchases/purchase_detail.html', context)
  File "/data/data/com.termux/files/usr/lib/python3.13/site-packages/django/shortcuts.py", line 25, in render
    content = loader.render_to_string(template_name, context, request, using=using)
  File "/data/data/com.termux/files/usr/lib/python3.13/site-packages/django/template/loader.py", line 61, in render_to_string
    template = get_template(template_name, using=using)
  File "/data/data/com.termux/files/usr/lib/python3.13/site-packages/django/template/loader.py", line 19, in get_template
    raise TemplateDoesNotExist(template_name, chain=chain)
django.template.exceptions.TemplateDoesNotExist: purchases/purchase_detail.html
INFO 2026-07-20 06:17:09,035 autoreload /storage/emulated/0/django/p1/app/views_frontend.py changed, reloading.
INFO 2026-07-20 06:17:16,068 apps AXES: BEGIN version 8.3.1, blocking by ip_address
INFO 2026-07-20 06:17:16,173 autoreload Watching for file changes with StatReloader
ERROR 2026-07-20 06:17:33,834 log Internal Server Error: /purchases/6/
Traceback (most recent call last):
  File "/data/data/com.termux/files/usr/lib/python3.13/site-packages/django/core/handlers/exception.py", line 55, in inner
    response = get_response(request)
  File "/data/data/com.termux/files/usr/lib/python3.13/site-packages/django/core/handlers/base.py", line 197, in _get_response
    response = wrapped_callback(request, *callback_args, **callback_kwargs)
  File "/data/data/com.termux/files/usr/lib/python3.13/site-packages/django/contrib/auth/decorators.py", line 59, in _view_wrapper
    return view_func(request, *args, **kwargs)
  File "/storage/emulated/0/django/p1/app/views_frontend.py", line 160, in purchase_detail
    return render(request, 'purchases/purchase_detail.html', context)
  File "/data/data/com.termux/files/usr/lib/python3.13/site-packages/django/shortcuts.py", line 25, in render
    content = loader.render_to_string(template_name, context, request, using=using)
  File "/data/data/com.termux/files/usr/lib/python3.13/site-packages/django/template/loader.py", line 61, in render_to_string
    template = get_template(template_name, using=using)
  File "/data/data/com.termux/files/usr/lib/python3.13/site-packages/django/template/loader.py", line 19, in get_template
    raise TemplateDoesNotExist(template_name, chain=chain)
django.template.exceptions.TemplateDoesNotExist: purchases/purchase_detail.html
ERROR 2026-07-20 06:21:18,376 log Internal Server Error: /purchases/6/
Traceback (most recent call last):
  File "/data/data/com.termux/files/usr/lib/python3.13/site-packages/django/core/handlers/exception.py", line 55, in inner
    response = get_response(request)
  File "/data/data/com.termux/files/usr/lib/python3.13/site-packages/django/core/handlers/base.py", line 197, in _get_response
    response = wrapped_callback(request, *callback_args, **callback_kwargs)
  File "/data/data/com.termux/files/usr/lib/python3.13/site-packages/django/contrib/auth/decorators.py", line 59, in _view_wrapper
    return view_func(request, *args, **kwargs)
  File "/storage/emulated/0/django/p1/app/views_frontend.py", line 160, in purchase_detail
    return render(request, 'purchases/purchase_detail.html', context)
  File "/data/data/com.termux/files/usr/lib/python3.13/site-packages/django/shortcuts.py", line 25, in render
    content = loader.render_to_string(template_name, context, request, using=using)
  File "/data/data/com.termux/files/usr/lib/python3.13/site-packages/django/template/loader.py", line 61, in render_to_string
    template = get_template(template_name, using=using)
  File "/data/data/com.termux/files/usr/lib/python3.13/site-packages/django/template/loader.py", line 15, in get_template
    return engine.get_template(template_name)
           ~~~~~~~~~~~~~~~~~~~^^^^^^^^^^^^^^^
  File "/data/data/com.termux/files/usr/lib/python3.13/site-packages/django/template/backends/django.py", line 79, in get_template
    return Template(self.engine.get_template(template_name), self)
                    ~~~~~~~~~~~~~~~~~~~~~~~~^^^^^^^^^^^^^^^
  File "/data/data/com.termux/files/usr/lib/python3.13/site-packages/django/template/engine.py", line 177, in get_template
    template, origin = self.find_template(template_name)
                       ~~~~~~~~~~~~~~~~~~^^^^^^^^^^^^^^^
  File "/data/data/com.termux/files/usr/lib/python3.13/site-packages/django/template/engine.py", line 159, in find_template
    template = loader.get_template(name, skip=skip)
  File "/data/data/com.termux/files/usr/lib/python3.13/site-packages/django/template/loaders/cached.py", line 57, in get_template
    template = super().get_template(template_name, skip)
  File "/data/data/com.termux/files/usr/lib/python3.13/site-packages/django/template/loaders/base.py", line 28, in get_template
    return Template(
        contents,
    ...<2 lines>...
        self.engine,
    )
  File "/data/data/com.termux/files/usr/lib/python3.13/site-packages/django/template/base.py", line 155, in __init__
    self.nodelist = self.compile_nodelist()
                    ~~~~~~~~~~~~~~~~~~~~~^^
  File "/data/data/com.termux/files/usr/lib/python3.13/site-packages/django/template/base.py", line 197, in compile_nodelist
    nodelist = parser.parse()
  File "/data/data/com.termux/files/usr/lib/python3.13/site-packages/django/template/base.py", line 519, in parse
    raise self.error(token, e)
  File "/data/data/com.termux/files/usr/lib/python3.13/site-packages/django/template/base.py", line 517, in parse
    compiled_result = compile_func(self, token)
  File "/data/data/com.termux/files/usr/lib/python3.13/site-packages/django/template/loader_tags.py", line 299, in do_extends
    nodelist = parser.parse()
  File "/data/data/com.termux/files/usr/lib/python3.13/site-packages/django/template/base.py", line 519, in parse
    raise self.error(token, e)
  File "/data/data/com.termux/files/usr/lib/python3.13/site-packages/django/template/base.py", line 517, in parse
    compiled_result = compile_func(self, token)
  File "/data/data/com.termux/files/usr/lib/python3.13/site-packages/django/template/loader_tags.py", line 234, in do_block
    nodelist = parser.parse(("endblock",))
  File "/data/data/com.termux/files/usr/lib/python3.13/site-packages/django/template/base.py", line 519, in parse
    raise self.error(token, e)
  File "/data/data/com.termux/files/usr/lib/python3.13/site-packages/django/template/base.py", line 517, in parse
    compiled_result = compile_func(self, token)
  File "/data/data/com.termux/files/usr/lib/python3.13/site-packages/django/template/defaulttags.py", line 962, in do_if
    nodelist = parser.parse(("elif", "else", "endif"))
  File "/data/data/com.termux/files/usr/lib/python3.13/site-packages/django/template/base.py", line 519, in parse
    raise self.error(token, e)
  File "/data/data/com.termux/files/usr/lib/python3.13/site-packages/django/template/base.py", line 517, in parse
    compiled_result = compile_func(self, token)
  File "/data/data/com.termux/files/usr/lib/python3.13/site-packages/django/template/defaulttags.py", line 862, in do_for
    nodelist_loop = parser.parse(
        (
    ...<2 lines>...
        )
    )
  File "/data/data/com.termux/files/usr/lib/python3.13/site-packages/django/template/base.py", line 490, in parse
    raise self.error(token, e)
  File "/data/data/com.termux/files/usr/lib/python3.13/site-packages/django/template/base.py", line 488, in parse
    filter_expression = self.compile_filter(token.contents)
  File "/data/data/com.termux/files/usr/lib/python3.13/site-packages/django/template/base.py", line 610, in compile_filter
    return FilterExpression(token, self)
  File "/data/data/com.termux/files/usr/lib/python3.13/site-packages/django/template/base.py", line 706, in __init__
    filter_func = parser.find_filter(filter_name)
  File "/data/data/com.termux/files/usr/lib/python3.13/site-packages/django/template/base.py", line 616, in find_filter
    raise TemplateSyntaxError("Invalid filter: '%s'" % filter_name)
django.template.exceptions.TemplateSyntaxError: Invalid filter: 'sum'
INFO 2026-07-20 06:23:36,583 autoreload /storage/emulated/0/django/p1/app/views_frontend.py changed, reloading.
INFO 2026-07-20 06:23:47,442 apps AXES: BEGIN version 8.3.1, blocking by ip_address
INFO 2026-07-20 06:23:47,635 autoreload Watching for file changes with StatReloader
ERROR 2026-07-20 06:24:08,916 log Internal Server Error: /purchases/6/
Traceback (most recent call last):
  File "/data/data/com.termux/files/usr/lib/python3.13/site-packages/django/core/handlers/exception.py", line 55, in inner
    response = get_response(request)
  File "/data/data/com.termux/files/usr/lib/python3.13/site-packages/django/core/handlers/base.py", line 197, in _get_response
    response = wrapped_callback(request, *callback_args, **callback_kwargs)
  File "/data/data/com.termux/files/usr/lib/python3.13/site-packages/django/contrib/auth/decorators.py", line 59, in _view_wrapper
    return view_func(request, *args, **kwargs)
  File "/storage/emulated/0/django/p1/app/views_frontend.py", line 142, in purchase_detail
    return render(request, 'purchases/purchase_detail.html', context)
  File "/data/data/com.termux/files/usr/lib/python3.13/site-packages/django/shortcuts.py", line 25, in render
    content = loader.render_to_string(template_name, context, request, using=using)
  File "/data/data/com.termux/files/usr/lib/python3.13/site-packages/django/template/loader.py", line 61, in render_to_string
    template = get_template(template_name, using=using)
  File "/data/data/com.termux/files/usr/lib/python3.13/site-packages/django/template/loader.py", line 15, in get_template
    return engine.get_template(template_name)
           ~~~~~~~~~~~~~~~~~~~^^^^^^^^^^^^^^^
  File "/data/data/com.termux/files/usr/lib/python3.13/site-packages/django/template/backends/django.py", line 79, in get_template
    return Template(self.engine.get_template(template_name), self)
                    ~~~~~~~~~~~~~~~~~~~~~~~~^^^^^^^^^^^^^^^
  File "/data/data/com.termux/files/usr/lib/python3.13/site-packages/django/template/engine.py", line 177, in get_template
    template, origin = self.find_template(template_name)
                       ~~~~~~~~~~~~~~~~~~^^^^^^^^^^^^^^^
  File "/data/data/com.termux/files/usr/lib/python3.13/site-packages/django/template/engine.py", line 159, in find_template
    template = loader.get_template(name, skip=skip)
  File "/data/data/com.termux/files/usr/lib/python3.13/site-packages/django/template/loaders/cached.py", line 57, in get_template
    template = super().get_template(template_name, skip)
  File "/data/data/com.termux/files/usr/lib/python3.13/site-packages/django/template/loaders/base.py", line 28, in get_template
    return Template(
        contents,
    ...<2 lines>...
        self.engine,
    )
  File "/data/data/com.termux/files/usr/lib/python3.13/site-packages/django/template/base.py", line 155, in __init__
    self.nodelist = self.compile_nodelist()
                    ~~~~~~~~~~~~~~~~~~~~~^^
  File "/data/data/com.termux/files/usr/lib/python3.13/site-packages/django/template/base.py", line 197, in compile_nodelist
    nodelist = parser.parse()
  File "/data/data/com.termux/files/usr/lib/python3.13/site-packages/django/template/base.py", line 519, in parse
    raise self.error(token, e)
  File "/data/data/com.termux/files/usr/lib/python3.13/site-packages/django/template/base.py", line 517, in parse
    compiled_result = compile_func(self, token)
  File "/data/data/com.termux/files/usr/lib/python3.13/site-packages/django/template/loader_tags.py", line 299, in do_extends
    nodelist = parser.parse()
  File "/data/data/com.termux/files/usr/lib/python3.13/site-packages/django/template/base.py", line 519, in parse
    raise self.error(token, e)
  File "/data/data/com.termux/files/usr/lib/python3.13/site-packages/django/template/base.py", line 517, in parse
    compiled_result = compile_func(self, token)
  File "/data/data/com.termux/files/usr/lib/python3.13/site-packages/django/template/loader_tags.py", line 234, in do_block
    nodelist = parser.parse(("endblock",))
  File "/data/data/com.termux/files/usr/lib/python3.13/site-packages/django/template/base.py", line 519, in parse
    raise self.error(token, e)
  File "/data/data/com.termux/files/usr/lib/python3.13/site-packages/django/template/base.py", line 517, in parse
    compiled_result = compile_func(self, token)
  File "/data/data/com.termux/files/usr/lib/python3.13/site-packages/django/template/defaulttags.py", line 962, in do_if
    nodelist = parser.parse(("elif", "else", "endif"))
  File "/data/data/com.termux/files/usr/lib/python3.13/site-packages/django/template/base.py", line 519, in parse
    raise self.error(token, e)
  File "/data/data/com.termux/files/usr/lib/python3.13/site-packages/django/template/base.py", line 517, in parse
    compiled_result = compile_func(self, token)
  File "/data/data/com.termux/files/usr/lib/python3.13/site-packages/django/template/defaulttags.py", line 862, in do_for
    nodelist_loop = parser.parse(
        (
    ...<2 lines>...
        )
    )
  File "/data/data/com.termux/files/usr/lib/python3.13/site-packages/django/template/base.py", line 490, in parse
    raise self.error(token, e)
  File "/data/data/com.termux/files/usr/lib/python3.13/site-packages/django/template/base.py", line 488, in parse
    filter_expression = self.compile_filter(token.contents)
  File "/data/data/com.termux/files/usr/lib/python3.13/site-packages/django/template/base.py", line 610, in compile_filter
    return FilterExpression(token, self)
  File "/data/data/com.termux/files/usr/lib/python3.13/site-packages/django/template/base.py", line 706, in __init__
    filter_func = parser.find_filter(filter_name)
  File "/data/data/com.termux/files/usr/lib/python3.13/site-packages/django/template/base.py", line 616, in find_filter
    raise TemplateSyntaxError("Invalid filter: '%s'" % filter_name)
django.template.exceptions.TemplateSyntaxError: Invalid filter: 'sum'
INFO 2026-07-20 06:24:51,512 autoreload /storage/emulated/0/django/p1/app/views_frontend.py changed, reloading.
INFO 2026-07-20 06:24:59,604 apps AXES: BEGIN version 8.3.1, blocking by ip_address
INFO 2026-07-20 06:24:59,732 autoreload Watching for file changes with StatReloader
ERROR 2026-07-20 06:25:45,008 log Internal Server Error: /purchases/6/
Traceback (most recent call last):
  File "/data/data/com.termux/files/usr/lib/python3.13/site-packages/django/core/handlers/exception.py", line 55, in inner
    response = get_response(request)
  File "/data/data/com.termux/files/usr/lib/python3.13/site-packages/django/core/handlers/base.py", line 197, in _get_response
    response = wrapped_callback(request, *callback_args, **callback_kwargs)
  File "/data/data/com.termux/files/usr/lib/python3.13/site-packages/django/contrib/auth/decorators.py", line 59, in _view_wrapper
    return view_func(request, *args, **kwargs)
  File "/storage/emulated/0/django/p1/app/views_frontend.py", line 136, in purchase_detail
    return render(request, 'purchases/purchase_detail.html', context)
  File "/data/data/com.termux/files/usr/lib/python3.13/site-packages/django/shortcuts.py", line 25, in render
    content = loader.render_to_string(template_name, context, request, using=using)
  File "/data/data/com.termux/files/usr/lib/python3.13/site-packages/django/template/loader.py", line 61, in render_to_string
    template = get_template(template_name, using=using)
  File "/data/data/com.termux/files/usr/lib/python3.13/site-packages/django/template/loader.py", line 15, in get_template
    return engine.get_template(template_name)
           ~~~~~~~~~~~~~~~~~~~^^^^^^^^^^^^^^^
  File "/data/data/com.termux/files/usr/lib/python3.13/site-packages/django/template/backends/django.py", line 79, in get_template
    return Template(self.engine.get_template(template_name), self)
                    ~~~~~~~~~~~~~~~~~~~~~~~~^^^^^^^^^^^^^^^
  File "/data/data/com.termux/files/usr/lib/python3.13/site-packages/django/template/engine.py", line 177, in get_template
    template, origin = self.find_template(template_name)
                       ~~~~~~~~~~~~~~~~~~^^^^^^^^^^^^^^^
  File "/data/data/com.termux/files/usr/lib/python3.13/site-packages/django/template/engine.py", line 159, in find_template
    template = loader.get_template(name, skip=skip)
  File "/data/data/com.termux/files/usr/lib/python3.13/site-packages/django/template/loaders/cached.py", line 57, in get_template
    template = super().get_template(template_name, skip)
  File "/data/data/com.termux/files/usr/lib/python3.13/site-packages/django/template/loaders/base.py", line 28, in get_template
    return Template(
        contents,
    ...<2 lines>...
        self.engine,
    )
  File "/data/data/com.termux/files/usr/lib/python3.13/site-packages/django/template/base.py", line 155, in __init__
    self.nodelist = self.compile_nodelist()
                    ~~~~~~~~~~~~~~~~~~~~~^^
  File "/data/data/com.termux/files/usr/lib/python3.13/site-packages/django/template/base.py", line 197, in compile_nodelist
    nodelist = parser.parse()
  File "/data/data/com.termux/files/usr/lib/python3.13/site-packages/django/template/base.py", line 519, in parse
    raise self.error(token, e)
  File "/data/data/com.termux/files/usr/lib/python3.13/site-packages/django/template/base.py", line 517, in parse
    compiled_result = compile_func(self, token)
  File "/data/data/com.termux/files/usr/lib/python3.13/site-packages/django/template/loader_tags.py", line 299, in do_extends
    nodelist = parser.parse()
  File "/data/data/com.termux/files/usr/lib/python3.13/site-packages/django/template/base.py", line 519, in parse
    raise self.error(token, e)
  File "/data/data/com.termux/files/usr/lib/python3.13/site-packages/django/template/base.py", line 517, in parse
    compiled_result = compile_func(self, token)
  File "/data/data/com.termux/files/usr/lib/python3.13/site-packages/django/template/loader_tags.py", line 234, in do_block
    nodelist = parser.parse(("endblock",))
  File "/data/data/com.termux/files/usr/lib/python3.13/site-packages/django/template/base.py", line 519, in parse
    raise self.error(token, e)
  File "/data/data/com.termux/files/usr/lib/python3.13/site-packages/django/template/base.py", line 517, in parse
    compiled_result = compile_func(self, token)
  File "/data/data/com.termux/files/usr/lib/python3.13/site-packages/django/template/defaulttags.py", line 962, in do_if
    nodelist = parser.parse(("elif", "else", "endif"))
  File "/data/data/com.termux/files/usr/lib/python3.13/site-packages/django/template/base.py", line 519, in parse
    raise self.error(token, e)
  File "/data/data/com.termux/files/usr/lib/python3.13/site-packages/django/template/base.py", line 517, in parse
    compiled_result = compile_func(self, token)
  File "/data/data/com.termux/files/usr/lib/python3.13/site-packages/django/template/defaulttags.py", line 862, in do_for
    nodelist_loop = parser.parse(
        (
    ...<2 lines>...
        )
    )
  File "/data/data/com.termux/files/usr/lib/python3.13/site-packages/django/template/base.py", line 490, in parse
    raise self.error(token, e)
  File "/data/data/com.termux/files/usr/lib/python3.13/site-packages/django/template/base.py", line 488, in parse
    filter_expression = self.compile_filter(token.contents)
  File "/data/data/com.termux/files/usr/lib/python3.13/site-packages/django/template/base.py", line 610, in compile_filter
    return FilterExpression(token, self)
  File "/data/data/com.termux/files/usr/lib/python3.13/site-packages/django/template/base.py", line 706, in __init__
    filter_func = parser.find_filter(filter_name)
  File "/data/data/com.termux/files/usr/lib/python3.13/site-packages/django/template/base.py", line 616, in find_filter
    raise TemplateSyntaxError("Invalid filter: '%s'" % filter_name)
django.template.exceptions.TemplateSyntaxError: Invalid filter: 'sum'
ERROR 2026-07-20 06:26:58,318 log Internal Server Error: /purchases/6/
Traceback (most recent call last):
  File "/data/data/com.termux/files/usr/lib/python3.13/site-packages/django/core/handlers/exception.py", line 55, in inner
    response = get_response(request)
  File "/data/data/com.termux/files/usr/lib/python3.13/site-packages/django/core/handlers/base.py", line 197, in _get_response
    response = wrapped_callback(request, *callback_args, **callback_kwargs)
  File "/data/data/com.termux/files/usr/lib/python3.13/site-packages/django/contrib/auth/decorators.py", line 59, in _view_wrapper
    return view_func(request, *args, **kwargs)
  File "/storage/emulated/0/django/p1/app/views_frontend.py", line 136, in purchase_detail
    return render(request, 'purchases/purchase_detail.html', context)
  File "/data/data/com.termux/files/usr/lib/python3.13/site-packages/django/shortcuts.py", line 25, in render
    content = loader.render_to_string(template_name, context, request, using=using)
  File "/data/data/com.termux/files/usr/lib/python3.13/site-packages/django/template/loader.py", line 61, in render_to_string
    template = get_template(template_name, using=using)
  File "/data/data/com.termux/files/usr/lib/python3.13/site-packages/django/template/loader.py", line 15, in get_template
    return engine.get_template(template_name)
           ~~~~~~~~~~~~~~~~~~~^^^^^^^^^^^^^^^
  File "/data/data/com.termux/files/usr/lib/python3.13/site-packages/django/template/backends/django.py", line 79, in get_template
    return Template(self.engine.get_template(template_name), self)
                    ~~~~~~~~~~~~~~~~~~~~~~~~^^^^^^^^^^^^^^^
  File "/data/data/com.termux/files/usr/lib/python3.13/site-packages/django/template/engine.py", line 177, in get_template
    template, origin = self.find_template(template_name)
                       ~~~~~~~~~~~~~~~~~~^^^^^^^^^^^^^^^
  File "/data/data/com.termux/files/usr/lib/python3.13/site-packages/django/template/engine.py", line 159, in find_template
    template = loader.get_template(name, skip=skip)
  File "/data/data/com.termux/files/usr/lib/python3.13/site-packages/django/template/loaders/cached.py", line 57, in get_template
    template = super().get_template(template_name, skip)
  File "/data/data/com.termux/files/usr/lib/python3.13/site-packages/django/template/loaders/base.py", line 28, in get_template
    return Template(
        contents,
    ...<2 lines>...
        self.engine,
    )
  File "/data/data/com.termux/files/usr/lib/python3.13/site-packages/django/template/base.py", line 155, in __init__
    self.nodelist = self.compile_nodelist()
                    ~~~~~~~~~~~~~~~~~~~~~^^
  File "/data/data/com.termux/files/usr/lib/python3.13/site-packages/django/template/base.py", line 197, in compile_nodelist
    nodelist = parser.parse()
  File "/data/data/com.termux/files/usr/lib/python3.13/site-packages/django/template/base.py", line 519, in parse
    raise self.error(token, e)
  File "/data/data/com.termux/files/usr/lib/python3.13/site-packages/django/template/base.py", line 517, in parse
    compiled_result = compile_func(self, token)
  File "/data/data/com.termux/files/usr/lib/python3.13/site-packages/django/template/loader_tags.py", line 299, in do_extends
    nodelist = parser.parse()
  File "/data/data/com.termux/files/usr/lib/python3.13/site-packages/django/template/base.py", line 519, in parse
    raise self.error(token, e)
  File "/data/data/com.termux/files/usr/lib/python3.13/site-packages/django/template/base.py", line 517, in parse
    compiled_result = compile_func(self, token)
  File "/data/data/com.termux/files/usr/lib/python3.13/site-packages/django/template/loader_tags.py", line 234, in do_block
    nodelist = parser.parse(("endblock",))
  File "/data/data/com.termux/files/usr/lib/python3.13/site-packages/django/template/base.py", line 519, in parse
    raise self.error(token, e)
  File "/data/data/com.termux/files/usr/lib/python3.13/site-packages/django/template/base.py", line 517, in parse
    compiled_result = compile_func(self, token)
  File "/data/data/com.termux/files/usr/lib/python3.13/site-packages/django/template/defaulttags.py", line 962, in do_if
    nodelist = parser.parse(("elif", "else", "endif"))
  File "/data/data/com.termux/files/usr/lib/python3.13/site-packages/django/template/base.py", line 519, in parse
    raise self.error(token, e)
  File "/data/data/com.termux/files/usr/lib/python3.13/site-packages/django/template/base.py", line 517, in parse
    compiled_result = compile_func(self, token)
  File "/data/data/com.termux/files/usr/lib/python3.13/site-packages/django/template/defaulttags.py", line 862, in do_for
    nodelist_loop = parser.parse(
        (
    ...<2 lines>...
        )
    )
  File "/data/data/com.termux/files/usr/lib/python3.13/site-packages/django/template/base.py", line 490, in parse
    raise self.error(token, e)
  File "/data/data/com.termux/files/usr/lib/python3.13/site-packages/django/template/base.py", line 488, in parse
    filter_expression = self.compile_filter(token.contents)
  File "/data/data/com.termux/files/usr/lib/python3.13/site-packages/django/template/base.py", line 610, in compile_filter
    return FilterExpression(token, self)
  File "/data/data/com.termux/files/usr/lib/python3.13/site-packages/django/template/base.py", line 706, in __init__
    filter_func = parser.find_filter(filter_name)
  File "/data/data/com.termux/files/usr/lib/python3.13/site-packages/django/template/base.py", line 616, in find_filter
    raise TemplateSyntaxError("Invalid filter: '%s'" % filter_name)
django.template.exceptions.TemplateSyntaxError: Invalid filter: 'sum'
INFO 2026-07-20 06:28:23,113 autoreload /storage/emulated/0/django/p1/app/views_frontend.py changed, reloading.
INFO 2026-07-20 06:28:31,904 apps AXES: BEGIN version 8.3.1, blocking by ip_address
INFO 2026-07-20 06:28:32,040 autoreload Watching for file changes with StatReloader
ERROR 2026-07-20 06:28:48,402 log Internal Server Error: /purchases/6/
Traceback (most recent call last):
  File "/data/data/com.termux/files/usr/lib/python3.13/site-packages/django/core/handlers/exception.py", line 55, in inner
    response = get_response(request)
  File "/data/data/com.termux/files/usr/lib/python3.13/site-packages/django/core/handlers/base.py", line 197, in _get_response
    response = wrapped_callback(request, *callback_args, **callback_kwargs)
  File "/data/data/com.termux/files/usr/lib/python3.13/site-packages/django/contrib/auth/decorators.py", line 59, in _view_wrapper
    return view_func(request, *args, **kwargs)
  File "/storage/emulated/0/django/p1/app/views_frontend.py", line 141, in purchase_detail
    return render(request, 'purchases/purchase_detail.html', context)
  File "/data/data/com.termux/files/usr/lib/python3.13/site-packages/django/shortcuts.py", line 25, in render
    content = loader.render_to_string(template_name, context, request, using=using)
  File "/data/data/com.termux/files/usr/lib/python3.13/site-packages/django/template/loader.py", line 61, in render_to_string
    template = get_template(template_name, using=using)
  File "/data/data/com.termux/files/usr/lib/python3.13/site-packages/django/template/loader.py", line 15, in get_template
    return engine.get_template(template_name)
           ~~~~~~~~~~~~~~~~~~~^^^^^^^^^^^^^^^
  File "/data/data/com.termux/files/usr/lib/python3.13/site-packages/django/template/backends/django.py", line 79, in get_template
    return Template(self.engine.get_template(template_name), self)
                    ~~~~~~~~~~~~~~~~~~~~~~~~^^^^^^^^^^^^^^^
  File "/data/data/com.termux/files/usr/lib/python3.13/site-packages/django/template/engine.py", line 177, in get_template
    template, origin = self.find_template(template_name)
                       ~~~~~~~~~~~~~~~~~~^^^^^^^^^^^^^^^
  File "/data/data/com.termux/files/usr/lib/python3.13/site-packages/django/template/engine.py", line 159, in find_template
    template = loader.get_template(name, skip=skip)
  File "/data/data/com.termux/files/usr/lib/python3.13/site-packages/django/template/loaders/cached.py", line 57, in get_template
    template = super().get_template(template_name, skip)
  File "/data/data/com.termux/files/usr/lib/python3.13/site-packages/django/template/loaders/base.py", line 28, in get_template
    return Template(
        contents,
    ...<2 lines>...
        self.engine,
    )
  File "/data/data/com.termux/files/usr/lib/python3.13/site-packages/django/template/base.py", line 155, in __init__
    self.nodelist = self.compile_nodelist()
                    ~~~~~~~~~~~~~~~~~~~~~^^
  File "/data/data/com.termux/files/usr/lib/python3.13/site-packages/django/template/base.py", line 197, in compile_nodelist
    nodelist = parser.parse()
  File "/data/data/com.termux/files/usr/lib/python3.13/site-packages/django/template/base.py", line 519, in parse
    raise self.error(token, e)
  File "/data/data/com.termux/files/usr/lib/python3.13/site-packages/django/template/base.py", line 517, in parse
    compiled_result = compile_func(self, token)
  File "/data/data/com.termux/files/usr/lib/python3.13/site-packages/django/template/loader_tags.py", line 299, in do_extends
    nodelist = parser.parse()
  File "/data/data/com.termux/files/usr/lib/python3.13/site-packages/django/template/base.py", line 519, in parse
    raise self.error(token, e)
  File "/data/data/com.termux/files/usr/lib/python3.13/site-packages/django/template/base.py", line 517, in parse
    compiled_result = compile_func(self, token)
  File "/data/data/com.termux/files/usr/lib/python3.13/site-packages/django/template/loader_tags.py", line 234, in do_block
    nodelist = parser.parse(("endblock",))
  File "/data/data/com.termux/files/usr/lib/python3.13/site-packages/django/template/base.py", line 519, in parse
    raise self.error(token, e)
  File "/data/data/com.termux/files/usr/lib/python3.13/site-packages/django/template/base.py", line 517, in parse
    compiled_result = compile_func(self, token)
  File "/data/data/com.termux/files/usr/lib/python3.13/site-packages/django/template/defaulttags.py", line 962, in do_if
    nodelist = parser.parse(("elif", "else", "endif"))
  File "/data/data/com.termux/files/usr/lib/python3.13/site-packages/django/template/base.py", line 519, in parse
    raise self.error(token, e)
  File "/data/data/com.termux/files/usr/lib/python3.13/site-packages/django/template/base.py", line 517, in parse
    compiled_result = compile_func(self, token)
  File "/data/data/com.termux/files/usr/lib/python3.13/site-packages/django/template/defaulttags.py", line 862, in do_for
    nodelist_loop = parser.parse(
        (
    ...<2 lines>...
        )
    )
  File "/data/data/com.termux/files/usr/lib/python3.13/site-packages/django/template/base.py", line 490, in parse
    raise self.error(token, e)
  File "/data/data/com.termux/files/usr/lib/python3.13/site-packages/django/template/base.py", line 488, in parse
    filter_expression = self.compile_filter(token.contents)
  File "/data/data/com.termux/files/usr/lib/python3.13/site-packages/django/template/base.py", line 610, in compile_filter
    return FilterExpression(token, self)
  File "/data/data/com.termux/files/usr/lib/python3.13/site-packages/django/template/base.py", line 706, in __init__
    filter_func = parser.find_filter(filter_name)
  File "/data/data/com.termux/files/usr/lib/python3.13/site-packages/django/template/base.py", line 616, in find_filter
    raise TemplateSyntaxError("Invalid filter: '%s'" % filter_name)
django.template.exceptions.TemplateSyntaxError: Invalid filter: 'sum'
INFO 2026-07-20 07:08:07,489 apps AXES: BEGIN version 8.3.1, blocking by ip_address
INFO 2026-07-20 07:08:12,584 apps AXES: BEGIN version 8.3.1, blocking by ip_address
INFO 2026-07-20 07:08:12,702 autoreload Watching for file changes with StatReloader
INFO 2026-07-20 08:22:10,996 apps AXES: BEGIN version 8.3.1, blocking by ip_address
INFO 2026-07-20 08:22:18,342 apps AXES: BEGIN version 8.3.1, blocking by ip_address
INFO 2026-07-20 08:22:18,443 autoreload Watching for file changes with StatReloader
INFO 2026-07-20 08:56:55,767 apps AXES: BEGIN version 8.3.1, blocking by ip_address
INFO 2026-07-20 08:57:01,465 apps AXES: BEGIN version 8.3.1, blocking by ip_address
INFO 2026-07-20 08:57:01,588 autoreload Watching for file changes with StatReloader
INFO 2026-07-20 09:40:20,015 autoreload /storage/emulated/0/django/p1/app/views_frontend.py changed, reloading.
INFO 2026-07-20 09:40:36,512 apps AXES: BEGIN version 8.3.1, blocking by ip_address
INFO 2026-07-20 09:40:36,782 autoreload Watching for file changes with StatReloader
INFO 2026-07-20 09:50:32,591 autoreload /storage/emulated/0/django/p1/app/urls.py changed, reloading.
INFO 2026-07-20 09:50:41,908 apps AXES: BEGIN version 8.3.1, blocking by ip_address
INFO 2026-07-20 09:50:42,059 autoreload Watching for file changes with StatReloader
INFO 2026-07-20 13:49:54,593 apps AXES: BEGIN version 8.3.1, blocking by ip_address
INFO 2026-07-20 13:50:02,908 apps AXES: BEGIN version 8.3.1, blocking by ip_address
INFO 2026-07-20 13:50:03,062 autoreload Watching for file changes with StatReloader
INFO 2026-07-20 14:10:01,891 apps AXES: BEGIN version 8.3.1, blocking by ip_address
INFO 2026-07-20 14:10:08,859 apps AXES: BEGIN version 8.3.1, blocking by ip_address
INFO 2026-07-20 14:10:09,002 autoreload Watching for file changes with StatReloader
INFO 2026-07-20 22:58:30,198 apps AXES: BEGIN version 8.3.1, blocking by ip_address
INFO 2026-07-20 22:58:35,931 apps AXES: BEGIN version 8.3.1, blocking by ip_address
INFO 2026-07-20 22:58:36,041 autoreload Watching for file changes with StatReloader
INFO 2026-07-20 23:03:24,092 autoreload /storage/emulated/0/django/p1/app/views_frontend.py changed, reloading.
INFO 2026-07-20 23:03:33,470 apps AXES: BEGIN version 8.3.1, blocking by ip_address
INFO 2026-07-20 23:03:33,635 autoreload Watching for file changes with StatReloader
INFO 2026-07-20 23:06:10,091 signals ⏳ Waiting for items on 555
INFO 2026-07-20 23:06:10,131 signals 🔄 Item added to 555, processing deduction...
INFO 2026-07-20 23:06:10,195 signals 🔄 Item added to 555, processing deduction...
ERROR 2026-07-20 23:06:10,942 signals ❌ Auto-deduction failed for 555: No shareholders with positive balance found
ERROR 2026-07-20 23:06:10,965 signals ❌ Auto-deduction failed for 555: No shareholders with positive balance found
ERROR 2026-07-20 23:06:11,690 signals ❌ Auto-deduction failed for 555: No shareholders with positive balance found
INFO 2026-07-20 23:12:54,128 autoreload /storage/emulated/0/django/p1/app/views_frontend.py changed, reloading.
INFO 2026-07-20 23:13:04,496 apps AXES: BEGIN version 8.3.1, blocking by ip_address
INFO 2026-07-20 23:13:04,669 autoreload Watching for file changes with StatReloader
INFO 2026-07-20 23:15:33,721 autoreload /storage/emulated/0/django/p1/app/views_frontend.py changed, reloading.
INFO 2026-07-20 23:15:42,306 apps AXES: BEGIN version 8.3.1, blocking by ip_address
INFO 2026-07-20 23:15:42,447 autoreload Watching for file changes with StatReloader
INFO 2026-07-20 23:18:27,312 autoreload /storage/emulated/0/django/p1/app/views_frontend.py changed, reloading.
INFO 2026-07-20 23:18:37,229 apps AXES: BEGIN version 8.3.1, blocking by ip_address
INFO 2026-07-20 23:18:37,365 autoreload Watching for file changes with StatReloader
INFO 2026-07-20 23:24:38,500 autoreload /storage/emulated/0/django/p1/app/views_frontend.py changed, reloading.
INFO 2026-07-20 23:24:45,745 apps AXES: BEGIN version 8.3.1, blocking by ip_address
INFO 2026-07-20 23:24:45,877 autoreload Watching for file changes with StatReloader
INFO 2026-07-20 23:28:46,643 autoreload /storage/emulated/0/django/p1/app/views_frontend.py changed, reloading.
INFO 2026-07-20 23:28:54,789 apps AXES: BEGIN version 8.3.1, blocking by ip_address
INFO 2026-07-20 23:28:54,922 autoreload Watching for file changes with StatReloader
INFO 2026-07-20 23:36:32,496 autoreload /storage/emulated/0/django/p1/app/views_frontend.py changed, reloading.
INFO 2026-07-20 23:36:43,128 apps AXES: BEGIN version 8.3.1, blocking by ip_address
INFO 2026-07-20 23:36:43,260 autoreload Watching for file changes with StatReloader
INFO 2026-07-20 23:40:17,342 autoreload /storage/emulated/0/django/p1/app/views_frontend.py changed, reloading.
INFO 2026-07-20 23:40:26,598 apps AXES: BEGIN version 8.3.1, blocking by ip_address
INFO 2026-07-20 23:40:26,723 autoreload Watching for file changes with StatReloader
INFO 2026-07-20 23:50:27,141 autoreload /storage/emulated/0/django/p1/app/views_frontend.py changed, reloading.
INFO 2026-07-20 23:50:37,326 apps AXES: BEGIN version 8.3.1, blocking by ip_address
INFO 2026-07-20 23:50:37,527 autoreload Watching for file changes with StatReloader
INFO 2026-07-20 23:58:20,742 autoreload /storage/emulated/0/django/p1/app/views_frontend.py changed, reloading.
INFO 2026-07-20 23:58:31,789 apps AXES: BEGIN version 8.3.1, blocking by ip_address
INFO 2026-07-20 23:58:31,983 autoreload Watching for file changes with StatReloader
INFO 2026-07-21 00:02:33,800 autoreload /storage/emulated/0/django/p1/app/views_frontend.py changed, reloading.
INFO 2026-07-21 00:02:43,200 apps AXES: BEGIN version 8.3.1, blocking by ip_address
INFO 2026-07-21 00:02:43,339 autoreload Watching for file changes with StatReloader
INFO 2026-07-21 00:13:14,587 autoreload /storage/emulated/0/django/p1/app/views_frontend.py changed, reloading.
INFO 2026-07-21 00:13:25,736 apps AXES: BEGIN version 8.3.1, blocking by ip_address
INFO 2026-07-21 00:13:25,909 autoreload Watching for file changes with StatReloader
INFO 2026-07-21 00:23:12,103 autoreload /storage/emulated/0/django/p1/app/views_frontend.py changed, reloading.
INFO 2026-07-21 00:23:22,616 apps AXES: BEGIN version 8.3.1, blocking by ip_address
INFO 2026-07-21 00:23:22,805 autoreload Watching for file changes with StatReloader
INFO 2026-07-21 00:32:39,701 autoreload /storage/emulated/0/django/p1/app/views_frontend.py changed, reloading.
INFO 2026-07-21 00:32:50,881 apps AXES: BEGIN version 8.3.1, blocking by ip_address
INFO 2026-07-21 00:32:51,050 autoreload Watching for file changes with StatReloader
INFO 2026-07-21 00:33:32,263 autoreload /storage/emulated/0/django/p1/app/views_frontend.py changed, reloading.
INFO 2026-07-21 00:33:40,067 apps AXES: BEGIN version 8.3.1, blocking by ip_address
INFO 2026-07-21 00:33:40,177 autoreload Watching for file changes with StatReloader
INFO 2026-07-21 00:37:09,360 autoreload /storage/emulated/0/django/p1/app/views_frontend.py changed, reloading.
INFO 2026-07-21 00:37:20,226 apps AXES: BEGIN version 8.3.1, blocking by ip_address
INFO 2026-07-21 00:37:20,423 autoreload Watching for file changes with StatReloader
INFO 2026-07-21 00:38:30,589 autoreload /storage/emulated/0/django/p1/app/views_frontend.py changed, reloading.
INFO 2026-07-21 00:38:38,884 apps AXES: BEGIN version 8.3.1, blocking by ip_address
INFO 2026-07-21 00:38:39,039 autoreload Watching for file changes with StatReloader
INFO 2026-07-21 07:18:21,032 apps AXES: BEGIN version 8.3.1, blocking by ip_address
INFO 2026-07-21 07:18:26,332 apps AXES: BEGIN version 8.3.1, blocking by ip_address
INFO 2026-07-21 07:18:26,459 autoreload Watching for file changes with StatReloader
ERROR 2026-07-21 07:18:56,510 log Internal Server Error: /api/system/cache-status/
Traceback (most recent call last):
  File "/storage/emulated/0/django/p1/app/views_frontend.py", line 7974, in system_cache_status
    hit_rate = cache.get('stats:hit_rate', None)
               ^^^^^
NameError: name 'cache' is not defined

During handling of the above exception, another exception occurred:

Traceback (most recent call last):
  File "/data/data/com.termux/files/usr/lib/python3.13/site-packages/django/core/handlers/exception.py", line 55, in inner
    response = get_response(request)
  File "/data/data/com.termux/files/usr/lib/python3.13/site-packages/django/core/handlers/base.py", line 197, in _get_response
    response = wrapped_callback(request, *callback_args, **callback_kwargs)
  File "/data/data/com.termux/files/usr/lib/python3.13/site-packages/django/contrib/auth/decorators.py", line 59, in _view_wrapper
    return view_func(request, *args, **kwargs)
  File "/storage/emulated/0/django/p1/app/views_frontend.py", line 7997, in system_cache_status
    'hit_rate': random.randint(75, 94),
                ^^^^^^
NameError: name 'random' is not defined. Did you forget to import 'random'?
ERROR 2026-07-21 07:18:56,914 log Internal Server Error: /api/system/queue-status/
Traceback (most recent call last):
  File "/data/data/com.termux/files/usr/lib/python3.13/site-packages/django/core/handlers/exception.py", line 55, in inner
    response = get_response(request)
  File "/data/data/com.termux/files/usr/lib/python3.13/site-packages/django/core/handlers/base.py", line 197, in _get_response
    response = wrapped_callback(request, *callback_args, **callback_kwargs)
  File "/data/data/com.termux/files/usr/lib/python3.13/site-packages/django/contrib/auth/decorators.py", line 59, in _view_wrapper
    return view_func(request, *args, **kwargs)
  File "/storage/emulated/0/django/p1/app/views_frontend.py", line 8045, in system_queue_status
    'active_workers': random.randint(2, 6),
                      ^^^^^^
NameError: name 'random' is not defined. Did you forget to import 'random'?
ERROR 2026-07-21 07:22:31,447 log Internal Server Error: /api/system/queue-status/
Traceback (most recent call last):
  File "/data/data/com.termux/files/usr/lib/python3.13/site-packages/django/core/handlers/exception.py", line 55, in inner
    response = get_response(request)
  File "/data/data/com.termux/files/usr/lib/python3.13/site-packages/django/core/handlers/base.py", line 197, in _get_response
    response = wrapped_callback(request, *callback_args, **callback_kwargs)
  File "/data/data/com.termux/files/usr/lib/python3.13/site-packages/django/contrib/auth/decorators.py", line 59, in _view_wrapper
    return view_func(request, *args, **kwargs)
  File "/storage/emulated/0/django/p1/app/views_frontend.py", line 8045, in system_queue_status
    'active_workers': random.randint(2, 6),
                      ^^^^^^
NameError: name 'random' is not defined. Did you forget to import 'random'?
ERROR 2026-07-21 07:22:31,515 log Internal Server Error: /api/system/cache-status/
Traceback (most recent call last):
  File "/storage/emulated/0/django/p1/app/views_frontend.py", line 7974, in system_cache_status
    hit_rate = cache.get('stats:hit_rate', None)
               ^^^^^
NameError: name 'cache' is not defined

During handling of the above exception, another exception occurred:

Traceback (most recent call last):
  File "/data/data/com.termux/files/usr/lib/python3.13/site-packages/django/core/handlers/exception.py", line 55, in inner
    response = get_response(request)
  File "/data/data/com.termux/files/usr/lib/python3.13/site-packages/django/core/handlers/base.py", line 197, in _get_response
    response = wrapped_callback(request, *callback_args, **callback_kwargs)
  File "/data/data/com.termux/files/usr/lib/python3.13/site-packages/django/contrib/auth/decorators.py", line 59, in _view_wrapper
    return view_func(request, *args, **kwargs)
  File "/storage/emulated/0/django/p1/app/views_frontend.py", line 7997, in system_cache_status
    'hit_rate': random.randint(75, 94),
                ^^^^^^
NameError: name 'random' is not defined. Did you forget to import 'random'?
INFO 2026-07-22 20:30:17,062 apps AXES: BEGIN version 8.3.1, blocking by ip_address
INFO 2026-07-22 20:30:22,322 apps AXES: BEGIN version 8.3.1, blocking by ip_address
INFO 2026-07-22 20:30:22,439 autoreload Watching for file changes with StatReloader
WARNING 2026-07-22 20:31:17,929 log Not Found: /favicon.ico
INFO 2026-07-22 20:31:23,840 database AXES: Successful login by {username: "********************", ip_address: "********************", user_agent: "Mozilla/5.0 (Linux; Android 10; K) AppleWebKit/537.36 (KHTML, like Gecko) Chrome/149.0.0.0 Mobile Safari/537.36", path_info: "/login/"}.
INFO 2026-07-22 20:31:23,855 database AXES: Cleaned up 0 expired access attempts from database that were older than 2026-07-22 14:31:22.641016+00:00
ERROR 2026-07-22 20:31:29,948 log Internal Server Error: /api/system/cache-status/
Traceback (most recent call last):
  File "/storage/emulated/0/django/p1/app/views_frontend.py", line 7974, in system_cache_status
    hit_rate = cache.get('stats:hit_rate', None)
               ^^^^^
NameError: name 'cache' is not defined

During handling of the above exception, another exception occurred:

Traceback (most recent call last):
  File "/data/data/com.termux/files/usr/lib/python3.13/site-packages/django/core/handlers/exception.py", line 55, in inner
    response = get_response(request)
  File "/data/data/com.termux/files/usr/lib/python3.13/site-packages/django/core/handlers/base.py", line 197, in _get_response
    response = wrapped_callback(request, *callback_args, **callback_kwargs)
  File "/data/data/com.termux/files/usr/lib/python3.13/site-packages/django/contrib/auth/decorators.py", line 59, in _view_wrapper
    return view_func(request, *args, **kwargs)
  File "/storage/emulated/0/django/p1/app/views_frontend.py", line 7997, in system_cache_status
    'hit_rate': random.randint(75, 94),
                ^^^^^^
NameError: name 'random' is not defined. Did you forget to import 'random'?
ERROR 2026-07-22 20:31:30,676 log Internal Server Error: /api/system/queue-status/
Traceback (most recent call last):
  File "/data/data/com.termux/files/usr/lib/python3.13/site-packages/django/core/handlers/exception.py", line 55, in inner
    response = get_response(request)
  File "/data/data/com.termux/files/usr/lib/python3.13/site-packages/django/core/handlers/base.py", line 197, in _get_response
    response = wrapped_callback(request, *callback_args, **callback_kwargs)
  File "/data/data/com.termux/files/usr/lib/python3.13/site-packages/django/contrib/auth/decorators.py", line 59, in _view_wrapper
    return view_func(request, *args, **kwargs)
  File "/storage/emulated/0/django/p1/app/views_frontend.py", line 8045, in system_queue_status
    'active_workers': random.randint(2, 6),
                      ^^^^^^
NameError: name 'random' is not defined. Did you forget to import 'random'?
ERROR 2026-07-22 20:35:04,757 log Internal Server Error: /api/system/cache-status/
Traceback (most recent call last):
  File "/storage/emulated/0/django/p1/app/views_frontend.py", line 7974, in system_cache_status
    hit_rate = cache.get('stats:hit_rate', None)
               ^^^^^
NameError: name 'cache' is not defined

During handling of the above exception, another exception occurred:

Traceback (most recent call last):
  File "/data/data/com.termux/files/usr/lib/python3.13/site-packages/django/core/handlers/exception.py", line 55, in inner
    response = get_response(request)
  File "/data/data/com.termux/files/usr/lib/python3.13/site-packages/django/core/handlers/base.py", line 197, in _get_response
    response = wrapped_callback(request, *callback_args, **callback_kwargs)
  File "/data/data/com.termux/files/usr/lib/python3.13/site-packages/django/contrib/auth/decorators.py", line 59, in _view_wrapper
    return view_func(request, *args, **kwargs)
  File "/storage/emulated/0/django/p1/app/views_frontend.py", line 7997, in system_cache_status
    'hit_rate': random.randint(75, 94),
                ^^^^^^
NameError: name 'random' is not defined. Did you forget to import 'random'?
ERROR 2026-07-22 20:35:04,761 log Internal Server Error: /api/system/queue-status/
Traceback (most recent call last):
  File "/data/data/com.termux/files/usr/lib/python3.13/site-packages/django/core/handlers/exception.py", line 55, in inner
    response = get_response(request)
  File "/data/data/com.termux/files/usr/lib/python3.13/site-packages/django/core/handlers/base.py", line 197, in _get_response
    response = wrapped_callback(request, *callback_args, **callback_kwargs)
  File "/data/data/com.termux/files/usr/lib/python3.13/site-packages/django/contrib/auth/decorators.py", line 59, in _view_wrapper
    return view_func(request, *args, **kwargs)
  File "/storage/emulated/0/django/p1/app/views_frontend.py", line 8045, in system_queue_status
    'active_workers': random.randint(2, 6),
                      ^^^^^^
NameError: name 'random' is not defined. Did you forget to import 'random'?
INFO 2026-07-22 20:35:35,652 apps AXES: BEGIN version 8.3.1, blocking by ip_address
INFO 2026-07-22 20:36:05,759 apps AXES: BEGIN version 8.3.1, blocking by ip_address
INFO 2026-07-22 20:36:31,224 apps AXES: BEGIN version 8.3.1, blocking by ip_address
INFO 2026-07-22 20:36:36,310 apps AXES: BEGIN version 8.3.1, blocking by ip_address
INFO 2026-07-22 20:36:36,429 autoreload Watching for file changes with StatReloader
INFO 2026-07-22 20:36:54,534 database AXES: Successful login by {username: "********************", ip_address: "********************", user_agent: "Mozilla/5.0 (Linux; Android 10; K) AppleWebKit/537.36 (KHTML, like Gecko) Chrome/149.0.0.0 Mobile Safari/537.36", path_info: "/login/"}.
INFO 2026-07-22 20:36:54,547 database AXES: Cleaned up 0 expired access attempts from database that were older than 2026-07-22 14:36:53.511058+00:00
ERROR 2026-07-22 20:36:59,399 log Internal Server Error: /api/system/cache-status/
Traceback (most recent call last):
  File "/storage/emulated/0/django/p1/app/views_frontend.py", line 7974, in system_cache_status
    hit_rate = cache.get('stats:hit_rate', None)
               ^^^^^
NameError: name 'cache' is not defined

During handling of the above exception, another exception occurred:

Traceback (most recent call last):
  File "/data/data/com.termux/files/usr/lib/python3.13/site-packages/django/core/handlers/exception.py", line 55, in inner
    response = get_response(request)
  File "/data/data/com.termux/files/usr/lib/python3.13/site-packages/django/core/handlers/base.py", line 197, in _get_response
    response = wrapped_callback(request, *callback_args, **callback_kwargs)
  File "/data/data/com.termux/files/usr/lib/python3.13/site-packages/django/contrib/auth/decorators.py", line 59, in _view_wrapper
    return view_func(request, *args, **kwargs)
  File "/storage/emulated/0/django/p1/app/views_frontend.py", line 7997, in system_cache_status
    'hit_rate': random.randint(75, 94),
                ^^^^^^
NameError: name 'random' is not defined. Did you forget to import 'random'?
ERROR 2026-07-22 20:36:59,596 log Internal Server Error: /api/system/queue-status/
Traceback (most recent call last):
  File "/data/data/com.termux/files/usr/lib/python3.13/site-packages/django/core/handlers/exception.py", line 55, in inner
    response = get_response(request)
  File "/data/data/com.termux/files/usr/lib/python3.13/site-packages/django/core/handlers/base.py", line 197, in _get_response
    response = wrapped_callback(request, *callback_args, **callback_kwargs)
  File "/data/data/com.termux/files/usr/lib/python3.13/site-packages/django/contrib/auth/decorators.py", line 59, in _view_wrapper
    return view_func(request, *args, **kwargs)
  File "/storage/emulated/0/django/p1/app/views_frontend.py", line 8045, in system_queue_status
    'active_workers': random.randint(2, 6),
                      ^^^^^^
NameError: name 'random' is not defined. Did you forget to import 'random'?
ERROR 2026-07-22 20:39:33,588 log Internal Server Error: /api/system/queue-status/
Traceback (most recent call last):
  File "/data/data/com.termux/files/usr/lib/python3.13/site-packages/django/core/handlers/exception.py", line 55, in inner
    response = get_response(request)
  File "/data/data/com.termux/files/usr/lib/python3.13/site-packages/django/core/handlers/base.py", line 197, in _get_response
    response = wrapped_callback(request, *callback_args, **callback_kwargs)
  File "/data/data/com.termux/files/usr/lib/python3.13/site-packages/django/contrib/auth/decorators.py", line 59, in _view_wrapper
    return view_func(request, *args, **kwargs)
  File "/storage/emulated/0/django/p1/app/views_frontend.py", line 8045, in system_queue_status
    'active_workers': random.randint(2, 6),
                      ^^^^^^
NameError: name 'random' is not defined. Did you forget to import 'random'?
ERROR 2026-07-22 20:39:33,788 log Internal Server Error: /api/system/cache-status/
Traceback (most recent call last):
  File "/storage/emulated/0/django/p1/app/views_frontend.py", line 7974, in system_cache_status
    hit_rate = cache.get('stats:hit_rate', None)
               ^^^^^
NameError: name 'cache' is not defined

During handling of the above exception, another exception occurred:

Traceback (most recent call last):
  File "/data/data/com.termux/files/usr/lib/python3.13/site-packages/django/core/handlers/exception.py", line 55, in inner
    response = get_response(request)
  File "/data/data/com.termux/files/usr/lib/python3.13/site-packages/django/core/handlers/base.py", line 197, in _get_response
    response = wrapped_callback(request, *callback_args, **callback_kwargs)
  File "/data/data/com.termux/files/usr/lib/python3.13/site-packages/django/contrib/auth/decorators.py", line 59, in _view_wrapper
    return view_func(request, *args, **kwargs)
  File "/storage/emulated/0/django/p1/app/views_frontend.py", line 7997, in system_cache_status
    'hit_rate': random.randint(75, 94),
                ^^^^^^
NameError: name 'random' is not defined. Did you forget to import 'random'?
INFO 2026-07-22 20:39:39,118 database AXES: Cleaned up 0 expired access attempts from database that were older than 2026-07-22 14:39:39.111319+00:00
INFO 2026-07-22 20:39:39,119 database AXES: Successful logout by {username: "********************", ip_address: "********************", user_agent: "Mozilla/5.0 (Linux; Android 10; K) AppleWebKit/537.36 (KHTML, like Gecko) Chrome/149.0.0.0 Mobile Safari/537.36", path_info: "/logout/"}.
INFO 2026-07-22 20:40:15,726 database AXES: Successful login by {username: "********************", ip_address: "********************", user_agent: "Mozilla/5.0 (Linux; Android 10; K) AppleWebKit/537.36 (KHTML, like Gecko) Chrome/149.0.0.0 Mobile Safari/537.36", path_info: "/shareholder/login/"}.
INFO 2026-07-22 20:40:15,739 database AXES: Cleaned up 0 expired access attempts from database that were older than 2026-07-22 14:40:14.661053+00:00
INFO 2026-07-22 20:41:02,669 database AXES: Cleaned up 0 expired access attempts from database that were older than 2026-07-22 14:41:02.663147+00:00
INFO 2026-07-22 20:41:02,669 database AXES: Successful logout by {username: "********************", ip_address: "********************", user_agent: "Mozilla/5.0 (Linux; Android 10; K) AppleWebKit/537.36 (KHTML, like Gecko) Chrome/149.0.0.0 Mobile Safari/537.36", path_info: "/shareholder/logout/"}.
INFO 2026-07-22 20:41:16,649 database AXES: Successful login by {username: "********************", ip_address: "********************", user_agent: "Mozilla/5.0 (Linux; Android 10; K) AppleWebKit/537.36 (KHTML, like Gecko) Chrome/149.0.0.0 Mobile Safari/537.36", path_info: "/login/"}.
INFO 2026-07-22 20:41:16,664 database AXES: Cleaned up 0 expired access attempts from database that were older than 2026-07-22 14:41:15.581657+00:00
ERROR 2026-07-22 20:41:20,229 log Internal Server Error: /api/system/queue-status/
Traceback (most recent call last):
  File "/data/data/com.termux/files/usr/lib/python3.13/site-packages/django/core/handlers/exception.py", line 55, in inner
    response = get_response(request)
  File "/data/data/com.termux/files/usr/lib/python3.13/site-packages/django/core/handlers/base.py", line 197, in _get_response
    response = wrapped_callback(request, *callback_args, **callback_kwargs)
  File "/data/data/com.termux/files/usr/lib/python3.13/site-packages/django/contrib/auth/decorators.py", line 59, in _view_wrapper
    return view_func(request, *args, **kwargs)
  File "/storage/emulated/0/django/p1/app/views_frontend.py", line 8045, in system_queue_status
    'active_workers': random.randint(2, 6),
                      ^^^^^^
NameError: name 'random' is not defined. Did you forget to import 'random'?
ERROR 2026-07-22 20:41:20,474 log Internal Server Error: /api/system/cache-status/
Traceback (most recent call last):
  File "/storage/emulated/0/django/p1/app/views_frontend.py", line 7974, in system_cache_status
    hit_rate = cache.get('stats:hit_rate', None)
               ^^^^^
NameError: name 'cache' is not defined

During handling of the above exception, another exception occurred:

Traceback (most recent call last):
  File "/data/data/com.termux/files/usr/lib/python3.13/site-packages/django/core/handlers/exception.py", line 55, in inner
    response = get_response(request)
  File "/data/data/com.termux/files/usr/lib/python3.13/site-packages/django/core/handlers/base.py", line 197, in _get_response
    response = wrapped_callback(request, *callback_args, **callback_kwargs)
  File "/data/data/com.termux/files/usr/lib/python3.13/site-packages/django/contrib/auth/decorators.py", line 59, in _view_wrapper
    return view_func(request, *args, **kwargs)
  File "/storage/emulated/0/django/p1/app/views_frontend.py", line 7997, in system_cache_status
    'hit_rate': random.randint(75, 94),
                ^^^^^^
NameError: name 'random' is not defined. Did you forget to import 'random'?
INFO 2026-07-22 20:52:30,404 signals ⏳ Waiting for items on 123
INFO 2026-07-22 20:52:30,453 signals 🔄 Item added to 123, processing deduction...
ERROR 2026-07-22 20:52:31,228 models Failed to deduct from Zara: database is locked
ERROR 2026-07-22 20:52:31,256 models Proportional deduction failed: database is locked
ERROR 2026-07-22 20:52:31,259 signals ❌ Auto-deduction failed for 123: database is locked
INFO 2026-07-22 20:52:32,164 models Deducted Rs. 220.00 (100.0%) from Zara
INFO 2026-07-22 20:52:32,235 signals ✅ Auto-deduction successful for 123
INFO 2026-07-22 20:52:32,244 signals    Total: Rs. 220.00
INFO 2026-07-22 20:52:32,246 signals    - Zara: Rs. 220.00 (100.0%)
INFO 2026-07-22 20:53:42,249 database AXES: Cleaned up 0 expired access attempts from database that were older than 2026-07-22 14:53:42.243478+00:00
INFO 2026-07-22 20:53:42,250 database AXES: Successful logout by {username: "********************", ip_address: "********************", user_agent: "Mozilla/5.0 (Linux; Android 10; K) AppleWebKit/537.36 (KHTML, like Gecko) Chrome/149.0.0.0 Mobile Safari/537.36", path_info: "/logout/"}.
INFO 2026-07-22 20:54:01,790 database AXES: Successful login by {username: "********************", ip_address: "********************", user_agent: "Mozilla/5.0 (Linux; Android 10; K) AppleWebKit/537.36 (KHTML, like Gecko) Chrome/149.0.0.0 Mobile Safari/537.36", path_info: "/shareholder/login/"}.
INFO 2026-07-22 20:54:01,804 database AXES: Cleaned up 0 expired access attempts from database that were older than 2026-07-22 14:54:00.748704+00:00
INFO 2026-07-22 20:56:30,419 database AXES: Cleaned up 0 expired access attempts from database that were older than 2026-07-22 14:56:30.413671+00:00
INFO 2026-07-22 20:56:30,420 database AXES: Successful logout by {username: "********************", ip_address: "********************", user_agent: "Mozilla/5.0 (Linux; Android 10; K) AppleWebKit/537.36 (KHTML, like Gecko) Chrome/149.0.0.0 Mobile Safari/537.36", path_info: "/shareholder/logout/"}.
INFO 2026-07-22 20:56:39,050 database AXES: Successful login by {username: "********************", ip_address: "********************", user_agent: "Mozilla/5.0 (Linux; Android 10; K) AppleWebKit/537.36 (KHTML, like Gecko) Chrome/149.0.0.0 Mobile Safari/537.36", path_info: "/login/"}.
INFO 2026-07-22 20:56:39,065 database AXES: Cleaned up 0 expired access attempts from database that were older than 2026-07-22 14:56:38.054217+00:00
ERROR 2026-07-22 20:56:42,340 log Internal Server Error: /api/system/cache-status/
Traceback (most recent call last):
  File "/storage/emulated/0/django/p1/app/views_frontend.py", line 7974, in system_cache_status
    hit_rate = cache.get('stats:hit_rate', None)
               ^^^^^
NameError: name 'cache' is not defined

During handling of the above exception, another exception occurred:

Traceback (most recent call last):
  File "/data/data/com.termux/files/usr/lib/python3.13/site-packages/django/core/handlers/exception.py", line 55, in inner
    response = get_response(request)
  File "/data/data/com.termux/files/usr/lib/python3.13/site-packages/django/core/handlers/base.py", line 197, in _get_response
    response = wrapped_callback(request, *callback_args, **callback_kwargs)
  File "/data/data/com.termux/files/usr/lib/python3.13/site-packages/django/contrib/auth/decorators.py", line 59, in _view_wrapper
    return view_func(request, *args, **kwargs)
  File "/storage/emulated/0/django/p1/app/views_frontend.py", line 7997, in system_cache_status
    'hit_rate': random.randint(75, 94),
                ^^^^^^
NameError: name 'random' is not defined. Did you forget to import 'random'?
ERROR 2026-07-22 20:56:42,615 log Internal Server Error: /api/system/queue-status/
Traceback (most recent call last):
  File "/data/data/com.termux/files/usr/lib/python3.13/site-packages/django/core/handlers/exception.py", line 55, in inner
    response = get_response(request)
  File "/data/data/com.termux/files/usr/lib/python3.13/site-packages/django/core/handlers/base.py", line 197, in _get_response
    response = wrapped_callback(request, *callback_args, **callback_kwargs)
  File "/data/data/com.termux/files/usr/lib/python3.13/site-packages/django/contrib/auth/decorators.py", line 59, in _view_wrapper
    return view_func(request, *args, **kwargs)
  File "/storage/emulated/0/django/p1/app/views_frontend.py", line 8045, in system_queue_status
    'active_workers': random.randint(2, 6),
                      ^^^^^^
NameError: name 'random' is not defined. Did you forget to import 'random'?
INFO 2026-07-26 07:54:37,888 apps AXES: BEGIN version 8.3.1, blocking by ip_address
INFO 2026-07-26 07:54:46,835 apps AXES: BEGIN version 8.3.1, blocking by ip_address
INFO 2026-07-26 07:54:47,055 autoreload Watching for file changes with StatReloader
INFO 2026-07-26 07:56:30,022 apps AXES: BEGIN version 8.3.1, blocking by ip_address
INFO 2026-07-26 07:56:35,464 apps AXES: BEGIN version 8.3.1, blocking by ip_address
INFO 2026-07-26 07:56:35,582 autoreload Watching for file changes with StatReloader
WARNING 2026-07-26 07:56:41,259 log Not Found: /users/dashboard/
WARNING 2026-07-26 07:56:41,484 log Not Found: /favicon.ico
INFO 2026-07-26 07:56:52,881 database AXES: Successful login by {username: "********************", ip_address: "********************", user_agent: "Mozilla/5.0 (Linux; Android 10; K) AppleWebKit/537.36 (KHTML, like Gecko) Chrome/150.0.0.0 Mobile Safari/537.36", path_info: "/login/"}.
INFO 2026-07-26 07:56:52,904 database AXES: Cleaned up 0 expired access attempts from database that were older than 2026-07-26 01:56:51.506233+00:00
ERROR 2026-07-26 07:56:58,847 log Internal Server Error: /api/system/queue-status/
Traceback (most recent call last):
  File "/data/data/com.termux/files/usr/lib/python3.13/site-packages/django/core/handlers/exception.py", line 55, in inner
    response = get_response(request)
  File "/data/data/com.termux/files/usr/lib/python3.13/site-packages/django/core/handlers/base.py", line 197, in _get_response
    response = wrapped_callback(request, *callback_args, **callback_kwargs)
  File "/data/data/com.termux/files/usr/lib/python3.13/site-packages/django/contrib/auth/decorators.py", line 59, in _view_wrapper
    return view_func(request, *args, **kwargs)
  File "/storage/emulated/0/django/p1/app/views_frontend.py", line 8045, in system_queue_status
    'active_workers': random.randint(2, 6),
                      ^^^^^^
NameError: name 'random' is not defined. Did you forget to import 'random'?
ERROR 2026-07-26 07:56:58,873 log Internal Server Error: /api/system/cache-status/
Traceback (most recent call last):
  File "/storage/emulated/0/django/p1/app/views_frontend.py", line 7974, in system_cache_status
    hit_rate = cache.get('stats:hit_rate', None)
               ^^^^^
NameError: name 'cache' is not defined

During handling of the above exception, another exception occurred:

Traceback (most recent call last):
  File "/data/data/com.termux/files/usr/lib/python3.13/site-packages/django/core/handlers/exception.py", line 55, in inner
    response = get_response(request)
  File "/data/data/com.termux/files/usr/lib/python3.13/site-packages/django/core/handlers/base.py", line 197, in _get_response
    response = wrapped_callback(request, *callback_args, **callback_kwargs)
  File "/data/data/com.termux/files/usr/lib/python3.13/site-packages/django/contrib/auth/decorators.py", line 59, in _view_wrapper
    return view_func(request, *args, **kwargs)
  File "/storage/emulated/0/django/p1/app/views_frontend.py", line 7997, in system_cache_status
    'hit_rate': random.randint(75, 94),
                ^^^^^^
NameError: name 'random' is not defined. Did you forget to import 'random'?
INFO 2026-07-26 11:30:46,476 autoreload /storage/emulated/0/django/p1/app/views_frontend.py changed, reloading.
INFO 2026-07-26 11:30:58,260 apps AXES: BEGIN version 8.3.1, blocking by ip_address
INFO 2026-07-26 11:30:58,493 autoreload Watching for file changes with StatReloader
INFO 2026-07-26 11:36:02,688 signals ⏳ Waiting for items on None
INFO 2026-07-26 11:36:02,727 signals 🔄 Item added to None, processing deduction...
ERROR 2026-07-26 11:36:03,430 models Failed to deduct from Zara: database is locked
ERROR 2026-07-26 11:36:03,458 models Proportional deduction failed: database is locked
ERROR 2026-07-26 11:36:03,461 signals ❌ Auto-deduction failed for None: database is locked
INFO 2026-07-26 11:36:04,474 models Deducted Rs. 200.00 (100.0%) from Zara
INFO 2026-07-26 11:36:04,502 signals ✅ Auto-deduction successful for None
INFO 2026-07-26 11:36:04,512 signals    Total: Rs. 200.00
INFO 2026-07-26 11:36:04,514 signals    - Zara: Rs. 200.00 (100.0%)
INFO 2026-07-29 20:04:03,347 apps AXES: BEGIN version 8.3.1, blocking by ip_address
INFO 2026-07-29 20:04:08,887 apps AXES: BEGIN version 8.3.1, blocking by ip_address
INFO 2026-07-29 20:04:09,000 autoreload Watching for file changes with StatReloader
WARNING 2026-07-29 20:04:25,611 log Not Found: /favicon.ico
INFO 2026-07-29 20:04:31,132 database AXES: Successful login by {username: "********************", ip_address: "********************", user_agent: "Mozilla/5.0 (Linux; Android 10; K) AppleWebKit/537.36 (KHTML, like Gecko) Chrome/150.0.0.0 Mobile Safari/537.36", path_info: "/login/"}.
INFO 2026-07-29 20:04:31,151 database AXES: Cleaned up 0 expired access attempts from database that were older than 2026-07-29 14:04:30.013918+00:00
ERROR 2026-07-29 20:04:37,476 log Internal Server Error: /api/system/queue-status/
Traceback (most recent call last):
  File "/data/data/com.termux/files/usr/lib/python3.13/site-packages/django/core/handlers/exception.py", line 55, in inner
    response = get_response(request)
  File "/data/data/com.termux/files/usr/lib/python3.13/site-packages/django/core/handlers/base.py", line 197, in _get_response
    response = wrapped_callback(request, *callback_args, **callback_kwargs)
  File "/data/data/com.termux/files/usr/lib/python3.13/site-packages/django/contrib/auth/decorators.py", line 59, in _view_wrapper
    return view_func(request, *args, **kwargs)
  File "/storage/emulated/0/django/p1/app/views_frontend.py", line 8045, in system_queue_status
    'active_workers': random.randint(2, 6),
                      ^^^^^^
NameError: name 'random' is not defined. Did you forget to import 'random'?
ERROR 2026-07-29 20:04:37,498 log Internal Server Error: /api/system/cache-status/
Traceback (most recent call last):
  File "/storage/emulated/0/django/p1/app/views_frontend.py", line 7974, in system_cache_status
    hit_rate = cache.get('stats:hit_rate', None)
               ^^^^^
NameError: name 'cache' is not defined

During handling of the above exception, another exception occurred:

Traceback (most recent call last):
  File "/data/data/com.termux/files/usr/lib/python3.13/site-packages/django/core/handlers/exception.py", line 55, in inner
    response = get_response(request)
  File "/data/data/com.termux/files/usr/lib/python3.13/site-packages/django/core/handlers/base.py", line 197, in _get_response
    response = wrapped_callback(request, *callback_args, **callback_kwargs)
  File "/data/data/com.termux/files/usr/lib/python3.13/site-packages/django/contrib/auth/decorators.py", line 59, in _view_wrapper
    return view_func(request, *args, **kwargs)
  File "/storage/emulated/0/django/p1/app/views_frontend.py", line 7997, in system_cache_status
    'hit_rate': random.randint(75, 94),
                ^^^^^^
NameError: name 'random' is not defined. Did you forget to import 'random'?
ERROR 2026-07-29 20:06:26,439 log Internal Server Error: /api/system/queue-status/
Traceback (most recent call last):
  File "/data/data/com.termux/files/usr/lib/python3.13/site-packages/django/core/handlers/exception.py", line 55, in inner
    response = get_response(request)
  File "/data/data/com.termux/files/usr/lib/python3.13/site-packages/django/core/handlers/base.py", line 197, in _get_response
    response = wrapped_callback(request, *callback_args, **callback_kwargs)
  File "/data/data/com.termux/files/usr/lib/python3.13/site-packages/django/contrib/auth/decorators.py", line 59, in _view_wrapper
    return view_func(request, *args, **kwargs)
  File "/storage/emulated/0/django/p1/app/views_frontend.py", line 8045, in system_queue_status
    'active_workers': random.randint(2, 6),
                      ^^^^^^
NameError: name 'random' is not defined. Did you forget to import 'random'?
ERROR 2026-07-29 20:06:26,482 log Internal Server Error: /api/system/cache-status/
Traceback (most recent call last):
  File "/storage/emulated/0/django/p1/app/views_frontend.py", line 7974, in system_cache_status
    hit_rate = cache.get('stats:hit_rate', None)
               ^^^^^
NameError: name 'cache' is not defined

During handling of the above exception, another exception occurred:

Traceback (most recent call last):
  File "/data/data/com.termux/files/usr/lib/python3.13/site-packages/django/core/handlers/exception.py", line 55, in inner
    response = get_response(request)
  File "/data/data/com.termux/files/usr/lib/python3.13/site-packages/django/core/handlers/base.py", line 197, in _get_response
    response = wrapped_callback(request, *callback_args, **callback_kwargs)
  File "/data/data/com.termux/files/usr/lib/python3.13/site-packages/django/contrib/auth/decorators.py", line 59, in _view_wrapper
    return view_func(request, *args, **kwargs)
  File "/storage/emulated/0/django/p1/app/views_frontend.py", line 7997, in system_cache_status
    'hit_rate': random.randint(75, 94),
                ^^^^^^
NameError: name 'random' is not defined. Did you forget to import 'random'?
INFO 2026-07-29 20:09:06,249 database AXES: Cleaned up 0 expired access attempts from database that were older than 2026-07-29 14:09:06.239001+00:00
INFO 2026-07-29 20:09:06,250 database AXES: Successful logout by {username: "********************", ip_address: "********************", user_agent: "Mozilla/5.0 (Linux; Android 10; K) AppleWebKit/537.36 (KHTML, like Gecko) Chrome/150.0.0.0 Mobile Safari/537.36", path_info: "/logout/"}.
INFO 2026-07-29 20:10:55,568 database AXES: User login failed, running database handler for failure.
INFO 2026-07-29 20:10:55,578 database AXES: Cleaned up 0 expired access attempts from database that were older than 2026-07-29 14:10:54.626306+00:00
WARNING 2026-07-29 20:10:55,635 database AXES: New login failure by {username: "********************", ip_address: "********************", user_agent: "Mozilla/5.0 (Linux; Android 10; K) AppleWebKit/537.36 (KHTML, like Gecko) Chrome/150.0.0.0 Mobile Safari/537.36", path_info: "/shareholder/login/"}. Created new record in the database.
INFO 2026-07-29 20:11:40,168 database AXES: User login failed, running database handler for failure.
INFO 2026-07-29 20:11:40,176 database AXES: Cleaned up 0 expired access attempts from database that were older than 2026-07-29 14:11:39.220820+00:00
WARNING 2026-07-29 20:11:40,217 database AXES: Repeated login failure by {username: "********************", ip_address: "********************", user_agent: "Mozilla/5.0 (Linux; Android 10; K) AppleWebKit/537.36 (KHTML, like Gecko) Chrome/150.0.0.0 Mobile Safari/537.36", path_info: "/shareholder/login/"}. Updated existing record in the database.
INFO 2026-07-29 20:12:10,243 database AXES: Successful login by {username: "********************", ip_address: "********************", user_agent: "Mozilla/5.0 (Linux; Android 10; K) AppleWebKit/537.36 (KHTML, like Gecko) Chrome/150.0.0.0 Mobile Safari/537.36", path_info: "/login/"}.
INFO 2026-07-29 20:12:10,260 database AXES: Cleaned up 0 expired access attempts from database that were older than 2026-07-29 14:12:09.173794+00:00
ERROR 2026-07-29 20:12:13,808 log Internal Server Error: /api/system/queue-status/
Traceback (most recent call last):
  File "/data/data/com.termux/files/usr/lib/python3.13/site-packages/django/core/handlers/exception.py", line 55, in inner
    response = get_response(request)
  File "/data/data/com.termux/files/usr/lib/python3.13/site-packages/django/core/handlers/base.py", line 197, in _get_response
    response = wrapped_callback(request, *callback_args, **callback_kwargs)
  File "/data/data/com.termux/files/usr/lib/python3.13/site-packages/django/contrib/auth/decorators.py", line 59, in _view_wrapper
    return view_func(request, *args, **kwargs)
  File "/storage/emulated/0/django/p1/app/views_frontend.py", line 8045, in system_queue_status
    'active_workers': random.randint(2, 6),
                      ^^^^^^
NameError: name 'random' is not defined. Did you forget to import 'random'?
ERROR 2026-07-29 20:12:13,879 log Internal Server Error: /api/system/cache-status/
Traceback (most recent call last):
  File "/storage/emulated/0/django/p1/app/views_frontend.py", line 7974, in system_cache_status
    hit_rate = cache.get('stats:hit_rate', None)
               ^^^^^
NameError: name 'cache' is not defined

During handling of the above exception, another exception occurred:

Traceback (most recent call last):
  File "/data/data/com.termux/files/usr/lib/python3.13/site-packages/django/core/handlers/exception.py", line 55, in inner
    response = get_response(request)
  File "/data/data/com.termux/files/usr/lib/python3.13/site-packages/django/core/handlers/base.py", line 197, in _get_response
    response = wrapped_callback(request, *callback_args, **callback_kwargs)
  File "/data/data/com.termux/files/usr/lib/python3.13/site-packages/django/contrib/auth/decorators.py", line 59, in _view_wrapper
    return view_func(request, *args, **kwargs)
  File "/storage/emulated/0/django/p1/app/views_frontend.py", line 7997, in system_cache_status
    'hit_rate': random.randint(75, 94),
                ^^^^^^
NameError: name 'random' is not defined. Did you forget to import 'random'?
INFO 2026-07-29 20:13:55,802 database AXES: Cleaned up 0 expired access attempts from database that were older than 2026-07-29 14:13:55.794540+00:00
INFO 2026-07-29 20:13:55,803 database AXES: Successful logout by {username: "********************", ip_address: "********************", user_agent: "Mozilla/5.0 (Linux; Android 10; K) AppleWebKit/537.36 (KHTML, like Gecko) Chrome/150.0.0.0 Mobile Safari/537.36", path_info: "/logout/"}.
INFO 2026-07-29 20:14:24,332 database AXES: Successful login by {username: "********************", ip_address: "********************", user_agent: "Mozilla/5.0 (Linux; Android 10; K) AppleWebKit/537.36 (KHTML, like Gecko) Chrome/150.0.0.0 Mobile Safari/537.36", path_info: "/shareholder/login/"}.
INFO 2026-07-29 20:14:24,345 database AXES: Cleaned up 0 expired access attempts from database that were older than 2026-07-29 14:14:23.325223+00:00
INFO 2026-07-29 20:15:04,982 database AXES: Cleaned up 0 expired access attempts from database that were older than 2026-07-29 14:15:04.973056+00:00
INFO 2026-07-29 20:15:04,983 database AXES: Successful logout by {username: "********************", ip_address: "********************", user_agent: "Mozilla/5.0 (Linux; Android 10; K) AppleWebKit/537.36 (KHTML, like Gecko) Chrome/150.0.0.0 Mobile Safari/537.36", path_info: "/shareholder/logout/"}.
INFO 2026-07-29 20:15:18,945 database AXES: Successful login by {username: "********************", ip_address: "********************", user_agent: "Mozilla/5.0 (Linux; Android 10; K) AppleWebKit/537.36 (KHTML, like Gecko) Chrome/150.0.0.0 Mobile Safari/537.36", path_info: "/login/"}.
INFO 2026-07-29 20:15:18,959 database AXES: Cleaned up 0 expired access attempts from database that were older than 2026-07-29 14:15:17.881744+00:00
ERROR 2026-07-29 20:15:22,730 log Internal Server Error: /api/system/queue-status/
Traceback (most recent call last):
  File "/data/data/com.termux/files/usr/lib/python3.13/site-packages/django/core/handlers/exception.py", line 55, in inner
    response = get_response(request)
  File "/data/data/com.termux/files/usr/lib/python3.13/site-packages/django/core/handlers/base.py", line 197, in _get_response
    response = wrapped_callback(request, *callback_args, **callback_kwargs)
  File "/data/data/com.termux/files/usr/lib/python3.13/site-packages/django/contrib/auth/decorators.py", line 59, in _view_wrapper
    return view_func(request, *args, **kwargs)
  File "/storage/emulated/0/django/p1/app/views_frontend.py", line 8045, in system_queue_status
    'active_workers': random.randint(2, 6),
                      ^^^^^^
NameError: name 'random' is not defined. Did you forget to import 'random'?
ERROR 2026-07-29 20:15:22,759 log Internal Server Error: /api/system/cache-status/
Traceback (most recent call last):
  File "/storage/emulated/0/django/p1/app/views_frontend.py", line 7974, in system_cache_status
    hit_rate = cache.get('stats:hit_rate', None)
               ^^^^^
NameError: name 'cache' is not defined

During handling of the above exception, another exception occurred:

Traceback (most recent call last):
  File "/data/data/com.termux/files/usr/lib/python3.13/site-packages/django/core/handlers/exception.py", line 55, in inner
    response = get_response(request)
  File "/data/data/com.termux/files/usr/lib/python3.13/site-packages/django/core/handlers/base.py", line 197, in _get_response
    response = wrapped_callback(request, *callback_args, **callback_kwargs)
  File "/data/data/com.termux/files/usr/lib/python3.13/site-packages/django/contrib/auth/decorators.py", line 59, in _view_wrapper
    return view_func(request, *args, **kwargs)
  File "/storage/emulated/0/django/p1/app/views_frontend.py", line 7997, in system_cache_status
    'hit_rate': random.randint(75, 94),
                ^^^^^^
NameError: name 'random' is not defined. Did you forget to import 'random'?
ERROR 2026-07-29 20:16:54,637 log Internal Server Error: /api/system/cache-status/
Traceback (most recent call last):
  File "/storage/emulated/0/django/p1/app/views_frontend.py", line 7974, in system_cache_status
    hit_rate = cache.get('stats:hit_rate', None)
               ^^^^^
NameError: name 'cache' is not defined

During handling of the above exception, another exception occurred:

Traceback (most recent call last):
  File "/data/data/com.termux/files/usr/lib/python3.13/site-packages/django/core/handlers/exception.py", line 55, in inner
    response = get_response(request)
  File "/data/data/com.termux/files/usr/lib/python3.13/site-packages/django/core/handlers/base.py", line 197, in _get_response
    response = wrapped_callback(request, *callback_args, **callback_kwargs)
  File "/data/data/com.termux/files/usr/lib/python3.13/site-packages/django/contrib/auth/decorators.py", line 59, in _view_wrapper
    return view_func(request, *args, **kwargs)
  File "/storage/emulated/0/django/p1/app/views_frontend.py", line 7997, in system_cache_status
    'hit_rate': random.randint(75, 94),
                ^^^^^^
NameError: name 'random' is not defined. Did you forget to import 'random'?
ERROR 2026-07-29 20:16:54,655 log Internal Server Error: /api/system/queue-status/
Traceback (most recent call last):
  File "/data/data/com.termux/files/usr/lib/python3.13/site-packages/django/core/handlers/exception.py", line 55, in inner
    response = get_response(request)
  File "/data/data/com.termux/files/usr/lib/python3.13/site-packages/django/core/handlers/base.py", line 197, in _get_response
    response = wrapped_callback(request, *callback_args, **callback_kwargs)
  File "/data/data/com.termux/files/usr/lib/python3.13/site-packages/django/contrib/auth/decorators.py", line 59, in _view_wrapper
    return view_func(request, *args, **kwargs)
  File "/storage/emulated/0/django/p1/app/views_frontend.py", line 8045, in system_queue_status
    'active_workers': random.randint(2, 6),
                      ^^^^^^
NameError: name 'random' is not defined. Did you forget to import 'random'?
INFO 2026-07-29 20:27:22,682 database AXES: Cleaned up 0 expired access attempts from database that were older than 2026-07-29 14:27:22.672498+00:00
INFO 2026-07-29 20:27:22,684 database AXES: Successful logout by {username: "********************", ip_address: "********************", user_agent: "Mozilla/5.0 (Linux; Android 10; K) AppleWebKit/537.36 (KHTML, like Gecko) Chrome/150.0.0.0 Mobile Safari/537.36", path_info: "/logout/"}.
INFO 2026-07-29 20:27:47,121 database AXES: Successful login by {username: "********************", ip_address: "********************", user_agent: "Mozilla/5.0 (Linux; Android 10; K) AppleWebKit/537.36 (KHTML, like Gecko) Chrome/150.0.0.0 Mobile Safari/537.36", path_info: "/shareholder/login/"}.
INFO 2026-07-29 20:27:47,129 database AXES: Cleaned up 0 expired access attempts from database that were older than 2026-07-29 14:27:46.053618+00:00
WARNING 2026-07-29 20:27:55,224 log Forbidden (CSRF token from POST incorrect.): /shareholder/login/
INFO 2026-07-29 20:28:27,833 database AXES: Cleaned up 0 expired access attempts from database that were older than 2026-07-29 14:28:27.818958+00:00
INFO 2026-07-29 20:28:27,837 database AXES: Successful logout by {username: "********************", ip_address: "********************", user_agent: "Mozilla/5.0 (Linux; Android 10; K) AppleWebKit/537.36 (KHTML, like Gecko) Chrome/150.0.0.0 Mobile Safari/537.36", path_info: "/shareholder/logout/"}.
WARNING 2026-07-29 20:28:28,127 log The request's session was deleted before the request completed. The user may have logged out in a concurrent request, for example.: /shareholder/dashboard/
Traceback (most recent call last):
  File "/data/data/com.termux/files/usr/lib/python3.13/site-packages/django/contrib/sessions/backends/db.py", line 127, in save
    obj.save(
    ~~~~~~~~^
        force_insert=must_create, force_update=not must_create, using=using
        ^^^^^^^^^^^^^^^^^^^^^^^^^^^^^^^^^^^^^^^^^^^^^^^^^^^^^^^^^^^^^^^^^^^
    )
    ^
  File "/data/data/com.termux/files/usr/lib/python3.13/site-packages/django/db/models/base.py", line 902, in save
    self.save_base(
    ~~~~~~~~~~~~~~^
        using=using,
        ^^^^^^^^^^^^
    ...<2 lines>...
        update_fields=update_fields,
        ^^^^^^^^^^^^^^^^^^^^^^^^^^^^
    )
    ^
  File "/data/data/com.termux/files/usr/lib/python3.13/site-packages/django/db/models/base.py", line 1008, in save_base
    updated = self._save_table(
        raw,
    ...<4 lines>...
        update_fields,
    )
  File "/data/data/com.termux/files/usr/lib/python3.13/site-packages/django/db/models/base.py", line 1142, in _save_table
    raise DatabaseError("Forced update did not affect any rows.")
django.db.utils.DatabaseError: Forced update did not affect any rows.

During handling of the above exception, another exception occurred:

Traceback (most recent call last):
  File "/data/data/com.termux/files/usr/lib/python3.13/site-packages/django/contrib/sessions/middleware.py", line 59, in process_response
    request.session.save()
    ~~~~~~~~~~~~~~~~~~~~^^
  File "/data/data/com.termux/files/usr/lib/python3.13/site-packages/django/contrib/sessions/backends/db.py", line 136, in save
    raise UpdateError
django.contrib.sessions.backends.base.UpdateError

During handling of the above exception, another exception occurred:

Traceback (most recent call last):
  File "/data/data/com.termux/files/usr/lib/python3.13/site-packages/django/core/handlers/exception.py", line 55, in inner
    response = get_response(request)
  File "/data/data/com.termux/files/usr/lib/python3.13/site-packages/django/utils/deprecation.py", line 122, in __call__
    response = self.process_response(request, response)
  File "/data/data/com.termux/files/usr/lib/python3.13/site-packages/django/contrib/sessions/middleware.py", line 61, in process_response
    raise SessionInterrupted(
    ...<3 lines>...
    )
django.contrib.sessions.exceptions.SessionInterrupted: The request's session was deleted before the request completed. The user may have logged out in a concurrent request, for example.
INFO 2026-07-29 20:28:41,665 database AXES: Successful login by {username: "********************", ip_address: "********************", user_agent: "Mozilla/5.0 (Linux; Android 10; K) AppleWebKit/537.36 (KHTML, like Gecko) Chrome/150.0.0.0 Mobile Safari/537.36", path_info: "/login/"}.
INFO 2026-07-29 20:28:41,684 database AXES: Cleaned up 0 expired access attempts from database that were older than 2026-07-29 14:28:40.648052+00:00
ERROR 2026-07-29 20:28:45,269 log Internal Server Error: /api/system/queue-status/
Traceback (most recent call last):
  File "/data/data/com.termux/files/usr/lib/python3.13/site-packages/django/core/handlers/exception.py", line 55, in inner
    response = get_response(request)
  File "/data/data/com.termux/files/usr/lib/python3.13/site-packages/django/core/handlers/base.py", line 197, in _get_response
    response = wrapped_callback(request, *callback_args, **callback_kwargs)
  File "/data/data/com.termux/files/usr/lib/python3.13/site-packages/django/contrib/auth/decorators.py", line 59, in _view_wrapper
    return view_func(request, *args, **kwargs)
  File "/storage/emulated/0/django/p1/app/views_frontend.py", line 8045, in system_queue_status
    'active_workers': random.randint(2, 6),
                      ^^^^^^
NameError: name 'random' is not defined. Did you forget to import 'random'?
ERROR 2026-07-29 20:28:45,325 log Internal Server Error: /api/system/cache-status/
Traceback (most recent call last):
  File "/storage/emulated/0/django/p1/app/views_frontend.py", line 7974, in system_cache_status
    hit_rate = cache.get('stats:hit_rate', None)
               ^^^^^
NameError: name 'cache' is not defined

During handling of the above exception, another exception occurred:

Traceback (most recent call last):
  File "/data/data/com.termux/files/usr/lib/python3.13/site-packages/django/core/handlers/exception.py", line 55, in inner
    response = get_response(request)
  File "/data/data/com.termux/files/usr/lib/python3.13/site-packages/django/core/handlers/base.py", line 197, in _get_response
    response = wrapped_callback(request, *callback_args, **callback_kwargs)
  File "/data/data/com.termux/files/usr/lib/python3.13/site-packages/django/contrib/auth/decorators.py", line 59, in _view_wrapper
    return view_func(request, *args, **kwargs)
  File "/storage/emulated/0/django/p1/app/views_frontend.py", line 7997, in system_cache_status
    'hit_rate': random.randint(75, 94),
                ^^^^^^
NameError: name 'random' is not defined. Did you forget to import 'random'?
INFO 2026-07-29 20:37:07,053 database AXES: Cleaned up 0 expired access attempts from database that were older than 2026-07-29 14:37:07.045034+00:00
INFO 2026-07-29 20:37:07,054 database AXES: Successful logout by {username: "********************", ip_address: "********************", user_agent: "Mozilla/5.0 (Linux; Android 10; K) AppleWebKit/537.36 (KHTML, like Gecko) Chrome/150.0.0.0 Mobile Safari/537.36", path_info: "/logout/"}.
INFO 2026-07-29 20:37:24,469 database AXES: Successful login by {username: "********************", ip_address: "********************", user_agent: "Mozilla/5.0 (Linux; Android 10; K) AppleWebKit/537.36 (KHTML, like Gecko) Chrome/150.0.0.0 Mobile Safari/537.36", path_info: "/shareholder/login/"}.
INFO 2026-07-29 20:37:24,479 database AXES: Cleaned up 0 expired access attempts from database that were older than 2026-07-29 14:37:23.435644+00:00
INFO 2026-07-29 20:40:06,199 database AXES: Cleaned up 0 expired access attempts from database that were older than 2026-07-29 14:40:06.192814+00:00
INFO 2026-07-29 20:40:06,201 database AXES: Successful logout by {username: "********************", ip_address: "********************", user_agent: "Mozilla/5.0 (Linux; Android 10; K) AppleWebKit/537.36 (KHTML, like Gecko) Chrome/150.0.0.0 Mobile Safari/537.36", path_info: "/shareholder/logout/"}.
INFO 2026-07-29 20:40:12,206 database AXES: Successful login by {username: "********************", ip_address: "********************", user_agent: "Mozilla/5.0 (Linux; Android 10; K) AppleWebKit/537.36 (KHTML, like Gecko) Chrome/150.0.0.0 Mobile Safari/537.36", path_info: "/shareholder/login/"}.
INFO 2026-07-29 20:40:12,220 database AXES: Cleaned up 0 expired access attempts from database that were older than 2026-07-29 14:40:11.197893+00:00
INFO 2026-07-29 20:41:20,638 database AXES: Cleaned up 0 expired access attempts from database that were older than 2026-07-29 14:41:20.631259+00:00
INFO 2026-07-29 20:41:20,639 database AXES: Successful logout by {username: "********************", ip_address: "********************", user_agent: "Mozilla/5.0 (Linux; Android 10; K) AppleWebKit/537.36 (KHTML, like Gecko) Chrome/150.0.0.0 Mobile Safari/537.36", path_info: "/shareholder/logout/"}.
INFO 2026-07-29 20:41:34,771 database AXES: Successful login by {username: "********************", ip_address: "********************", user_agent: "Mozilla/5.0 (Linux; Android 10; K) AppleWebKit/537.36 (KHTML, like Gecko) Chrome/150.0.0.0 Mobile Safari/537.36", path_info: "/login/"}.
INFO 2026-07-29 20:41:34,786 database AXES: Cleaned up 0 expired access attempts from database that were older than 2026-07-29 14:41:33.694151+00:00
ERROR 2026-07-29 20:41:38,744 log Internal Server Error: /api/system/queue-status/
Traceback (most recent call last):
  File "/data/data/com.termux/files/usr/lib/python3.13/site-packages/django/core/handlers/exception.py", line 55, in inner
    response = get_response(request)
  File "/data/data/com.termux/files/usr/lib/python3.13/site-packages/django/core/handlers/base.py", line 197, in _get_response
    response = wrapped_callback(request, *callback_args, **callback_kwargs)
  File "/data/data/com.termux/files/usr/lib/python3.13/site-packages/django/contrib/auth/decorators.py", line 59, in _view_wrapper
    return view_func(request, *args, **kwargs)
  File "/storage/emulated/0/django/p1/app/views_frontend.py", line 8045, in system_queue_status
    'active_workers': random.randint(2, 6),
                      ^^^^^^
NameError: name 'random' is not defined. Did you forget to import 'random'?
ERROR 2026-07-29 20:41:38,925 log Internal Server Error: /api/system/cache-status/
Traceback (most recent call last):
  File "/storage/emulated/0/django/p1/app/views_frontend.py", line 7974, in system_cache_status
    hit_rate = cache.get('stats:hit_rate', None)
               ^^^^^
NameError: name 'cache' is not defined

During handling of the above exception, another exception occurred:

Traceback (most recent call last):
  File "/data/data/com.termux/files/usr/lib/python3.13/site-packages/django/core/handlers/exception.py", line 55, in inner
    response = get_response(request)
  File "/data/data/com.termux/files/usr/lib/python3.13/site-packages/django/core/handlers/base.py", line 197, in _get_response
    response = wrapped_callback(request, *callback_args, **callback_kwargs)
  File "/data/data/com.termux/files/usr/lib/python3.13/site-packages/django/contrib/auth/decorators.py", line 59, in _view_wrapper
    return view_func(request, *args, **kwargs)
  File "/storage/emulated/0/django/p1/app/views_frontend.py", line 7997, in system_cache_status
    'hit_rate': random.randint(75, 94),
                ^^^^^^
NameError: name 'random' is not defined. Did you forget to import 'random'?
ERROR 2026-07-29 20:43:30,825 log Internal Server Error: /api/system/cache-status/
Traceback (most recent call last):
  File "/storage/emulated/0/django/p1/app/views_frontend.py", line 7974, in system_cache_status
    hit_rate = cache.get('stats:hit_rate', None)
               ^^^^^
NameError: name 'cache' is not defined

During handling of the above exception, another exception occurred:

Traceback (most recent call last):
  File "/data/data/com.termux/files/usr/lib/python3.13/site-packages/django/core/handlers/exception.py", line 55, in inner
    response = get_response(request)
  File "/data/data/com.termux/files/usr/lib/python3.13/site-packages/django/core/handlers/base.py", line 197, in _get_response
    response = wrapped_callback(request, *callback_args, **callback_kwargs)
  File "/data/data/com.termux/files/usr/lib/python3.13/site-packages/django/contrib/auth/decorators.py", line 59, in _view_wrapper
    return view_func(request, *args, **kwargs)
  File "/storage/emulated/0/django/p1/app/views_frontend.py", line 7997, in system_cache_status
    'hit_rate': random.randint(75, 94),
                ^^^^^^
NameError: name 'random' is not defined. Did you forget to import 'random'?
ERROR 2026-07-29 20:43:30,832 log Internal Server Error: /api/system/queue-status/
Traceback (most recent call last):
  File "/data/data/com.termux/files/usr/lib/python3.13/site-packages/django/core/handlers/exception.py", line 55, in inner
    response = get_response(request)
  File "/data/data/com.termux/files/usr/lib/python3.13/site-packages/django/core/handlers/base.py", line 197, in _get_response
    response = wrapped_callback(request, *callback_args, **callback_kwargs)
  File "/data/data/com.termux/files/usr/lib/python3.13/site-packages/django/contrib/auth/decorators.py", line 59, in _view_wrapper
    return view_func(request, *args, **kwargs)
  File "/storage/emulated/0/django/p1/app/views_frontend.py", line 8045, in system_queue_status
    'active_workers': random.randint(2, 6),
                      ^^^^^^
NameError: name 'random' is not defined. Did you forget to import 'random'?
INFO 2026-07-30 07:57:16,397 apps AXES: BEGIN version 8.3.1, blocking by ip_address
INFO 2026-07-30 07:57:21,732 apps AXES: BEGIN version 8.3.1, blocking by ip_address
INFO 2026-07-30 07:57:21,841 autoreload Watching for file changes with StatReloader
WARNING 2026-07-30 07:58:02,319 log Not Found: /favicon.ico
INFO 2026-07-30 07:58:08,036 database AXES: Successful login by {username: "********************", ip_address: "********************", user_agent: "Mozilla/5.0 (Linux; Android 10; K) AppleWebKit/537.36 (KHTML, like Gecko) Chrome/150.0.0.0 Mobile Safari/537.36", path_info: "/login/"}.
INFO 2026-07-30 07:58:08,142 database AXES: Cleaned up 1 expired access attempts from database that were older than 2026-07-30 01:58:06.916486+00:00
ERROR 2026-07-30 07:58:13,529 log Internal Server Error: /api/system/queue-status/
Traceback (most recent call last):
  File "/data/data/com.termux/files/usr/lib/python3.13/site-packages/django/core/handlers/exception.py", line 55, in inner
    response = get_response(request)
  File "/data/data/com.termux/files/usr/lib/python3.13/site-packages/django/core/handlers/base.py", line 197, in _get_response
    response = wrapped_callback(request, *callback_args, **callback_kwargs)
  File "/data/data/com.termux/files/usr/lib/python3.13/site-packages/django/contrib/auth/decorators.py", line 59, in _view_wrapper
    return view_func(request, *args, **kwargs)
  File "/storage/emulated/0/django/p1/app/views_frontend.py", line 8045, in system_queue_status
    'active_workers': random.randint(2, 6),
                      ^^^^^^
NameError: name 'random' is not defined. Did you forget to import 'random'?
ERROR 2026-07-30 07:58:13,542 log Internal Server Error: /api/system/cache-status/
Traceback (most recent call last):
  File "/storage/emulated/0/django/p1/app/views_frontend.py", line 7974, in system_cache_status
    hit_rate = cache.get('stats:hit_rate', None)
               ^^^^^
NameError: name 'cache' is not defined

During handling of the above exception, another exception occurred:

Traceback (most recent call last):
  File "/data/data/com.termux/files/usr/lib/python3.13/site-packages/django/core/handlers/exception.py", line 55, in inner
    response = get_response(request)
  File "/data/data/com.termux/files/usr/lib/python3.13/site-packages/django/core/handlers/base.py", line 197, in _get_response
    response = wrapped_callback(request, *callback_args, **callback_kwargs)
  File "/data/data/com.termux/files/usr/lib/python3.13/site-packages/django/contrib/auth/decorators.py", line 59, in _view_wrapper
    return view_func(request, *args, **kwargs)
  File "/storage/emulated/0/django/p1/app/views_frontend.py", line 7997, in system_cache_status
    'hit_rate': random.randint(75, 94),
                ^^^^^^
NameError: name 'random' is not defined. Did you forget to import 'random'?
ERROR 2026-07-30 07:58:53,996 log Internal Server Error: /api/system/cache-status/
Traceback (most recent call last):
  File "/storage/emulated/0/django/p1/app/views_frontend.py", line 7974, in system_cache_status
    hit_rate = cache.get('stats:hit_rate', None)
               ^^^^^
NameError: name 'cache' is not defined

During handling of the above exception, another exception occurred:

Traceback (most recent call last):
  File "/data/data/com.termux/files/usr/lib/python3.13/site-packages/django/core/handlers/exception.py", line 55, in inner
    response = get_response(request)
  File "/data/data/com.termux/files/usr/lib/python3.13/site-packages/django/core/handlers/base.py", line 197, in _get_response
    response = wrapped_callback(request, *callback_args, **callback_kwargs)
  File "/data/data/com.termux/files/usr/lib/python3.13/site-packages/django/contrib/auth/decorators.py", line 59, in _view_wrapper
    return view_func(request, *args, **kwargs)
  File "/storage/emulated/0/django/p1/app/views_frontend.py", line 7997, in system_cache_status
    'hit_rate': random.randint(75, 94),
                ^^^^^^
NameError: name 'random' is not defined. Did you forget to import 'random'?
ERROR 2026-07-30 07:58:54,034 log Internal Server Error: /api/system/queue-status/
Traceback (most recent call last):
  File "/data/data/com.termux/files/usr/lib/python3.13/site-packages/django/core/handlers/exception.py", line 55, in inner
    response = get_response(request)
  File "/data/data/com.termux/files/usr/lib/python3.13/site-packages/django/core/handlers/base.py", line 197, in _get_response
    response = wrapped_callback(request, *callback_args, **callback_kwargs)
  File "/data/data/com.termux/files/usr/lib/python3.13/site-packages/django/contrib/auth/decorators.py", line 59, in _view_wrapper
    return view_func(request, *args, **kwargs)
  File "/storage/emulated/0/django/p1/app/views_frontend.py", line 8045, in system_queue_status
    'active_workers': random.randint(2, 6),
                      ^^^^^^
NameError: name 'random' is not defined. Did you forget to import 'random'?
INFO 2026-07-30 08:10:19,431 autoreload /storage/emulated/0/django/p1/app/views_frontend.py changed, reloading.
INFO 2026-07-30 08:10:31,477 apps AXES: BEGIN version 8.3.1, blocking by ip_address
INFO 2026-07-30 08:10:31,698 autoreload Watching for file changes with StatReloader
INFO 2026-07-30 08:45:16,206 apps AXES: BEGIN version 8.3.1, blocking by ip_address
INFO 2026-07-30 08:45:21,424 apps AXES: BEGIN version 8.3.1, blocking by ip_address
INFO 2026-07-30 08:45:21,535 autoreload Watching for file changes with StatReloader
INFO 2026-07-30 13:35:58,655 apps AXES: BEGIN version 8.3.1, blocking by ip_address
INFO 2026-07-30 13:36:04,094 apps AXES: BEGIN version 8.3.1, blocking by ip_address
INFO 2026-07-30 13:36:04,213 autoreload Watching for file changes with StatReloader
ERROR 2026-07-30 13:36:22,082 log Internal Server Error: /api/system/cache-status/
Traceback (most recent call last):
  File "/storage/emulated/0/django/p1/app/views_frontend.py", line 7974, in system_cache_status
    hit_rate = cache.get('stats:hit_rate', None)
               ^^^^^
NameError: name 'cache' is not defined

During handling of the above exception, another exception occurred:

Traceback (most recent call last):
  File "/data/data/com.termux/files/usr/lib/python3.13/site-packages/django/core/handlers/exception.py", line 55, in inner
    response = get_response(request)
  File "/data/data/com.termux/files/usr/lib/python3.13/site-packages/django/core/handlers/base.py", line 197, in _get_response
    response = wrapped_callback(request, *callback_args, **callback_kwargs)
  File "/data/data/com.termux/files/usr/lib/python3.13/site-packages/django/contrib/auth/decorators.py", line 59, in _view_wrapper
    return view_func(request, *args, **kwargs)
  File "/storage/emulated/0/django/p1/app/views_frontend.py", line 7997, in system_cache_status
    'hit_rate': random.randint(75, 94),
                ^^^^^^
NameError: name 'random' is not defined. Did you forget to import 'random'?
ERROR 2026-07-30 13:36:22,117 log Internal Server Error: /api/system/queue-status/
Traceback (most recent call last):
  File "/data/data/com.termux/files/usr/lib/python3.13/site-packages/django/core/handlers/exception.py", line 55, in inner
    response = get_response(request)
  File "/data/data/com.termux/files/usr/lib/python3.13/site-packages/django/core/handlers/base.py", line 197, in _get_response
    response = wrapped_callback(request, *callback_args, **callback_kwargs)
  File "/data/data/com.termux/files/usr/lib/python3.13/site-packages/django/contrib/auth/decorators.py", line 59, in _view_wrapper
    return view_func(request, *args, **kwargs)
  File "/storage/emulated/0/django/p1/app/views_frontend.py", line 8045, in system_queue_status
    'active_workers': random.randint(2, 6),
                      ^^^^^^
NameError: name 'random' is not defined. Did you forget to import 'random'?
ERROR 2026-07-30 13:38:22,525 log Internal Server Error: /balance-dividend/report/
Traceback (most recent call last):
  File "/data/data/com.termux/files/usr/lib/python3.13/site-packages/django/core/handlers/exception.py", line 55, in inner
    response = get_response(request)
  File "/data/data/com.termux/files/usr/lib/python3.13/site-packages/django/core/handlers/base.py", line 197, in _get_response
    response = wrapped_callback(request, *callback_args, **callback_kwargs)
  File "/data/data/com.termux/files/usr/lib/python3.13/site-packages/django/contrib/auth/decorators.py", line 59, in _view_wrapper
    return view_func(request, *args, **kwargs)
  File "/storage/emulated/0/django/p1/app/views_frontend.py", line 21536, in balance_dividend_report
    return render(request, 'dividends/balance_dividend_report.html', context)
  File "/data/data/com.termux/files/usr/lib/python3.13/site-packages/django/shortcuts.py", line 25, in render
    content = loader.render_to_string(template_name, context, request, using=using)
  File "/data/data/com.termux/files/usr/lib/python3.13/site-packages/django/template/loader.py", line 61, in render_to_string
    template = get_template(template_name, using=using)
  File "/data/data/com.termux/files/usr/lib/python3.13/site-packages/django/template/loader.py", line 19, in get_template
    raise TemplateDoesNotExist(template_name, chain=chain)
django.template.exceptions.TemplateDoesNotExist: dividends/balance_dividend_report.html
WARNING 2026-07-30 13:38:22,790 log Not Found: /favicon.ico
ERROR 2026-07-30 13:42:26,071 log Internal Server Error: /balance-dividend/report/
Traceback (most recent call last):
  File "/data/data/com.termux/files/usr/lib/python3.13/site-packages/django/core/handlers/exception.py", line 55, in inner
    response = get_response(request)
  File "/data/data/com.termux/files/usr/lib/python3.13/site-packages/django/core/handlers/base.py", line 197, in _get_response
    response = wrapped_callback(request, *callback_args, **callback_kwargs)
  File "/data/data/com.termux/files/usr/lib/python3.13/site-packages/django/contrib/auth/decorators.py", line 59, in _view_wrapper
    return view_func(request, *args, **kwargs)
  File "/storage/emulated/0/django/p1/app/views_frontend.py", line 21536, in balance_dividend_report
    return render(request, 'dividends/balance_dividend_report.html', context)
  File "/data/data/com.termux/files/usr/lib/python3.13/site-packages/django/shortcuts.py", line 25, in render
    content = loader.render_to_string(template_name, context, request, using=using)
  File "/data/data/com.termux/files/usr/lib/python3.13/site-packages/django/template/loader.py", line 61, in render_to_string
    template = get_template(template_name, using=using)
  File "/data/data/com.termux/files/usr/lib/python3.13/site-packages/django/template/loader.py", line 19, in get_template
    raise TemplateDoesNotExist(template_name, chain=chain)
django.template.exceptions.TemplateDoesNotExist: dividends/balance_dividend_report.html
INFO 2026-07-30 13:44:31,685 database AXES: Cleaned up 0 expired access attempts from database that were older than 2026-07-30 07:44:31.677851+00:00
INFO 2026-07-30 13:44:31,686 database AXES: Successful logout by {username: "********************", ip_address: "********************", user_agent: "Mozilla/5.0 (Linux; Android 10; K) AppleWebKit/537.36 (KHTML, like Gecko) Chrome/150.0.0.0 Mobile Safari/537.36", path_info: "/logout/"}.
ERROR 2026-07-30 13:44:44,829 log Internal Server Error: /api/system/cache-status/
Traceback (most recent call last):
  File "/storage/emulated/0/django/p1/app/views_frontend.py", line 7974, in system_cache_status
    hit_rate = cache.get('stats:hit_rate', None)
               ^^^^^
NameError: name 'cache' is not defined

During handling of the above exception, another exception occurred:

Traceback (most recent call last):
  File "/data/data/com.termux/files/usr/lib/python3.13/site-packages/django/core/handlers/exception.py", line 55, in inner
    response = get_response(request)
  File "/data/data/com.termux/files/usr/lib/python3.13/site-packages/django/core/handlers/base.py", line 197, in _get_response
    response = wrapped_callback(request, *callback_args, **callback_kwargs)
  File "/data/data/com.termux/files/usr/lib/python3.13/site-packages/django/contrib/auth/decorators.py", line 59, in _view_wrapper
    return view_func(request, *args, **kwargs)
  File "/storage/emulated/0/django/p1/app/views_frontend.py", line 7997, in system_cache_status
    'hit_rate': random.randint(75, 94),
                ^^^^^^
NameError: name 'random' is not defined. Did you forget to import 'random'?
ERROR 2026-07-30 13:44:44,920 log Internal Server Error: /api/system/queue-status/
Traceback (most recent call last):
  File "/data/data/com.termux/files/usr/lib/python3.13/site-packages/django/core/handlers/exception.py", line 55, in inner
    response = get_response(request)
  File "/data/data/com.termux/files/usr/lib/python3.13/site-packages/django/core/handlers/base.py", line 197, in _get_response
    response = wrapped_callback(request, *callback_args, **callback_kwargs)
  File "/data/data/com.termux/files/usr/lib/python3.13/site-packages/django/contrib/auth/decorators.py", line 59, in _view_wrapper
    return view_func(request, *args, **kwargs)
  File "/storage/emulated/0/django/p1/app/views_frontend.py", line 8045, in system_queue_status
    'active_workers': random.randint(2, 6),
                      ^^^^^^
NameError: name 'random' is not defined. Did you forget to import 'random'?
INFO 2026-07-30 13:44:47,298 database AXES: Cleaned up 0 expired access attempts from database that were older than 2026-07-30 07:44:47.292148+00:00
INFO 2026-07-30 13:44:47,299 database AXES: Successful logout by {username: "********************", ip_address: "********************", user_agent: "Mozilla/5.0 (Linux; Android 10; K) AppleWebKit/537.36 (KHTML, like Gecko) Chrome/150.0.0.0 Mobile Safari/537.36", path_info: "/logout/"}.
WARNING 2026-07-30 13:44:50,750 log Not Found: /favicon.ico
INFO 2026-07-30 13:44:59,058 database AXES: Successful login by {username: "********************", ip_address: "********************", user_agent: "Mozilla/5.0 (Linux; Android 10; K) AppleWebKit/537.36 (KHTML, like Gecko) Chrome/150.0.0.0 Mobile Safari/537.36", path_info: "/shareholder/login/"}.
INFO 2026-07-30 13:44:59,070 database AXES: Cleaned up 0 expired access attempts from database that were older than 2026-07-30 07:44:58.009888+00:00
INFO 2026-07-30 13:45:37,255 database AXES: Cleaned up 0 expired access attempts from database that were older than 2026-07-30 07:45:37.249302+00:00
INFO 2026-07-30 13:45:37,256 database AXES: Successful logout by {username: "********************", ip_address: "********************", user_agent: "Mozilla/5.0 (Linux; Android 10; K) AppleWebKit/537.36 (KHTML, like Gecko) Chrome/150.0.0.0 Mobile Safari/537.36", path_info: "/shareholder/logout/"}.
INFO 2026-07-30 13:45:47,571 database AXES: Successful login by {username: "********************", ip_address: "********************", user_agent: "Mozilla/5.0 (Linux; Android 10; K) AppleWebKit/537.36 (KHTML, like Gecko) Chrome/150.0.0.0 Mobile Safari/537.36", path_info: "/login/"}.
INFO 2026-07-30 13:45:47,589 database AXES: Cleaned up 0 expired access attempts from database that were older than 2026-07-30 07:45:46.337377+00:00
ERROR 2026-07-30 13:45:51,200 log Internal Server Error: /api/system/cache-status/
Traceback (most recent call last):
  File "/storage/emulated/0/django/p1/app/views_frontend.py", line 7974, in system_cache_status
    hit_rate = cache.get('stats:hit_rate', None)
               ^^^^^
NameError: name 'cache' is not defined

During handling of the above exception, another exception occurred:

Traceback (most recent call last):
  File "/data/data/com.termux/files/usr/lib/python3.13/site-packages/django/core/handlers/exception.py", line 55, in inner
    response = get_response(request)
  File "/data/data/com.termux/files/usr/lib/python3.13/site-packages/django/core/handlers/base.py", line 197, in _get_response
    response = wrapped_callback(request, *callback_args, **callback_kwargs)
  File "/data/data/com.termux/files/usr/lib/python3.13/site-packages/django/contrib/auth/decorators.py", line 59, in _view_wrapper
    return view_func(request, *args, **kwargs)
  File "/storage/emulated/0/django/p1/app/views_frontend.py", line 7997, in system_cache_status
    'hit_rate': random.randint(75, 94),
                ^^^^^^
NameError: name 'random' is not defined. Did you forget to import 'random'?
ERROR 2026-07-30 13:45:51,239 log Internal Server Error: /api/system/queue-status/
Traceback (most recent call last):
  File "/data/data/com.termux/files/usr/lib/python3.13/site-packages/django/core/handlers/exception.py", line 55, in inner
    response = get_response(request)
  File "/data/data/com.termux/files/usr/lib/python3.13/site-packages/django/core/handlers/base.py", line 197, in _get_response
    response = wrapped_callback(request, *callback_args, **callback_kwargs)
  File "/data/data/com.termux/files/usr/lib/python3.13/site-packages/django/contrib/auth/decorators.py", line 59, in _view_wrapper
    return view_func(request, *args, **kwargs)
  File "/storage/emulated/0/django/p1/app/views_frontend.py", line 8045, in system_queue_status
    'active_workers': random.randint(2, 6),
                      ^^^^^^
NameError: name 'random' is not defined. Did you forget to import 'random'?
INFO 2026-07-30 13:47:12,896 database AXES: Cleaned up 0 expired access attempts from database that were older than 2026-07-30 07:47:12.890469+00:00
INFO 2026-07-30 13:47:12,897 database AXES: Successful logout by {username: "********************", ip_address: "********************", user_agent: "Mozilla/5.0 (Linux; Android 10; K) AppleWebKit/537.36 (KHTML, like Gecko) Chrome/150.0.0.0 Mobile Safari/537.36", path_info: "/logout/"}.
INFO 2026-07-30 13:47:25,070 database AXES: Successful login by {username: "********************", ip_address: "********************", user_agent: "Mozilla/5.0 (Linux; Android 10; K) AppleWebKit/537.36 (KHTML, like Gecko) Chrome/150.0.0.0 Mobile Safari/537.36", path_info: "/shareholder/login/"}.
INFO 2026-07-30 13:47:25,084 database AXES: Cleaned up 0 expired access attempts from database that were older than 2026-07-30 07:47:24.041542+00:00
INFO 2026-07-30 13:48:03,456 database AXES: Cleaned up 0 expired access attempts from database that were older than 2026-07-30 07:48:03.444849+00:00
INFO 2026-07-30 13:48:03,457 database AXES: Successful logout by {username: "********************", ip_address: "********************", user_agent: "Mozilla/5.0 (Linux; Android 10; K) AppleWebKit/537.36 (KHTML, like Gecko) Chrome/150.0.0.0 Mobile Safari/537.36", path_info: "/shareholder/logout/"}.
WARNING 2026-07-30 13:48:03,672 log The request's session was deleted before the request completed. The user may have logged out in a concurrent request, for example.: /shareholder/dashboard/
Traceback (most recent call last):
  File "/data/data/com.termux/files/usr/lib/python3.13/site-packages/django/contrib/sessions/backends/db.py", line 127, in save
    obj.save(
    ~~~~~~~~^
        force_insert=must_create, force_update=not must_create, using=using
        ^^^^^^^^^^^^^^^^^^^^^^^^^^^^^^^^^^^^^^^^^^^^^^^^^^^^^^^^^^^^^^^^^^^
    )
    ^
  File "/data/data/com.termux/files/usr/lib/python3.13/site-packages/django/db/models/base.py", line 902, in save
    self.save_base(
    ~~~~~~~~~~~~~~^
        using=using,
        ^^^^^^^^^^^^
    ...<2 lines>...
        update_fields=update_fields,
        ^^^^^^^^^^^^^^^^^^^^^^^^^^^^
    )
    ^
  File "/data/data/com.termux/files/usr/lib/python3.13/site-packages/django/db/models/base.py", line 1008, in save_base
    updated = self._save_table(
        raw,
    ...<4 lines>...
        update_fields,
    )
  File "/data/data/com.termux/files/usr/lib/python3.13/site-packages/django/db/models/base.py", line 1142, in _save_table
    raise DatabaseError("Forced update did not affect any rows.")
django.db.utils.DatabaseError: Forced update did not affect any rows.

During handling of the above exception, another exception occurred:

Traceback (most recent call last):
  File "/data/data/com.termux/files/usr/lib/python3.13/site-packages/django/contrib/sessions/middleware.py", line 59, in process_response
    request.session.save()
    ~~~~~~~~~~~~~~~~~~~~^^
  File "/data/data/com.termux/files/usr/lib/python3.13/site-packages/django/contrib/sessions/backends/db.py", line 136, in save
    raise UpdateError
django.contrib.sessions.backends.base.UpdateError

During handling of the above exception, another exception occurred:

Traceback (most recent call last):
  File "/data/data/com.termux/files/usr/lib/python3.13/site-packages/django/core/handlers/exception.py", line 55, in inner
    response = get_response(request)
  File "/data/data/com.termux/files/usr/lib/python3.13/site-packages/django/utils/deprecation.py", line 122, in __call__
    response = self.process_response(request, response)
  File "/data/data/com.termux/files/usr/lib/python3.13/site-packages/django/contrib/sessions/middleware.py", line 61, in process_response
    raise SessionInterrupted(
    ...<3 lines>...
    )
django.contrib.sessions.exceptions.SessionInterrupted: The request's session was deleted before the request completed. The user may have logged out in a concurrent request, for example.
INFO 2026-07-30 13:48:11,981 database AXES: Successful login by {username: "********************", ip_address: "********************", user_agent: "Mozilla/5.0 (Linux; Android 10; K) AppleWebKit/537.36 (KHTML, like Gecko) Chrome/150.0.0.0 Mobile Safari/537.36", path_info: "/login/"}.
INFO 2026-07-30 13:48:11,997 database AXES: Cleaned up 0 expired access attempts from database that were older than 2026-07-30 07:48:10.854113+00:00
ERROR 2026-07-30 13:48:14,929 log Internal Server Error: /api/system/cache-status/
Traceback (most recent call last):
  File "/storage/emulated/0/django/p1/app/views_frontend.py", line 7974, in system_cache_status
    hit_rate = cache.get('stats:hit_rate', None)
               ^^^^^
NameError: name 'cache' is not defined

During handling of the above exception, another exception occurred:

Traceback (most recent call last):
  File "/data/data/com.termux/files/usr/lib/python3.13/site-packages/django/core/handlers/exception.py", line 55, in inner
    response = get_response(request)
  File "/data/data/com.termux/files/usr/lib/python3.13/site-packages/django/core/handlers/base.py", line 197, in _get_response
    response = wrapped_callback(request, *callback_args, **callback_kwargs)
  File "/data/data/com.termux/files/usr/lib/python3.13/site-packages/django/contrib/auth/decorators.py", line 59, in _view_wrapper
    return view_func(request, *args, **kwargs)
  File "/storage/emulated/0/django/p1/app/views_frontend.py", line 7997, in system_cache_status
    'hit_rate': random.randint(75, 94),
                ^^^^^^
NameError: name 'random' is not defined. Did you forget to import 'random'?
ERROR 2026-07-30 13:48:15,322 log Internal Server Error: /api/system/queue-status/
Traceback (most recent call last):
  File "/data/data/com.termux/files/usr/lib/python3.13/site-packages/django/core/handlers/exception.py", line 55, in inner
    response = get_response(request)
  File "/data/data/com.termux/files/usr/lib/python3.13/site-packages/django/core/handlers/base.py", line 197, in _get_response
    response = wrapped_callback(request, *callback_args, **callback_kwargs)
  File "/data/data/com.termux/files/usr/lib/python3.13/site-packages/django/contrib/auth/decorators.py", line 59, in _view_wrapper
    return view_func(request, *args, **kwargs)
  File "/storage/emulated/0/django/p1/app/views_frontend.py", line 8045, in system_queue_status
    'active_workers': random.randint(2, 6),
                      ^^^^^^
NameError: name 'random' is not defined. Did you forget to import 'random'?
ERROR 2026-07-30 13:50:08,004 log Internal Server Error: /reports/profit-loss/
Traceback (most recent call last):
  File "/data/data/com.termux/files/usr/lib/python3.13/site-packages/django/core/handlers/exception.py", line 55, in inner
    response = get_response(request)
  File "/data/data/com.termux/files/usr/lib/python3.13/site-packages/django/core/handlers/base.py", line 197, in _get_response
    response = wrapped_callback(request, *callback_args, **callback_kwargs)
  File "/data/data/com.termux/files/usr/lib/python3.13/site-packages/django/contrib/auth/decorators.py", line 59, in _view_wrapper
    return view_func(request, *args, **kwargs)
  File "/storage/emulated/0/django/p1/app/views_frontend.py", line 3538, in profit_loss_report
    total_expenses = Expense.objects.filter(date__date__gte=from_date_obj, date__date__lte=to_date_obj).aggregate(
                     ~~~~~~~~~~~~~~~~~~~~~~^^^^^^^^^^^^^^^^^^^^^^^^^^^^^^^^^^^^^^^^^^^^^^^^^^^^^^^^^^^^
  File "/data/data/com.termux/files/usr/lib/python3.13/site-packages/django/db/models/manager.py", line 87, in manager_method
    return getattr(self.get_queryset(), name)(*args, **kwargs)
           ~~~~~~~~~~~~~~~~~~~~~~~~~~~~~~~~~~^^^^^^^^^^^^^^^^^
  File "/data/data/com.termux/files/usr/lib/python3.13/site-packages/django/db/models/query.py", line 1495, in filter
    return self._filter_or_exclude(False, args, kwargs)
           ~~~~~~~~~~~~~~~~~~~~~~~^^^^^^^^^^^^^^^^^^^^^
  File "/data/data/com.termux/files/usr/lib/python3.13/site-packages/django/db/models/query.py", line 1513, in _filter_or_exclude
    clone._filter_or_exclude_inplace(negate, args, kwargs)
    ~~~~~~~~~~~~~~~~~~~~~~~~~~~~~~~~^^^^^^^^^^^^^^^^^^^^^^
  File "/data/data/com.termux/files/usr/lib/python3.13/site-packages/django/db/models/query.py", line 1523, in _filter_or_exclude_inplace
    self._query.add_q(Q(*args, **kwargs))
    ~~~~~~~~~~~~~~~~~^^^^^^^^^^^^^^^^^^^^
  File "/data/data/com.termux/files/usr/lib/python3.13/site-packages/django/db/models/sql/query.py", line 1648, in add_q
    clause, _ = self._add_q(q_object, can_reuse)
                ~~~~~~~~~~~^^^^^^^^^^^^^^^^^^^^^
  File "/data/data/com.termux/files/usr/lib/python3.13/site-packages/django/db/models/sql/query.py", line 1680, in _add_q
    child_clause, needed_inner = self.build_filter(
                                 ~~~~~~~~~~~~~~~~~^
        child,
        ^^^^^^
    ...<7 lines>...
        update_join_types=update_join_types,
        ^^^^^^^^^^^^^^^^^^^^^^^^^^^^^^^^^^^^
    )
    ^
  File "/data/data/com.termux/files/usr/lib/python3.13/site-packages/django/db/models/sql/query.py", line 1528, in build_filter
    lookups, parts, reffed_expression = self.solve_lookup_type(arg, summarize)
                                        ~~~~~~~~~~~~~~~~~~~~~~^^^^^^^^^^^^^^^^
  File "/data/data/com.termux/files/usr/lib/python3.13/site-packages/django/db/models/sql/query.py", line 1335, in solve_lookup_type
    _, field, _, lookup_parts = self.names_to_path(lookup_splitted, self.get_meta())
                                ~~~~~~~~~~~~~~~~~~^^^^^^^^^^^^^^^^^^^^^^^^^^^^^^^^^^
  File "/data/data/com.termux/files/usr/lib/python3.13/site-packages/django/db/models/sql/query.py", line 1813, in names_to_path
    raise FieldError(
    ...<2 lines>...
    )
django.core.exceptions.FieldError: Cannot resolve keyword 'date' into field. Choices are: amount, approval_history, approved_at, approved_by, approved_by_id, attachment, budget, budget_id, budgettransaction, category, category_id, claims, cost_center, created_at, created_by, created_by_id, department, department_id, description, expense_date, expense_no, id, is_recurring, journal_entries, notes, paid_at, paid_by, paid_by_id, payment_date, payment_method, project, project_id, receipt, recurring_end_date, recurring_frequency, reference_no, rejection_reason, status, submitted_at, submitted_by, submitted_by_id, tax_amount, tax_rate, total_amount, updated_at, vendor, vendor_id, vendor_invoice_no
ERROR 2026-07-30 13:50:32,284 log Internal Server Error: /reports/cash-flow/
Traceback (most recent call last):
  File "/data/data/com.termux/files/usr/lib/python3.13/site-packages/django/core/handlers/exception.py", line 55, in inner
    response = get_response(request)
  File "/data/data/com.termux/files/usr/lib/python3.13/site-packages/django/core/handlers/base.py", line 197, in _get_response
    response = wrapped_callback(request, *callback_args, **callback_kwargs)
  File "/data/data/com.termux/files/usr/lib/python3.13/site-packages/django/contrib/auth/decorators.py", line 59, in _view_wrapper
    return view_func(request, *args, **kwargs)
  File "/storage/emulated/0/django/p1/app/views_frontend.py", line 3595, in cash_flow_report
    total_expenses = Expense.objects.filter(date__date__gte=from_date_obj, date__date__lte=to_date_obj).aggregate(
                     ~~~~~~~~~~~~~~~~~~~~~~^^^^^^^^^^^^^^^^^^^^^^^^^^^^^^^^^^^^^^^^^^^^^^^^^^^^^^^^^^^^
  File "/data/data/com.termux/files/usr/lib/python3.13/site-packages/django/db/models/manager.py", line 87, in manager_method
    return getattr(self.get_queryset(), name)(*args, **kwargs)
           ~~~~~~~~~~~~~~~~~~~~~~~~~~~~~~~~~~^^^^^^^^^^^^^^^^^
  File "/data/data/com.termux/files/usr/lib/python3.13/site-packages/django/db/models/query.py", line 1495, in filter
    return self._filter_or_exclude(False, args, kwargs)
           ~~~~~~~~~~~~~~~~~~~~~~~^^^^^^^^^^^^^^^^^^^^^
  File "/data/data/com.termux/files/usr/lib/python3.13/site-packages/django/db/models/query.py", line 1513, in _filter_or_exclude
    clone._filter_or_exclude_inplace(negate, args, kwargs)
    ~~~~~~~~~~~~~~~~~~~~~~~~~~~~~~~~^^^^^^^^^^^^^^^^^^^^^^
  File "/data/data/com.termux/files/usr/lib/python3.13/site-packages/django/db/models/query.py", line 1523, in _filter_or_exclude_inplace
    self._query.add_q(Q(*args, **kwargs))
    ~~~~~~~~~~~~~~~~~^^^^^^^^^^^^^^^^^^^^
  File "/data/data/com.termux/files/usr/lib/python3.13/site-packages/django/db/models/sql/query.py", line 1648, in add_q
    clause, _ = self._add_q(q_object, can_reuse)
                ~~~~~~~~~~~^^^^^^^^^^^^^^^^^^^^^
  File "/data/data/com.termux/files/usr/lib/python3.13/site-packages/django/db/models/sql/query.py", line 1680, in _add_q
    child_clause, needed_inner = self.build_filter(
                                 ~~~~~~~~~~~~~~~~~^
        child,
        ^^^^^^
    ...<7 lines>...
        update_join_types=update_join_types,
        ^^^^^^^^^^^^^^^^^^^^^^^^^^^^^^^^^^^^
    )
    ^
  File "/data/data/com.termux/files/usr/lib/python3.13/site-packages/django/db/models/sql/query.py", line 1528, in build_filter
    lookups, parts, reffed_expression = self.solve_lookup_type(arg, summarize)
                                        ~~~~~~~~~~~~~~~~~~~~~~^^^^^^^^^^^^^^^^
  File "/data/data/com.termux/files/usr/lib/python3.13/site-packages/django/db/models/sql/query.py", line 1335, in solve_lookup_type
    _, field, _, lookup_parts = self.names_to_path(lookup_splitted, self.get_meta())
                                ~~~~~~~~~~~~~~~~~~^^^^^^^^^^^^^^^^^^^^^^^^^^^^^^^^^^
  File "/data/data/com.termux/files/usr/lib/python3.13/site-packages/django/db/models/sql/query.py", line 1813, in names_to_path
    raise FieldError(
    ...<2 lines>...
    )
django.core.exceptions.FieldError: Cannot resolve keyword 'date' into field. Choices are: amount, approval_history, approved_at, approved_by, approved_by_id, attachment, budget, budget_id, budgettransaction, category, category_id, claims, cost_center, created_at, created_by, created_by_id, department, department_id, description, expense_date, expense_no, id, is_recurring, journal_entries, notes, paid_at, paid_by, paid_by_id, payment_date, payment_method, project, project_id, receipt, recurring_end_date, recurring_frequency, reference_no, rejection_reason, status, submitted_at, submitted_by, submitted_by_id, tax_amount, tax_rate, total_amount, updated_at, vendor, vendor_id, vendor_invoice_no
ERROR 2026-07-30 13:50:45,326 log Internal Server Error: /reports/profit-loss/
Traceback (most recent call last):
  File "/data/data/com.termux/files/usr/lib/python3.13/site-packages/django/core/handlers/exception.py", line 55, in inner
    response = get_response(request)
  File "/data/data/com.termux/files/usr/lib/python3.13/site-packages/django/core/handlers/base.py", line 197, in _get_response
    response = wrapped_callback(request, *callback_args, **callback_kwargs)
  File "/data/data/com.termux/files/usr/lib/python3.13/site-packages/django/contrib/auth/decorators.py", line 59, in _view_wrapper
    return view_func(request, *args, **kwargs)
  File "/storage/emulated/0/django/p1/app/views_frontend.py", line 3538, in profit_loss_report
    total_expenses = Expense.objects.filter(date__date__gte=from_date_obj, date__date__lte=to_date_obj).aggregate(
                     ~~~~~~~~~~~~~~~~~~~~~~^^^^^^^^^^^^^^^^^^^^^^^^^^^^^^^^^^^^^^^^^^^^^^^^^^^^^^^^^^^^
  File "/data/data/com.termux/files/usr/lib/python3.13/site-packages/django/db/models/manager.py", line 87, in manager_method
    return getattr(self.get_queryset(), name)(*args, **kwargs)
           ~~~~~~~~~~~~~~~~~~~~~~~~~~~~~~~~~~^^^^^^^^^^^^^^^^^
  File "/data/data/com.termux/files/usr/lib/python3.13/site-packages/django/db/models/query.py", line 1495, in filter
    return self._filter_or_exclude(False, args, kwargs)
           ~~~~~~~~~~~~~~~~~~~~~~~^^^^^^^^^^^^^^^^^^^^^
  File "/data/data/com.termux/files/usr/lib/python3.13/site-packages/django/db/models/query.py", line 1513, in _filter_or_exclude
    clone._filter_or_exclude_inplace(negate, args, kwargs)
    ~~~~~~~~~~~~~~~~~~~~~~~~~~~~~~~~^^^^^^^^^^^^^^^^^^^^^^
  File "/data/data/com.termux/files/usr/lib/python3.13/site-packages/django/db/models/query.py", line 1523, in _filter_or_exclude_inplace
    self._query.add_q(Q(*args, **kwargs))
    ~~~~~~~~~~~~~~~~~^^^^^^^^^^^^^^^^^^^^
  File "/data/data/com.termux/files/usr/lib/python3.13/site-packages/django/db/models/sql/query.py", line 1648, in add_q
    clause, _ = self._add_q(q_object, can_reuse)
                ~~~~~~~~~~~^^^^^^^^^^^^^^^^^^^^^
  File "/data/data/com.termux/files/usr/lib/python3.13/site-packages/django/db/models/sql/query.py", line 1680, in _add_q
    child_clause, needed_inner = self.build_filter(
                                 ~~~~~~~~~~~~~~~~~^
        child,
        ^^^^^^
    ...<7 lines>...
        update_join_types=update_join_types,
        ^^^^^^^^^^^^^^^^^^^^^^^^^^^^^^^^^^^^
    )
    ^
  File "/data/data/com.termux/files/usr/lib/python3.13/site-packages/django/db/models/sql/query.py", line 1528, in build_filter
    lookups, parts, reffed_expression = self.solve_lookup_type(arg, summarize)
                                        ~~~~~~~~~~~~~~~~~~~~~~^^^^^^^^^^^^^^^^
  File "/data/data/com.termux/files/usr/lib/python3.13/site-packages/django/db/models/sql/query.py", line 1335, in solve_lookup_type
    _, field, _, lookup_parts = self.names_to_path(lookup_splitted, self.get_meta())
                                ~~~~~~~~~~~~~~~~~~^^^^^^^^^^^^^^^^^^^^^^^^^^^^^^^^^^
  File "/data/data/com.termux/files/usr/lib/python3.13/site-packages/django/db/models/sql/query.py", line 1813, in names_to_path
    raise FieldError(
    ...<2 lines>...
    )
django.core.exceptions.FieldError: Cannot resolve keyword 'date' into field. Choices are: amount, approval_history, approved_at, approved_by, approved_by_id, attachment, budget, budget_id, budgettransaction, category, category_id, claims, cost_center, created_at, created_by, created_by_id, department, department_id, description, expense_date, expense_no, id, is_recurring, journal_entries, notes, paid_at, paid_by, paid_by_id, payment_date, payment_method, project, project_id, receipt, recurring_end_date, recurring_frequency, reference_no, rejection_reason, status, submitted_at, submitted_by, submitted_by_id, tax_amount, tax_rate, total_amount, updated_at, vendor, vendor_id, vendor_invoice_no
INFO 2026-07-30 13:54:38,531 database AXES: Cleaned up 0 expired access attempts from database that were older than 2026-07-30 07:54:38.525969+00:00
INFO 2026-07-30 13:54:38,532 database AXES: Successful logout by {username: "********************", ip_address: "********************", user_agent: "Mozilla/5.0 (Linux; Android 10; K) AppleWebKit/537.36 (KHTML, like Gecko) Chrome/150.0.0.0 Mobile Safari/537.36", path_info: "/logout/"}.
INFO 2026-07-30 13:54:48,129 database AXES: Successful login by {username: "********************", ip_address: "********************", user_agent: "Mozilla/5.0 (Linux; Android 10; K) AppleWebKit/537.36 (KHTML, like Gecko) Chrome/150.0.0.0 Mobile Safari/537.36", path_info: "/shareholder/login/"}.
INFO 2026-07-30 13:54:48,142 database AXES: Cleaned up 0 expired access attempts from database that were older than 2026-07-30 07:54:47.084183+00:00
INFO 2026-07-30 13:55:26,478 database AXES: Cleaned up 0 expired access attempts from database that were older than 2026-07-30 07:55:26.469786+00:00
INFO 2026-07-30 13:55:26,479 database AXES: Successful logout by {username: "********************", ip_address: "********************", user_agent: "Mozilla/5.0 (Linux; Android 10; K) AppleWebKit/537.36 (KHTML, like Gecko) Chrome/150.0.0.0 Mobile Safari/537.36", path_info: "/shareholder/logout/"}.
INFO 2026-07-30 13:55:36,729 database AXES: Successful login by {username: "********************", ip_address: "********************", user_agent: "Mozilla/5.0 (Linux; Android 10; K) AppleWebKit/537.36 (KHTML, like Gecko) Chrome/150.0.0.0 Mobile Safari/537.36", path_info: "/login/"}.
INFO 2026-07-30 13:55:36,752 database AXES: Cleaned up 0 expired access attempts from database that were older than 2026-07-30 07:55:35.544729+00:00
ERROR 2026-07-30 13:55:40,463 log Internal Server Error: /api/system/cache-status/
Traceback (most recent call last):
  File "/storage/emulated/0/django/p1/app/views_frontend.py", line 7974, in system_cache_status
    hit_rate = cache.get('stats:hit_rate', None)
               ^^^^^
NameError: name 'cache' is not defined

During handling of the above exception, another exception occurred:

Traceback (most recent call last):
  File "/data/data/com.termux/files/usr/lib/python3.13/site-packages/django/core/handlers/exception.py", line 55, in inner
    response = get_response(request)
  File "/data/data/com.termux/files/usr/lib/python3.13/site-packages/django/core/handlers/base.py", line 197, in _get_response
    response = wrapped_callback(request, *callback_args, **callback_kwargs)
  File "/data/data/com.termux/files/usr/lib/python3.13/site-packages/django/contrib/auth/decorators.py", line 59, in _view_wrapper
    return view_func(request, *args, **kwargs)
  File "/storage/emulated/0/django/p1/app/views_frontend.py", line 7997, in system_cache_status
    'hit_rate': random.randint(75, 94),
                ^^^^^^
NameError: name 'random' is not defined. Did you forget to import 'random'?
ERROR 2026-07-30 13:55:40,638 log Internal Server Error: /api/system/queue-status/
Traceback (most recent call last):
  File "/data/data/com.termux/files/usr/lib/python3.13/site-packages/django/core/handlers/exception.py", line 55, in inner
    response = get_response(request)
  File "/data/data/com.termux/files/usr/lib/python3.13/site-packages/django/core/handlers/base.py", line 197, in _get_response
    response = wrapped_callback(request, *callback_args, **callback_kwargs)
  File "/data/data/com.termux/files/usr/lib/python3.13/site-packages/django/contrib/auth/decorators.py", line 59, in _view_wrapper
    return view_func(request, *args, **kwargs)
  File "/storage/emulated/0/django/p1/app/views_frontend.py", line 8045, in system_queue_status
    'active_workers': random.randint(2, 6),
                      ^^^^^^
NameError: name 'random' is not defined. Did you forget to import 'random'?
INFO 2026-07-30 14:06:51,415 autoreload /storage/emulated/0/django/p1/app/views_frontend.py changed, reloading.
INFO 2026-07-30 14:07:06,053 apps AXES: BEGIN version 8.3.1, blocking by ip_address
INFO 2026-07-30 14:07:06,274 autoreload Watching for file changes with StatReloader
INFO 2026-07-30 14:34:02,247 autoreload /storage/emulated/0/django/p1/app/views_frontend.py changed, reloading.
INFO 2026-07-30 14:34:13,835 apps AXES: BEGIN version 8.3.1, blocking by ip_address
INFO 2026-07-30 14:34:14,034 autoreload Watching for file changes with StatReloader
ERROR 2026-07-30 14:34:40,419 log Internal Server Error: /cash/
Traceback (most recent call last):
  File "/data/data/com.termux/files/usr/lib/python3.13/site-packages/django/core/handlers/exception.py", line 55, in inner
    response = get_response(request)
  File "/data/data/com.termux/files/usr/lib/python3.13/site-packages/django/core/handlers/base.py", line 197, in _get_response
    response = wrapped_callback(request, *callback_args, **callback_kwargs)
  File "/data/data/com.termux/files/usr/lib/python3.13/site-packages/django/contrib/auth/decorators.py", line 59, in _view_wrapper
    return view_func(request, *args, **kwargs)
  File "/storage/emulated/0/django/p1/app/views_frontend.py", line 2870, in cash_dashboard
    return render(request, 'cash/dashboard.html', context)
  File "/data/data/com.termux/files/usr/lib/python3.13/site-packages/django/shortcuts.py", line 25, in render
    content = loader.render_to_string(template_name, context, request, using=using)
  File "/data/data/com.termux/files/usr/lib/python3.13/site-packages/django/template/loader.py", line 61, in render_to_string
    template = get_template(template_name, using=using)
  File "/data/data/com.termux/files/usr/lib/python3.13/site-packages/django/template/loader.py", line 15, in get_template
    return engine.get_template(template_name)
           ~~~~~~~~~~~~~~~~~~~^^^^^^^^^^^^^^^
  File "/data/data/com.termux/files/usr/lib/python3.13/site-packages/django/template/backends/django.py", line 79, in get_template
    return Template(self.engine.get_template(template_name), self)
                    ~~~~~~~~~~~~~~~~~~~~~~~~^^^^^^^^^^^^^^^
  File "/data/data/com.termux/files/usr/lib/python3.13/site-packages/django/template/engine.py", line 177, in get_template
    template, origin = self.find_template(template_name)
                       ~~~~~~~~~~~~~~~~~~^^^^^^^^^^^^^^^
  File "/data/data/com.termux/files/usr/lib/python3.13/site-packages/django/template/engine.py", line 159, in find_template
    template = loader.get_template(name, skip=skip)
  File "/data/data/com.termux/files/usr/lib/python3.13/site-packages/django/template/loaders/cached.py", line 57, in get_template
    template = super().get_template(template_name, skip)
  File "/data/data/com.termux/files/usr/lib/python3.13/site-packages/django/template/loaders/base.py", line 28, in get_template
    return Template(
        contents,
    ...<2 lines>...
        self.engine,
    )
  File "/data/data/com.termux/files/usr/lib/python3.13/site-packages/django/template/base.py", line 155, in __init__
    self.nodelist = self.compile_nodelist()
                    ~~~~~~~~~~~~~~~~~~~~~^^
  File "/data/data/com.termux/files/usr/lib/python3.13/site-packages/django/template/base.py", line 197, in compile_nodelist
    nodelist = parser.parse()
  File "/data/data/com.termux/files/usr/lib/python3.13/site-packages/django/template/base.py", line 519, in parse
    raise self.error(token, e)
  File "/data/data/com.termux/files/usr/lib/python3.13/site-packages/django/template/base.py", line 517, in parse
    compiled_result = compile_func(self, token)
  File "/data/data/com.termux/files/usr/lib/python3.13/site-packages/django/template/loader_tags.py", line 299, in do_extends
    nodelist = parser.parse()
  File "/data/data/com.termux/files/usr/lib/python3.13/site-packages/django/template/base.py", line 519, in parse
    raise self.error(token, e)
  File "/data/data/com.termux/files/usr/lib/python3.13/site-packages/django/template/base.py", line 517, in parse
    compiled_result = compile_func(self, token)
  File "/data/data/com.termux/files/usr/lib/python3.13/site-packages/django/template/loader_tags.py", line 234, in do_block
    nodelist = parser.parse(("endblock",))
  File "/data/data/com.termux/files/usr/lib/python3.13/site-packages/django/template/base.py", line 519, in parse
    raise self.error(token, e)
  File "/data/data/com.termux/files/usr/lib/python3.13/site-packages/django/template/base.py", line 517, in parse
    compiled_result = compile_func(self, token)
  File "/data/data/com.termux/files/usr/lib/python3.13/site-packages/django/template/defaulttags.py", line 962, in do_if
    nodelist = parser.parse(("elif", "else", "endif"))
  File "/data/data/com.termux/files/usr/lib/python3.13/site-packages/django/template/base.py", line 519, in parse
    raise self.error(token, e)
  File "/data/data/com.termux/files/usr/lib/python3.13/site-packages/django/template/base.py", line 517, in parse
    compiled_result = compile_func(self, token)
  File "/data/data/com.termux/files/usr/lib/python3.13/site-packages/django/template/defaulttags.py", line 1531, in do_with
    extra_context = token_kwargs(remaining_bits, parser, support_legacy=True)
  File "/data/data/com.termux/files/usr/lib/python3.13/site-packages/django/template/base.py", line 1129, in token_kwargs
    kwargs[key] = parser.compile_filter(value)
                  ~~~~~~~~~~~~~~~~~~~~~^^^^^^^
  File "/data/data/com.termux/files/usr/lib/python3.13/site-packages/django/template/base.py", line 610, in compile_filter
    return FilterExpression(token, self)
  File "/data/data/com.termux/files/usr/lib/python3.13/site-packages/django/template/base.py", line 706, in __init__
    filter_func = parser.find_filter(filter_name)
  File "/data/data/com.termux/files/usr/lib/python3.13/site-packages/django/template/base.py", line 616, in find_filter
    raise TemplateSyntaxError("Invalid filter: '%s'" % filter_name)
django.template.exceptions.TemplateSyntaxError: Invalid filter: 'div'
ERROR 2026-07-30 14:34:47,971 log Internal Server Error: /cash/
Traceback (most recent call last):
  File "/data/data/com.termux/files/usr/lib/python3.13/site-packages/django/core/handlers/exception.py", line 55, in inner
    response = get_response(request)
  File "/data/data/com.termux/files/usr/lib/python3.13/site-packages/django/core/handlers/base.py", line 197, in _get_response
    response = wrapped_callback(request, *callback_args, **callback_kwargs)
  File "/data/data/com.termux/files/usr/lib/python3.13/site-packages/django/contrib/auth/decorators.py", line 59, in _view_wrapper
    return view_func(request, *args, **kwargs)
  File "/storage/emulated/0/django/p1/app/views_frontend.py", line 2870, in cash_dashboard
    return render(request, 'cash/dashboard.html', context)
  File "/data/data/com.termux/files/usr/lib/python3.13/site-packages/django/shortcuts.py", line 25, in render
    content = loader.render_to_string(template_name, context, request, using=using)
  File "/data/data/com.termux/files/usr/lib/python3.13/site-packages/django/template/loader.py", line 61, in render_to_string
    template = get_template(template_name, using=using)
  File "/data/data/com.termux/files/usr/lib/python3.13/site-packages/django/template/loader.py", line 15, in get_template
    return engine.get_template(template_name)
           ~~~~~~~~~~~~~~~~~~~^^^^^^^^^^^^^^^
  File "/data/data/com.termux/files/usr/lib/python3.13/site-packages/django/template/backends/django.py", line 79, in get_template
    return Template(self.engine.get_template(template_name), self)
                    ~~~~~~~~~~~~~~~~~~~~~~~~^^^^^^^^^^^^^^^
  File "/data/data/com.termux/files/usr/lib/python3.13/site-packages/django/template/engine.py", line 177, in get_template
    template, origin = self.find_template(template_name)
                       ~~~~~~~~~~~~~~~~~~^^^^^^^^^^^^^^^
  File "/data/data/com.termux/files/usr/lib/python3.13/site-packages/django/template/engine.py", line 159, in find_template
    template = loader.get_template(name, skip=skip)
  File "/data/data/com.termux/files/usr/lib/python3.13/site-packages/django/template/loaders/cached.py", line 57, in get_template
    template = super().get_template(template_name, skip)
  File "/data/data/com.termux/files/usr/lib/python3.13/site-packages/django/template/loaders/base.py", line 28, in get_template
    return Template(
        contents,
    ...<2 lines>...
        self.engine,
    )
  File "/data/data/com.termux/files/usr/lib/python3.13/site-packages/django/template/base.py", line 155, in __init__
    self.nodelist = self.compile_nodelist()
                    ~~~~~~~~~~~~~~~~~~~~~^^
  File "/data/data/com.termux/files/usr/lib/python3.13/site-packages/django/template/base.py", line 197, in compile_nodelist
    nodelist = parser.parse()
  File "/data/data/com.termux/files/usr/lib/python3.13/site-packages/django/template/base.py", line 519, in parse
    raise self.error(token, e)
  File "/data/data/com.termux/files/usr/lib/python3.13/site-packages/django/template/base.py", line 517, in parse
    compiled_result = compile_func(self, token)
  File "/data/data/com.termux/files/usr/lib/python3.13/site-packages/django/template/loader_tags.py", line 299, in do_extends
    nodelist = parser.parse()
  File "/data/data/com.termux/files/usr/lib/python3.13/site-packages/django/template/base.py", line 519, in parse
    raise self.error(token, e)
  File "/data/data/com.termux/files/usr/lib/python3.13/site-packages/django/template/base.py", line 517, in parse
    compiled_result = compile_func(self, token)
  File "/data/data/com.termux/files/usr/lib/python3.13/site-packages/django/template/loader_tags.py", line 234, in do_block
    nodelist = parser.parse(("endblock",))
  File "/data/data/com.termux/files/usr/lib/python3.13/site-packages/django/template/base.py", line 519, in parse
    raise self.error(token, e)
  File "/data/data/com.termux/files/usr/lib/python3.13/site-packages/django/template/base.py", line 517, in parse
    compiled_result = compile_func(self, token)
  File "/data/data/com.termux/files/usr/lib/python3.13/site-packages/django/template/defaulttags.py", line 962, in do_if
    nodelist = parser.parse(("elif", "else", "endif"))
  File "/data/data/com.termux/files/usr/lib/python3.13/site-packages/django/template/base.py", line 519, in parse
    raise self.error(token, e)
  File "/data/data/com.termux/files/usr/lib/python3.13/site-packages/django/template/base.py", line 517, in parse
    compiled_result = compile_func(self, token)
  File "/data/data/com.termux/files/usr/lib/python3.13/site-packages/django/template/defaulttags.py", line 1531, in do_with
    extra_context = token_kwargs(remaining_bits, parser, support_legacy=True)
  File "/data/data/com.termux/files/usr/lib/python3.13/site-packages/django/template/base.py", line 1129, in token_kwargs
    kwargs[key] = parser.compile_filter(value)
                  ~~~~~~~~~~~~~~~~~~~~~^^^^^^^
  File "/data/data/com.termux/files/usr/lib/python3.13/site-packages/django/template/base.py", line 610, in compile_filter
    return FilterExpression(token, self)
  File "/data/data/com.termux/files/usr/lib/python3.13/site-packages/django/template/base.py", line 706, in __init__
    filter_func = parser.find_filter(filter_name)
  File "/data/data/com.termux/files/usr/lib/python3.13/site-packages/django/template/base.py", line 616, in find_filter
    raise TemplateSyntaxError("Invalid filter: '%s'" % filter_name)
django.template.exceptions.TemplateSyntaxError: Invalid filter: 'div'
INFO 2026-07-30 14:35:18,653 autoreload /storage/emulated/0/django/p1/app/views_frontend.py changed, reloading.
INFO 2026-07-30 14:35:27,358 apps AXES: BEGIN version 8.3.1, blocking by ip_address
INFO 2026-07-30 14:35:27,470 autoreload Watching for file changes with StatReloader
ERROR 2026-07-30 14:35:44,276 log Internal Server Error: /cash/
Traceback (most recent call last):
  File "/data/data/com.termux/files/usr/lib/python3.13/site-packages/django/core/handlers/exception.py", line 55, in inner
    response = get_response(request)
  File "/data/data/com.termux/files/usr/lib/python3.13/site-packages/django/core/handlers/base.py", line 197, in _get_response
    response = wrapped_callback(request, *callback_args, **callback_kwargs)
  File "/data/data/com.termux/files/usr/lib/python3.13/site-packages/django/contrib/auth/decorators.py", line 59, in _view_wrapper
    return view_func(request, *args, **kwargs)
  File "/storage/emulated/0/django/p1/app/views_frontend.py", line 2870, in cash_dashboard
    return render(request, 'cash/dashboard.html', context)
  File "/data/data/com.termux/files/usr/lib/python3.13/site-packages/django/shortcuts.py", line 25, in render
    content = loader.render_to_string(template_name, context, request, using=using)
  File "/data/data/com.termux/files/usr/lib/python3.13/site-packages/django/template/loader.py", line 61, in render_to_string
    template = get_template(template_name, using=using)
  File "/data/data/com.termux/files/usr/lib/python3.13/site-packages/django/template/loader.py", line 15, in get_template
    return engine.get_template(template_name)
           ~~~~~~~~~~~~~~~~~~~^^^^^^^^^^^^^^^
  File "/data/data/com.termux/files/usr/lib/python3.13/site-packages/django/template/backends/django.py", line 79, in get_template
    return Template(self.engine.get_template(template_name), self)
                    ~~~~~~~~~~~~~~~~~~~~~~~~^^^^^^^^^^^^^^^
  File "/data/data/com.termux/files/usr/lib/python3.13/site-packages/django/template/engine.py", line 177, in get_template
    template, origin = self.find_template(template_name)
                       ~~~~~~~~~~~~~~~~~~^^^^^^^^^^^^^^^
  File "/data/data/com.termux/files/usr/lib/python3.13/site-packages/django/template/engine.py", line 159, in find_template
    template = loader.get_template(name, skip=skip)
  File "/data/data/com.termux/files/usr/lib/python3.13/site-packages/django/template/loaders/cached.py", line 57, in get_template
    template = super().get_template(template_name, skip)
  File "/data/data/com.termux/files/usr/lib/python3.13/site-packages/django/template/loaders/base.py", line 28, in get_template
    return Template(
        contents,
    ...<2 lines>...
        self.engine,
    )
  File "/data/data/com.termux/files/usr/lib/python3.13/site-packages/django/template/base.py", line 155, in __init__
    self.nodelist = self.compile_nodelist()
                    ~~~~~~~~~~~~~~~~~~~~~^^
  File "/data/data/com.termux/files/usr/lib/python3.13/site-packages/django/template/base.py", line 197, in compile_nodelist
    nodelist = parser.parse()
  File "/data/data/com.termux/files/usr/lib/python3.13/site-packages/django/template/base.py", line 519, in parse
    raise self.error(token, e)
  File "/data/data/com.termux/files/usr/lib/python3.13/site-packages/django/template/base.py", line 517, in parse
    compiled_result = compile_func(self, token)
  File "/data/data/com.termux/files/usr/lib/python3.13/site-packages/django/template/loader_tags.py", line 299, in do_extends
    nodelist = parser.parse()
  File "/data/data/com.termux/files/usr/lib/python3.13/site-packages/django/template/base.py", line 519, in parse
    raise self.error(token, e)
  File "/data/data/com.termux/files/usr/lib/python3.13/site-packages/django/template/base.py", line 517, in parse
    compiled_result = compile_func(self, token)
  File "/data/data/com.termux/files/usr/lib/python3.13/site-packages/django/template/loader_tags.py", line 234, in do_block
    nodelist = parser.parse(("endblock",))
  File "/data/data/com.termux/files/usr/lib/python3.13/site-packages/django/template/base.py", line 519, in parse
    raise self.error(token, e)
  File "/data/data/com.termux/files/usr/lib/python3.13/site-packages/django/template/base.py", line 517, in parse
    compiled_result = compile_func(self, token)
  File "/data/data/com.termux/files/usr/lib/python3.13/site-packages/django/template/defaulttags.py", line 962, in do_if
    nodelist = parser.parse(("elif", "else", "endif"))
  File "/data/data/com.termux/files/usr/lib/python3.13/site-packages/django/template/base.py", line 519, in parse
    raise self.error(token, e)
  File "/data/data/com.termux/files/usr/lib/python3.13/site-packages/django/template/base.py", line 517, in parse
    compiled_result = compile_func(self, token)
  File "/data/data/com.termux/files/usr/lib/python3.13/site-packages/django/template/defaulttags.py", line 1531, in do_with
    extra_context = token_kwargs(remaining_bits, parser, support_legacy=True)
  File "/data/data/com.termux/files/usr/lib/python3.13/site-packages/django/template/base.py", line 1129, in token_kwargs
    kwargs[key] = parser.compile_filter(value)
                  ~~~~~~~~~~~~~~~~~~~~~^^^^^^^
  File "/data/data/com.termux/files/usr/lib/python3.13/site-packages/django/template/base.py", line 610, in compile_filter
    return FilterExpression(token, self)
  File "/data/data/com.termux/files/usr/lib/python3.13/site-packages/django/template/base.py", line 706, in __init__
    filter_func = parser.find_filter(filter_name)
  File "/data/data/com.termux/files/usr/lib/python3.13/site-packages/django/template/base.py", line 616, in find_filter
    raise TemplateSyntaxError("Invalid filter: '%s'" % filter_name)
django.template.exceptions.TemplateSyntaxError: Invalid filter: 'div'
INFO 2026-07-30 14:37:03,852 autoreload /storage/emulated/0/django/p1/app/views_frontend.py changed, reloading.
INFO 2026-07-30 14:37:12,594 apps AXES: BEGIN version 8.3.1, blocking by ip_address
INFO 2026-07-30 14:37:12,728 autoreload Watching for file changes with StatReloader
ERROR 2026-07-30 14:37:28,637 log Internal Server Error: /cash/
Traceback (most recent call last):
  File "/data/data/com.termux/files/usr/lib/python3.13/site-packages/django/core/handlers/exception.py", line 55, in inner
    response = get_response(request)
  File "/data/data/com.termux/files/usr/lib/python3.13/site-packages/django/core/handlers/base.py", line 197, in _get_response
    response = wrapped_callback(request, *callback_args, **callback_kwargs)
  File "/data/data/com.termux/files/usr/lib/python3.13/site-packages/django/contrib/auth/decorators.py", line 59, in _view_wrapper
    return view_func(request, *args, **kwargs)
  File "/storage/emulated/0/django/p1/app/views_frontend.py", line 2881, in cash_dashboard
    return render(request, 'cash/dashboard.html', context)
  File "/data/data/com.termux/files/usr/lib/python3.13/site-packages/django/shortcuts.py", line 25, in render
    content = loader.render_to_string(template_name, context, request, using=using)
  File "/data/data/com.termux/files/usr/lib/python3.13/site-packages/django/template/loader.py", line 61, in render_to_string
    template = get_template(template_name, using=using)
  File "/data/data/com.termux/files/usr/lib/python3.13/site-packages/django/template/loader.py", line 15, in get_template
    return engine.get_template(template_name)
           ~~~~~~~~~~~~~~~~~~~^^^^^^^^^^^^^^^
  File "/data/data/com.termux/files/usr/lib/python3.13/site-packages/django/template/backends/django.py", line 79, in get_template
    return Template(self.engine.get_template(template_name), self)
                    ~~~~~~~~~~~~~~~~~~~~~~~~^^^^^^^^^^^^^^^
  File "/data/data/com.termux/files/usr/lib/python3.13/site-packages/django/template/engine.py", line 177, in get_template
    template, origin = self.find_template(template_name)
                       ~~~~~~~~~~~~~~~~~~^^^^^^^^^^^^^^^
  File "/data/data/com.termux/files/usr/lib/python3.13/site-packages/django/template/engine.py", line 159, in find_template
    template = loader.get_template(name, skip=skip)
  File "/data/data/com.termux/files/usr/lib/python3.13/site-packages/django/template/loaders/cached.py", line 57, in get_template
    template = super().get_template(template_name, skip)
  File "/data/data/com.termux/files/usr/lib/python3.13/site-packages/django/template/loaders/base.py", line 28, in get_template
    return Template(
        contents,
    ...<2 lines>...
        self.engine,
    )
  File "/data/data/com.termux/files/usr/lib/python3.13/site-packages/django/template/base.py", line 155, in __init__
    self.nodelist = self.compile_nodelist()
                    ~~~~~~~~~~~~~~~~~~~~~^^
  File "/data/data/com.termux/files/usr/lib/python3.13/site-packages/django/template/base.py", line 197, in compile_nodelist
    nodelist = parser.parse()
  File "/data/data/com.termux/files/usr/lib/python3.13/site-packages/django/template/base.py", line 519, in parse
    raise self.error(token, e)
  File "/data/data/com.termux/files/usr/lib/python3.13/site-packages/django/template/base.py", line 517, in parse
    compiled_result = compile_func(self, token)
  File "/data/data/com.termux/files/usr/lib/python3.13/site-packages/django/template/loader_tags.py", line 299, in do_extends
    nodelist = parser.parse()
  File "/data/data/com.termux/files/usr/lib/python3.13/site-packages/django/template/base.py", line 519, in parse
    raise self.error(token, e)
  File "/data/data/com.termux/files/usr/lib/python3.13/site-packages/django/template/base.py", line 517, in parse
    compiled_result = compile_func(self, token)
  File "/data/data/com.termux/files/usr/lib/python3.13/site-packages/django/template/loader_tags.py", line 234, in do_block
    nodelist = parser.parse(("endblock",))
  File "/data/data/com.termux/files/usr/lib/python3.13/site-packages/django/template/base.py", line 519, in parse
    raise self.error(token, e)
  File "/data/data/com.termux/files/usr/lib/python3.13/site-packages/django/template/base.py", line 517, in parse
    compiled_result = compile_func(self, token)
  File "/data/data/com.termux/files/usr/lib/python3.13/site-packages/django/template/defaulttags.py", line 962, in do_if
    nodelist = parser.parse(("elif", "else", "endif"))
  File "/data/data/com.termux/files/usr/lib/python3.13/site-packages/django/template/base.py", line 519, in parse
    raise self.error(token, e)
  File "/data/data/com.termux/files/usr/lib/python3.13/site-packages/django/template/base.py", line 517, in parse
    compiled_result = compile_func(self, token)
  File "/data/data/com.termux/files/usr/lib/python3.13/site-packages/django/template/defaulttags.py", line 1531, in do_with
    extra_context = token_kwargs(remaining_bits, parser, support_legacy=True)
  File "/data/data/com.termux/files/usr/lib/python3.13/site-packages/django/template/base.py", line 1129, in token_kwargs
    kwargs[key] = parser.compile_filter(value)
                  ~~~~~~~~~~~~~~~~~~~~~^^^^^^^
  File "/data/data/com.termux/files/usr/lib/python3.13/site-packages/django/template/base.py", line 610, in compile_filter
    return FilterExpression(token, self)
  File "/data/data/com.termux/files/usr/lib/python3.13/site-packages/django/template/base.py", line 706, in __init__
    filter_func = parser.find_filter(filter_name)
  File "/data/data/com.termux/files/usr/lib/python3.13/site-packages/django/template/base.py", line 616, in find_filter
    raise TemplateSyntaxError("Invalid filter: '%s'" % filter_name)
django.template.exceptions.TemplateSyntaxError: Invalid filter: 'div'
ERROR 2026-07-30 14:37:31,846 log Internal Server Error: /cash/
Traceback (most recent call last):
  File "/data/data/com.termux/files/usr/lib/python3.13/site-packages/django/core/handlers/exception.py", line 55, in inner
    response = get_response(request)
  File "/data/data/com.termux/files/usr/lib/python3.13/site-packages/django/core/handlers/base.py", line 197, in _get_response
    response = wrapped_callback(request, *callback_args, **callback_kwargs)
  File "/data/data/com.termux/files/usr/lib/python3.13/site-packages/django/contrib/auth/decorators.py", line 59, in _view_wrapper
    return view_func(request, *args, **kwargs)
  File "/storage/emulated/0/django/p1/app/views_frontend.py", line 2881, in cash_dashboard
    return render(request, 'cash/dashboard.html', context)
  File "/data/data/com.termux/files/usr/lib/python3.13/site-packages/django/shortcuts.py", line 25, in render
    content = loader.render_to_string(template_name, context, request, using=using)
  File "/data/data/com.termux/files/usr/lib/python3.13/site-packages/django/template/loader.py", line 61, in render_to_string
    template = get_template(template_name, using=using)
  File "/data/data/com.termux/files/usr/lib/python3.13/site-packages/django/template/loader.py", line 15, in get_template
    return engine.get_template(template_name)
           ~~~~~~~~~~~~~~~~~~~^^^^^^^^^^^^^^^
  File "/data/data/com.termux/files/usr/lib/python3.13/site-packages/django/template/backends/django.py", line 79, in get_template
    return Template(self.engine.get_template(template_name), self)
                    ~~~~~~~~~~~~~~~~~~~~~~~~^^^^^^^^^^^^^^^
  File "/data/data/com.termux/files/usr/lib/python3.13/site-packages/django/template/engine.py", line 177, in get_template
    template, origin = self.find_template(template_name)
                       ~~~~~~~~~~~~~~~~~~^^^^^^^^^^^^^^^
  File "/data/data/com.termux/files/usr/lib/python3.13/site-packages/django/template/engine.py", line 159, in find_template
    template = loader.get_template(name, skip=skip)
  File "/data/data/com.termux/files/usr/lib/python3.13/site-packages/django/template/loaders/cached.py", line 57, in get_template
    template = super().get_template(template_name, skip)
  File "/data/data/com.termux/files/usr/lib/python3.13/site-packages/django/template/loaders/base.py", line 28, in get_template
    return Template(
        contents,
    ...<2 lines>...
        self.engine,
    )
  File "/data/data/com.termux/files/usr/lib/python3.13/site-packages/django/template/base.py", line 155, in __init__
    self.nodelist = self.compile_nodelist()
                    ~~~~~~~~~~~~~~~~~~~~~^^
  File "/data/data/com.termux/files/usr/lib/python3.13/site-packages/django/template/base.py", line 197, in compile_nodelist
    nodelist = parser.parse()
  File "/data/data/com.termux/files/usr/lib/python3.13/site-packages/django/template/base.py", line 519, in parse
    raise self.error(token, e)
  File "/data/data/com.termux/files/usr/lib/python3.13/site-packages/django/template/base.py", line 517, in parse
    compiled_result = compile_func(self, token)
  File "/data/data/com.termux/files/usr/lib/python3.13/site-packages/django/template/loader_tags.py", line 299, in do_extends
    nodelist = parser.parse()
  File "/data/data/com.termux/files/usr/lib/python3.13/site-packages/django/template/base.py", line 519, in parse
    raise self.error(token, e)
  File "/data/data/com.termux/files/usr/lib/python3.13/site-packages/django/template/base.py", line 517, in parse
    compiled_result = compile_func(self, token)
  File "/data/data/com.termux/files/usr/lib/python3.13/site-packages/django/template/loader_tags.py", line 234, in do_block
    nodelist = parser.parse(("endblock",))
  File "/data/data/com.termux/files/usr/lib/python3.13/site-packages/django/template/base.py", line 519, in parse
    raise self.error(token, e)
  File "/data/data/com.termux/files/usr/lib/python3.13/site-packages/django/template/base.py", line 517, in parse
    compiled_result = compile_func(self, token)
  File "/data/data/com.termux/files/usr/lib/python3.13/site-packages/django/template/defaulttags.py", line 962, in do_if
    nodelist = parser.parse(("elif", "else", "endif"))
  File "/data/data/com.termux/files/usr/lib/python3.13/site-packages/django/template/base.py", line 519, in parse
    raise self.error(token, e)
  File "/data/data/com.termux/files/usr/lib/python3.13/site-packages/django/template/base.py", line 517, in parse
    compiled_result = compile_func(self, token)
  File "/data/data/com.termux/files/usr/lib/python3.13/site-packages/django/template/defaulttags.py", line 1531, in do_with
    extra_context = token_kwargs(remaining_bits, parser, support_legacy=True)
  File "/data/data/com.termux/files/usr/lib/python3.13/site-packages/django/template/base.py", line 1129, in token_kwargs
    kwargs[key] = parser.compile_filter(value)
                  ~~~~~~~~~~~~~~~~~~~~~^^^^^^^
  File "/data/data/com.termux/files/usr/lib/python3.13/site-packages/django/template/base.py", line 610, in compile_filter
    return FilterExpression(token, self)
  File "/data/data/com.termux/files/usr/lib/python3.13/site-packages/django/template/base.py", line 706, in __init__
    filter_func = parser.find_filter(filter_name)
  File "/data/data/com.termux/files/usr/lib/python3.13/site-packages/django/template/base.py", line 616, in find_filter
    raise TemplateSyntaxError("Invalid filter: '%s'" % filter_name)
django.template.exceptions.TemplateSyntaxError: Invalid filter: 'div'
ERROR 2026-07-30 14:37:47,138 log Internal Server Error: /cash/
Traceback (most recent call last):
  File "/data/data/com.termux/files/usr/lib/python3.13/site-packages/django/core/handlers/exception.py", line 55, in inner
    response = get_response(request)
  File "/data/data/com.termux/files/usr/lib/python3.13/site-packages/django/core/handlers/base.py", line 197, in _get_response
    response = wrapped_callback(request, *callback_args, **callback_kwargs)
  File "/data/data/com.termux/files/usr/lib/python3.13/site-packages/django/contrib/auth/decorators.py", line 59, in _view_wrapper
    return view_func(request, *args, **kwargs)
  File "/storage/emulated/0/django/p1/app/views_frontend.py", line 2881, in cash_dashboard
    return render(request, 'cash/dashboard.html', context)
  File "/data/data/com.termux/files/usr/lib/python3.13/site-packages/django/shortcuts.py", line 25, in render
    content = loader.render_to_string(template_name, context, request, using=using)
  File "/data/data/com.termux/files/usr/lib/python3.13/site-packages/django/template/loader.py", line 61, in render_to_string
    template = get_template(template_name, using=using)
  File "/data/data/com.termux/files/usr/lib/python3.13/site-packages/django/template/loader.py", line 15, in get_template
    return engine.get_template(template_name)
           ~~~~~~~~~~~~~~~~~~~^^^^^^^^^^^^^^^
  File "/data/data/com.termux/files/usr/lib/python3.13/site-packages/django/template/backends/django.py", line 79, in get_template
    return Template(self.engine.get_template(template_name), self)
                    ~~~~~~~~~~~~~~~~~~~~~~~~^^^^^^^^^^^^^^^
  File "/data/data/com.termux/files/usr/lib/python3.13/site-packages/django/template/engine.py", line 177, in get_template
    template, origin = self.find_template(template_name)
                       ~~~~~~~~~~~~~~~~~~^^^^^^^^^^^^^^^
  File "/data/data/com.termux/files/usr/lib/python3.13/site-packages/django/template/engine.py", line 159, in find_template
    template = loader.get_template(name, skip=skip)
  File "/data/data/com.termux/files/usr/lib/python3.13/site-packages/django/template/loaders/cached.py", line 57, in get_template
    template = super().get_template(template_name, skip)
  File "/data/data/com.termux/files/usr/lib/python3.13/site-packages/django/template/loaders/base.py", line 28, in get_template
    return Template(
        contents,
    ...<2 lines>...
        self.engine,
    )
  File "/data/data/com.termux/files/usr/lib/python3.13/site-packages/django/template/base.py", line 155, in __init__
    self.nodelist = self.compile_nodelist()
                    ~~~~~~~~~~~~~~~~~~~~~^^
  File "/data/data/com.termux/files/usr/lib/python3.13/site-packages/django/template/base.py", line 197, in compile_nodelist
    nodelist = parser.parse()
  File "/data/data/com.termux/files/usr/lib/python3.13/site-packages/django/template/base.py", line 519, in parse
    raise self.error(token, e)
  File "/data/data/com.termux/files/usr/lib/python3.13/site-packages/django/template/base.py", line 517, in parse
    compiled_result = compile_func(self, token)
  File "/data/data/com.termux/files/usr/lib/python3.13/site-packages/django/template/loader_tags.py", line 299, in do_extends
    nodelist = parser.parse()
  File "/data/data/com.termux/files/usr/lib/python3.13/site-packages/django/template/base.py", line 519, in parse
    raise self.error(token, e)
  File "/data/data/com.termux/files/usr/lib/python3.13/site-packages/django/template/base.py", line 517, in parse
    compiled_result = compile_func(self, token)
  File "/data/data/com.termux/files/usr/lib/python3.13/site-packages/django/template/loader_tags.py", line 234, in do_block
    nodelist = parser.parse(("endblock",))
  File "/data/data/com.termux/files/usr/lib/python3.13/site-packages/django/template/base.py", line 519, in parse
    raise self.error(token, e)
  File "/data/data/com.termux/files/usr/lib/python3.13/site-packages/django/template/base.py", line 517, in parse
    compiled_result = compile_func(self, token)
  File "/data/data/com.termux/files/usr/lib/python3.13/site-packages/django/template/defaulttags.py", line 962, in do_if
    nodelist = parser.parse(("elif", "else", "endif"))
  File "/data/data/com.termux/files/usr/lib/python3.13/site-packages/django/template/base.py", line 519, in parse
    raise self.error(token, e)
  File "/data/data/com.termux/files/usr/lib/python3.13/site-packages/django/template/base.py", line 517, in parse
    compiled_result = compile_func(self, token)
  File "/data/data/com.termux/files/usr/lib/python3.13/site-packages/django/template/defaulttags.py", line 1531, in do_with
    extra_context = token_kwargs(remaining_bits, parser, support_legacy=True)
  File "/data/data/com.termux/files/usr/lib/python3.13/site-packages/django/template/base.py", line 1129, in token_kwargs
    kwargs[key] = parser.compile_filter(value)
                  ~~~~~~~~~~~~~~~~~~~~~^^^^^^^
  File "/data/data/com.termux/files/usr/lib/python3.13/site-packages/django/template/base.py", line 610, in compile_filter
    return FilterExpression(token, self)
  File "/data/data/com.termux/files/usr/lib/python3.13/site-packages/django/template/base.py", line 706, in __init__
    filter_func = parser.find_filter(filter_name)
  File "/data/data/com.termux/files/usr/lib/python3.13/site-packages/django/template/base.py", line 616, in find_filter
    raise TemplateSyntaxError("Invalid filter: '%s'" % filter_name)
django.template.exceptions.TemplateSyntaxError: Invalid filter: 'div'
INFO 2026-07-30 14:38:00,971 autoreload /storage/emulated/0/django/p1/app/views_frontend.py changed, reloading.
INFO 2026-07-30 14:38:10,215 apps AXES: BEGIN version 8.3.1, blocking by ip_address
INFO 2026-07-30 14:38:10,339 autoreload Watching for file changes with StatReloader
INFO 2026-07-30 14:46:23,640 autoreload /storage/emulated/0/django/p1/app/views_frontend.py changed, reloading.
INFO 2026-07-30 14:46:33,058 apps AXES: BEGIN version 8.3.1, blocking by ip_address
INFO 2026-07-30 14:46:33,311 autoreload Watching for file changes with StatReloader
ERROR 2026-07-30 14:47:02,906 log Internal Server Error: /cash/
Traceback (most recent call last):
  File "/data/data/com.termux/files/usr/lib/python3.13/site-packages/django/core/handlers/exception.py", line 55, in inner
    response = get_response(request)
  File "/data/data/com.termux/files/usr/lib/python3.13/site-packages/django/core/handlers/base.py", line 197, in _get_response
    response = wrapped_callback(request, *callback_args, **callback_kwargs)
  File "/data/data/com.termux/files/usr/lib/python3.13/site-packages/django/contrib/auth/decorators.py", line 59, in _view_wrapper
    return view_func(request, *args, **kwargs)
  File "/storage/emulated/0/django/p1/app/views_frontend.py", line 2848, in cash_dashboard
    return render(request, 'cash/dashboard.html', context)
  File "/data/data/com.termux/files/usr/lib/python3.13/site-packages/django/shortcuts.py", line 25, in render
    content = loader.render_to_string(template_name, context, request, using=using)
  File "/data/data/com.termux/files/usr/lib/python3.13/site-packages/django/template/loader.py", line 61, in render_to_string
    template = get_template(template_name, using=using)
  File "/data/data/com.termux/files/usr/lib/python3.13/site-packages/django/template/loader.py", line 15, in get_template
    return engine.get_template(template_name)
           ~~~~~~~~~~~~~~~~~~~^^^^^^^^^^^^^^^
  File "/data/data/com.termux/files/usr/lib/python3.13/site-packages/django/template/backends/django.py", line 79, in get_template
    return Template(self.engine.get_template(template_name), self)
                    ~~~~~~~~~~~~~~~~~~~~~~~~^^^^^^^^^^^^^^^
  File "/data/data/com.termux/files/usr/lib/python3.13/site-packages/django/template/engine.py", line 177, in get_template
    template, origin = self.find_template(template_name)
                       ~~~~~~~~~~~~~~~~~~^^^^^^^^^^^^^^^
  File "/data/data/com.termux/files/usr/lib/python3.13/site-packages/django/template/engine.py", line 159, in find_template
    template = loader.get_template(name, skip=skip)
  File "/data/data/com.termux/files/usr/lib/python3.13/site-packages/django/template/loaders/cached.py", line 57, in get_template
    template = super().get_template(template_name, skip)
  File "/data/data/com.termux/files/usr/lib/python3.13/site-packages/django/template/loaders/base.py", line 28, in get_template
    return Template(
        contents,
    ...<2 lines>...
        self.engine,
    )
  File "/data/data/com.termux/files/usr/lib/python3.13/site-packages/django/template/base.py", line 155, in __init__
    self.nodelist = self.compile_nodelist()
                    ~~~~~~~~~~~~~~~~~~~~~^^
  File "/data/data/com.termux/files/usr/lib/python3.13/site-packages/django/template/base.py", line 197, in compile_nodelist
    nodelist = parser.parse()
  File "/data/data/com.termux/files/usr/lib/python3.13/site-packages/django/template/base.py", line 519, in parse
    raise self.error(token, e)
  File "/data/data/com.termux/files/usr/lib/python3.13/site-packages/django/template/base.py", line 517, in parse
    compiled_result = compile_func(self, token)
  File "/data/data/com.termux/files/usr/lib/python3.13/site-packages/django/template/loader_tags.py", line 299, in do_extends
    nodelist = parser.parse()
  File "/data/data/com.termux/files/usr/lib/python3.13/site-packages/django/template/base.py", line 519, in parse
    raise self.error(token, e)
  File "/data/data/com.termux/files/usr/lib/python3.13/site-packages/django/template/base.py", line 517, in parse
    compiled_result = compile_func(self, token)
  File "/data/data/com.termux/files/usr/lib/python3.13/site-packages/django/template/loader_tags.py", line 234, in do_block
    nodelist = parser.parse(("endblock",))
  File "/data/data/com.termux/files/usr/lib/python3.13/site-packages/django/template/base.py", line 519, in parse
    raise self.error(token, e)
  File "/data/data/com.termux/files/usr/lib/python3.13/site-packages/django/template/base.py", line 517, in parse
    compiled_result = compile_func(self, token)
  File "/data/data/com.termux/files/usr/lib/python3.13/site-packages/django/template/defaulttags.py", line 962, in do_if
    nodelist = parser.parse(("elif", "else", "endif"))
  File "/data/data/com.termux/files/usr/lib/python3.13/site-packages/django/template/base.py", line 519, in parse
    raise self.error(token, e)
  File "/data/data/com.termux/files/usr/lib/python3.13/site-packages/django/template/base.py", line 517, in parse
    compiled_result = compile_func(self, token)
  File "/data/data/com.termux/files/usr/lib/python3.13/site-packages/django/template/defaulttags.py", line 1531, in do_with
    extra_context = token_kwargs(remaining_bits, parser, support_legacy=True)
  File "/data/data/com.termux/files/usr/lib/python3.13/site-packages/django/template/base.py", line 1129, in token_kwargs
    kwargs[key] = parser.compile_filter(value)
                  ~~~~~~~~~~~~~~~~~~~~~^^^^^^^
  File "/data/data/com.termux/files/usr/lib/python3.13/site-packages/django/template/base.py", line 610, in compile_filter
    return FilterExpression(token, self)
  File "/data/data/com.termux/files/usr/lib/python3.13/site-packages/django/template/base.py", line 706, in __init__
    filter_func = parser.find_filter(filter_name)
  File "/data/data/com.termux/files/usr/lib/python3.13/site-packages/django/template/base.py", line 616, in find_filter
    raise TemplateSyntaxError("Invalid filter: '%s'" % filter_name)
django.template.exceptions.TemplateSyntaxError: Invalid filter: 'div'
ERROR 2026-07-30 14:47:13,655 log Internal Server Error: /cash/
Traceback (most recent call last):
  File "/data/data/com.termux/files/usr/lib/python3.13/site-packages/django/core/handlers/exception.py", line 55, in inner
    response = get_response(request)
  File "/data/data/com.termux/files/usr/lib/python3.13/site-packages/django/core/handlers/base.py", line 197, in _get_response
    response = wrapped_callback(request, *callback_args, **callback_kwargs)
  File "/data/data/com.termux/files/usr/lib/python3.13/site-packages/django/contrib/auth/decorators.py", line 59, in _view_wrapper
    return view_func(request, *args, **kwargs)
  File "/storage/emulated/0/django/p1/app/views_frontend.py", line 2848, in cash_dashboard
    return render(request, 'cash/dashboard.html', context)
  File "/data/data/com.termux/files/usr/lib/python3.13/site-packages/django/shortcuts.py", line 25, in render
    content = loader.render_to_string(template_name, context, request, using=using)
  File "/data/data/com.termux/files/usr/lib/python3.13/site-packages/django/template/loader.py", line 61, in render_to_string
    template = get_template(template_name, using=using)
  File "/data/data/com.termux/files/usr/lib/python3.13/site-packages/django/template/loader.py", line 15, in get_template
    return engine.get_template(template_name)
           ~~~~~~~~~~~~~~~~~~~^^^^^^^^^^^^^^^
  File "/data/data/com.termux/files/usr/lib/python3.13/site-packages/django/template/backends/django.py", line 79, in get_template
    return Template(self.engine.get_template(template_name), self)
                    ~~~~~~~~~~~~~~~~~~~~~~~~^^^^^^^^^^^^^^^
  File "/data/data/com.termux/files/usr/lib/python3.13/site-packages/django/template/engine.py", line 177, in get_template
    template, origin = self.find_template(template_name)
                       ~~~~~~~~~~~~~~~~~~^^^^^^^^^^^^^^^
  File "/data/data/com.termux/files/usr/lib/python3.13/site-packages/django/template/engine.py", line 159, in find_template
    template = loader.get_template(name, skip=skip)
  File "/data/data/com.termux/files/usr/lib/python3.13/site-packages/django/template/loaders/cached.py", line 57, in get_template
    template = super().get_template(template_name, skip)
  File "/data/data/com.termux/files/usr/lib/python3.13/site-packages/django/template/loaders/base.py", line 28, in get_template
    return Template(
        contents,
    ...<2 lines>...
        self.engine,
    )
  File "/data/data/com.termux/files/usr/lib/python3.13/site-packages/django/template/base.py", line 155, in __init__
    self.nodelist = self.compile_nodelist()
                    ~~~~~~~~~~~~~~~~~~~~~^^
  File "/data/data/com.termux/files/usr/lib/python3.13/site-packages/django/template/base.py", line 197, in compile_nodelist
    nodelist = parser.parse()
  File "/data/data/com.termux/files/usr/lib/python3.13/site-packages/django/template/base.py", line 519, in parse
    raise self.error(token, e)
  File "/data/data/com.termux/files/usr/lib/python3.13/site-packages/django/template/base.py", line 517, in parse
    compiled_result = compile_func(self, token)
  File "/data/data/com.termux/files/usr/lib/python3.13/site-packages/django/template/loader_tags.py", line 299, in do_extends
    nodelist = parser.parse()
  File "/data/data/com.termux/files/usr/lib/python3.13/site-packages/django/template/base.py", line 519, in parse
    raise self.error(token, e)
  File "/data/data/com.termux/files/usr/lib/python3.13/site-packages/django/template/base.py", line 517, in parse
    compiled_result = compile_func(self, token)
  File "/data/data/com.termux/files/usr/lib/python3.13/site-packages/django/template/loader_tags.py", line 234, in do_block
    nodelist = parser.parse(("endblock",))
  File "/data/data/com.termux/files/usr/lib/python3.13/site-packages/django/template/base.py", line 519, in parse
    raise self.error(token, e)
  File "/data/data/com.termux/files/usr/lib/python3.13/site-packages/django/template/base.py", line 517, in parse
    compiled_result = compile_func(self, token)
  File "/data/data/com.termux/files/usr/lib/python3.13/site-packages/django/template/defaulttags.py", line 962, in do_if
    nodelist = parser.parse(("elif", "else", "endif"))
  File "/data/data/com.termux/files/usr/lib/python3.13/site-packages/django/template/base.py", line 519, in parse
    raise self.error(token, e)
  File "/data/data/com.termux/files/usr/lib/python3.13/site-packages/django/template/base.py", line 517, in parse
    compiled_result = compile_func(self, token)
  File "/data/data/com.termux/files/usr/lib/python3.13/site-packages/django/template/defaulttags.py", line 1531, in do_with
    extra_context = token_kwargs(remaining_bits, parser, support_legacy=True)
  File "/data/data/com.termux/files/usr/lib/python3.13/site-packages/django/template/base.py", line 1129, in token_kwargs
    kwargs[key] = parser.compile_filter(value)
                  ~~~~~~~~~~~~~~~~~~~~~^^^^^^^
  File "/data/data/com.termux/files/usr/lib/python3.13/site-packages/django/template/base.py", line 610, in compile_filter
    return FilterExpression(token, self)
  File "/data/data/com.termux/files/usr/lib/python3.13/site-packages/django/template/base.py", line 706, in __init__
    filter_func = parser.find_filter(filter_name)
  File "/data/data/com.termux/files/usr/lib/python3.13/site-packages/django/template/base.py", line 616, in find_filter
    raise TemplateSyntaxError("Invalid filter: '%s'" % filter_name)
django.template.exceptions.TemplateSyntaxError: Invalid filter: 'div'
ERROR 2026-07-30 14:47:43,795 log Internal Server Error: /cash/
Traceback (most recent call last):
  File "/data/data/com.termux/files/usr/lib/python3.13/site-packages/django/core/handlers/exception.py", line 55, in inner
    response = get_response(request)
  File "/data/data/com.termux/files/usr/lib/python3.13/site-packages/django/core/handlers/base.py", line 197, in _get_response
    response = wrapped_callback(request, *callback_args, **callback_kwargs)
  File "/data/data/com.termux/files/usr/lib/python3.13/site-packages/django/contrib/auth/decorators.py", line 59, in _view_wrapper
    return view_func(request, *args, **kwargs)
  File "/storage/emulated/0/django/p1/app/views_frontend.py", line 2848, in cash_dashboard
    return render(request, 'cash/dashboard.html', context)
  File "/data/data/com.termux/files/usr/lib/python3.13/site-packages/django/shortcuts.py", line 25, in render
    content = loader.render_to_string(template_name, context, request, using=using)
  File "/data/data/com.termux/files/usr/lib/python3.13/site-packages/django/template/loader.py", line 61, in render_to_string
    template = get_template(template_name, using=using)
  File "/data/data/com.termux/files/usr/lib/python3.13/site-packages/django/template/loader.py", line 15, in get_template
    return engine.get_template(template_name)
           ~~~~~~~~~~~~~~~~~~~^^^^^^^^^^^^^^^
  File "/data/data/com.termux/files/usr/lib/python3.13/site-packages/django/template/backends/django.py", line 79, in get_template
    return Template(self.engine.get_template(template_name), self)
                    ~~~~~~~~~~~~~~~~~~~~~~~~^^^^^^^^^^^^^^^
  File "/data/data/com.termux/files/usr/lib/python3.13/site-packages/django/template/engine.py", line 177, in get_template
    template, origin = self.find_template(template_name)
                       ~~~~~~~~~~~~~~~~~~^^^^^^^^^^^^^^^
  File "/data/data/com.termux/files/usr/lib/python3.13/site-packages/django/template/engine.py", line 159, in find_template
    template = loader.get_template(name, skip=skip)
  File "/data/data/com.termux/files/usr/lib/python3.13/site-packages/django/template/loaders/cached.py", line 57, in get_template
    template = super().get_template(template_name, skip)
  File "/data/data/com.termux/files/usr/lib/python3.13/site-packages/django/template/loaders/base.py", line 28, in get_template
    return Template(
        contents,
    ...<2 lines>...
        self.engine,
    )
  File "/data/data/com.termux/files/usr/lib/python3.13/site-packages/django/template/base.py", line 155, in __init__
    self.nodelist = self.compile_nodelist()
                    ~~~~~~~~~~~~~~~~~~~~~^^
  File "/data/data/com.termux/files/usr/lib/python3.13/site-packages/django/template/base.py", line 197, in compile_nodelist
    nodelist = parser.parse()
  File "/data/data/com.termux/files/usr/lib/python3.13/site-packages/django/template/base.py", line 519, in parse
    raise self.error(token, e)
  File "/data/data/com.termux/files/usr/lib/python3.13/site-packages/django/template/base.py", line 517, in parse
    compiled_result = compile_func(self, token)
  File "/data/data/com.termux/files/usr/lib/python3.13/site-packages/django/template/loader_tags.py", line 299, in do_extends
    nodelist = parser.parse()
  File "/data/data/com.termux/files/usr/lib/python3.13/site-packages/django/template/base.py", line 519, in parse
    raise self.error(token, e)
  File "/data/data/com.termux/files/usr/lib/python3.13/site-packages/django/template/base.py", line 517, in parse
    compiled_result = compile_func(self, token)
  File "/data/data/com.termux/files/usr/lib/python3.13/site-packages/django/template/loader_tags.py", line 234, in do_block
    nodelist = parser.parse(("endblock",))
  File "/data/data/com.termux/files/usr/lib/python3.13/site-packages/django/template/base.py", line 519, in parse
    raise self.error(token, e)
  File "/data/data/com.termux/files/usr/lib/python3.13/site-packages/django/template/base.py", line 517, in parse
    compiled_result = compile_func(self, token)
  File "/data/data/com.termux/files/usr/lib/python3.13/site-packages/django/template/defaulttags.py", line 962, in do_if
    nodelist = parser.parse(("elif", "else", "endif"))
  File "/data/data/com.termux/files/usr/lib/python3.13/site-packages/django/template/base.py", line 519, in parse
    raise self.error(token, e)
  File "/data/data/com.termux/files/usr/lib/python3.13/site-packages/django/template/base.py", line 517, in parse
    compiled_result = compile_func(self, token)
  File "/data/data/com.termux/files/usr/lib/python3.13/site-packages/django/template/defaulttags.py", line 1531, in do_with
    extra_context = token_kwargs(remaining_bits, parser, support_legacy=True)
  File "/data/data/com.termux/files/usr/lib/python3.13/site-packages/django/template/base.py", line 1129, in token_kwargs
    kwargs[key] = parser.compile_filter(value)
                  ~~~~~~~~~~~~~~~~~~~~~^^^^^^^
  File "/data/data/com.termux/files/usr/lib/python3.13/site-packages/django/template/base.py", line 610, in compile_filter
    return FilterExpression(token, self)
  File "/data/data/com.termux/files/usr/lib/python3.13/site-packages/django/template/base.py", line 706, in __init__
    filter_func = parser.find_filter(filter_name)
  File "/data/data/com.termux/files/usr/lib/python3.13/site-packages/django/template/base.py", line 616, in find_filter
    raise TemplateSyntaxError("Invalid filter: '%s'" % filter_name)
django.template.exceptions.TemplateSyntaxError: Invalid filter: 'div'
ERROR 2026-07-30 14:48:29,010 log Internal Server Error: /cash/
Traceback (most recent call last):
  File "/data/data/com.termux/files/usr/lib/python3.13/site-packages/django/core/handlers/exception.py", line 55, in inner
    response = get_response(request)
  File "/data/data/com.termux/files/usr/lib/python3.13/site-packages/django/core/handlers/base.py", line 197, in _get_response
    response = wrapped_callback(request, *callback_args, **callback_kwargs)
  File "/data/data/com.termux/files/usr/lib/python3.13/site-packages/django/contrib/auth/decorators.py", line 59, in _view_wrapper
    return view_func(request, *args, **kwargs)
  File "/storage/emulated/0/django/p1/app/views_frontend.py", line 2848, in cash_dashboard
    return render(request, 'cash/dashboard.html', context)
  File "/data/data/com.termux/files/usr/lib/python3.13/site-packages/django/shortcuts.py", line 25, in render
    content = loader.render_to_string(template_name, context, request, using=using)
  File "/data/data/com.termux/files/usr/lib/python3.13/site-packages/django/template/loader.py", line 61, in render_to_string
    template = get_template(template_name, using=using)
  File "/data/data/com.termux/files/usr/lib/python3.13/site-packages/django/template/loader.py", line 15, in get_template
    return engine.get_template(template_name)
           ~~~~~~~~~~~~~~~~~~~^^^^^^^^^^^^^^^
  File "/data/data/com.termux/files/usr/lib/python3.13/site-packages/django/template/backends/django.py", line 79, in get_template
    return Template(self.engine.get_template(template_name), self)
                    ~~~~~~~~~~~~~~~~~~~~~~~~^^^^^^^^^^^^^^^
  File "/data/data/com.termux/files/usr/lib/python3.13/site-packages/django/template/engine.py", line 177, in get_template
    template, origin = self.find_template(template_name)
                       ~~~~~~~~~~~~~~~~~~^^^^^^^^^^^^^^^
  File "/data/data/com.termux/files/usr/lib/python3.13/site-packages/django/template/engine.py", line 159, in find_template
    template = loader.get_template(name, skip=skip)
  File "/data/data/com.termux/files/usr/lib/python3.13/site-packages/django/template/loaders/cached.py", line 57, in get_template
    template = super().get_template(template_name, skip)
  File "/data/data/com.termux/files/usr/lib/python3.13/site-packages/django/template/loaders/base.py", line 28, in get_template
    return Template(
        contents,
    ...<2 lines>...
        self.engine,
    )
  File "/data/data/com.termux/files/usr/lib/python3.13/site-packages/django/template/base.py", line 155, in __init__
    self.nodelist = self.compile_nodelist()
                    ~~~~~~~~~~~~~~~~~~~~~^^
  File "/data/data/com.termux/files/usr/lib/python3.13/site-packages/django/template/base.py", line 197, in compile_nodelist
    nodelist = parser.parse()
  File "/data/data/com.termux/files/usr/lib/python3.13/site-packages/django/template/base.py", line 519, in parse
    raise self.error(token, e)
  File "/data/data/com.termux/files/usr/lib/python3.13/site-packages/django/template/base.py", line 517, in parse
    compiled_result = compile_func(self, token)
  File "/data/data/com.termux/files/usr/lib/python3.13/site-packages/django/template/loader_tags.py", line 299, in do_extends
    nodelist = parser.parse()
  File "/data/data/com.termux/files/usr/lib/python3.13/site-packages/django/template/base.py", line 519, in parse
    raise self.error(token, e)
  File "/data/data/com.termux/files/usr/lib/python3.13/site-packages/django/template/base.py", line 517, in parse
    compiled_result = compile_func(self, token)
  File "/data/data/com.termux/files/usr/lib/python3.13/site-packages/django/template/loader_tags.py", line 234, in do_block
    nodelist = parser.parse(("endblock",))
  File "/data/data/com.termux/files/usr/lib/python3.13/site-packages/django/template/base.py", line 519, in parse
    raise self.error(token, e)
  File "/data/data/com.termux/files/usr/lib/python3.13/site-packages/django/template/base.py", line 517, in parse
    compiled_result = compile_func(self, token)
  File "/data/data/com.termux/files/usr/lib/python3.13/site-packages/django/template/defaulttags.py", line 962, in do_if
    nodelist = parser.parse(("elif", "else", "endif"))
  File "/data/data/com.termux/files/usr/lib/python3.13/site-packages/django/template/base.py", line 519, in parse
    raise self.error(token, e)
  File "/data/data/com.termux/files/usr/lib/python3.13/site-packages/django/template/base.py", line 517, in parse
    compiled_result = compile_func(self, token)
  File "/data/data/com.termux/files/usr/lib/python3.13/site-packages/django/template/defaulttags.py", line 1531, in do_with
    extra_context = token_kwargs(remaining_bits, parser, support_legacy=True)
  File "/data/data/com.termux/files/usr/lib/python3.13/site-packages/django/template/base.py", line 1129, in token_kwargs
    kwargs[key] = parser.compile_filter(value)
                  ~~~~~~~~~~~~~~~~~~~~~^^^^^^^
  File "/data/data/com.termux/files/usr/lib/python3.13/site-packages/django/template/base.py", line 610, in compile_filter
    return FilterExpression(token, self)
  File "/data/data/com.termux/files/usr/lib/python3.13/site-packages/django/template/base.py", line 706, in __init__
    filter_func = parser.find_filter(filter_name)
  File "/data/data/com.termux/files/usr/lib/python3.13/site-packages/django/template/base.py", line 616, in find_filter
    raise TemplateSyntaxError("Invalid filter: '%s'" % filter_name)
django.template.exceptions.TemplateSyntaxError: Invalid filter: 'div'
ERROR 2026-07-30 14:48:31,717 log Internal Server Error: /cash/
Traceback (most recent call last):
  File "/data/data/com.termux/files/usr/lib/python3.13/site-packages/django/core/handlers/exception.py", line 55, in inner
    response = get_response(request)
  File "/data/data/com.termux/files/usr/lib/python3.13/site-packages/django/core/handlers/base.py", line 197, in _get_response
    response = wrapped_callback(request, *callback_args, **callback_kwargs)
  File "/data/data/com.termux/files/usr/lib/python3.13/site-packages/django/contrib/auth/decorators.py", line 59, in _view_wrapper
    return view_func(request, *args, **kwargs)
  File "/storage/emulated/0/django/p1/app/views_frontend.py", line 2848, in cash_dashboard
    return render(request, 'cash/dashboard.html', context)
  File "/data/data/com.termux/files/usr/lib/python3.13/site-packages/django/shortcuts.py", line 25, in render
    content = loader.render_to_string(template_name, context, request, using=using)
  File "/data/data/com.termux/files/usr/lib/python3.13/site-packages/django/template/loader.py", line 61, in render_to_string
    template = get_template(template_name, using=using)
  File "/data/data/com.termux/files/usr/lib/python3.13/site-packages/django/template/loader.py", line 15, in get_template
    return engine.get_template(template_name)
           ~~~~~~~~~~~~~~~~~~~^^^^^^^^^^^^^^^
  File "/data/data/com.termux/files/usr/lib/python3.13/site-packages/django/template/backends/django.py", line 79, in get_template
    return Template(self.engine.get_template(template_name), self)
                    ~~~~~~~~~~~~~~~~~~~~~~~~^^^^^^^^^^^^^^^
  File "/data/data/com.termux/files/usr/lib/python3.13/site-packages/django/template/engine.py", line 177, in get_template
    template, origin = self.find_template(template_name)
                       ~~~~~~~~~~~~~~~~~~^^^^^^^^^^^^^^^
  File "/data/data/com.termux/files/usr/lib/python3.13/site-packages/django/template/engine.py", line 159, in find_template
    template = loader.get_template(name, skip=skip)
  File "/data/data/com.termux/files/usr/lib/python3.13/site-packages/django/template/loaders/cached.py", line 57, in get_template
    template = super().get_template(template_name, skip)
  File "/data/data/com.termux/files/usr/lib/python3.13/site-packages/django/template/loaders/base.py", line 28, in get_template
    return Template(
        contents,
    ...<2 lines>...
        self.engine,
    )
  File "/data/data/com.termux/files/usr/lib/python3.13/site-packages/django/template/base.py", line 155, in __init__
    self.nodelist = self.compile_nodelist()
                    ~~~~~~~~~~~~~~~~~~~~~^^
  File "/data/data/com.termux/files/usr/lib/python3.13/site-packages/django/template/base.py", line 197, in compile_nodelist
    nodelist = parser.parse()
  File "/data/data/com.termux/files/usr/lib/python3.13/site-packages/django/template/base.py", line 519, in parse
    raise self.error(token, e)
  File "/data/data/com.termux/files/usr/lib/python3.13/site-packages/django/template/base.py", line 517, in parse
    compiled_result = compile_func(self, token)
  File "/data/data/com.termux/files/usr/lib/python3.13/site-packages/django/template/loader_tags.py", line 299, in do_extends
    nodelist = parser.parse()
  File "/data/data/com.termux/files/usr/lib/python3.13/site-packages/django/template/base.py", line 519, in parse
    raise self.error(token, e)
  File "/data/data/com.termux/files/usr/lib/python3.13/site-packages/django/template/base.py", line 517, in parse
    compiled_result = compile_func(self, token)
  File "/data/data/com.termux/files/usr/lib/python3.13/site-packages/django/template/loader_tags.py", line 234, in do_block
    nodelist = parser.parse(("endblock",))
  File "/data/data/com.termux/files/usr/lib/python3.13/site-packages/django/template/base.py", line 519, in parse
    raise self.error(token, e)
  File "/data/data/com.termux/files/usr/lib/python3.13/site-packages/django/template/base.py", line 517, in parse
    compiled_result = compile_func(self, token)
  File "/data/data/com.termux/files/usr/lib/python3.13/site-packages/django/template/defaulttags.py", line 962, in do_if
    nodelist = parser.parse(("elif", "else", "endif"))
  File "/data/data/com.termux/files/usr/lib/python3.13/site-packages/django/template/base.py", line 519, in parse
    raise self.error(token, e)
  File "/data/data/com.termux/files/usr/lib/python3.13/site-packages/django/template/base.py", line 517, in parse
    compiled_result = compile_func(self, token)
  File "/data/data/com.termux/files/usr/lib/python3.13/site-packages/django/template/defaulttags.py", line 1531, in do_with
    extra_context = token_kwargs(remaining_bits, parser, support_legacy=True)
  File "/data/data/com.termux/files/usr/lib/python3.13/site-packages/django/template/base.py", line 1129, in token_kwargs
    kwargs[key] = parser.compile_filter(value)
                  ~~~~~~~~~~~~~~~~~~~~~^^^^^^^
  File "/data/data/com.termux/files/usr/lib/python3.13/site-packages/django/template/base.py", line 610, in compile_filter
    return FilterExpression(token, self)
  File "/data/data/com.termux/files/usr/lib/python3.13/site-packages/django/template/base.py", line 706, in __init__
    filter_func = parser.find_filter(filter_name)
  File "/data/data/com.termux/files/usr/lib/python3.13/site-packages/django/template/base.py", line 616, in find_filter
    raise TemplateSyntaxError("Invalid filter: '%s'" % filter_name)
django.template.exceptions.TemplateSyntaxError: Invalid filter: 'div'
INFO 2026-07-30 14:51:43,562 autoreload /storage/emulated/0/django/p1/app/views_frontend.py changed, reloading.
INFO 2026-07-30 14:51:53,357 apps AXES: BEGIN version 8.3.1, blocking by ip_address
INFO 2026-07-30 14:51:53,601 autoreload Watching for file changes with StatReloader
INFO 2026-07-30 15:13:07,927 apps AXES: BEGIN version 8.3.1, blocking by ip_address
INFO 2026-07-30 15:13:13,328 apps AXES: BEGIN version 8.3.1, blocking by ip_address
INFO 2026-07-30 15:13:13,447 autoreload Watching for file changes with StatReloader
ERROR 2026-07-30 15:22:37,032 log Internal Server Error: /departments/1/edit/
Traceback (most recent call last):
  File "/data/data/com.termux/files/usr/lib/python3.13/site-packages/django/core/handlers/exception.py", line 55, in inner
    response = get_response(request)
  File "/data/data/com.termux/files/usr/lib/python3.13/site-packages/django/core/handlers/base.py", line 197, in _get_response
    response = wrapped_callback(request, *callback_args, **callback_kwargs)
  File "/data/data/com.termux/files/usr/lib/python3.13/site-packages/django/contrib/auth/decorators.py", line 59, in _view_wrapper
    return view_func(request, *args, **kwargs)
  File "/storage/emulated/0/django/p1/app/views_frontend.py", line 17948, in department_edit
    return render(request, 'departments/edit.html', context)
  File "/data/data/com.termux/files/usr/lib/python3.13/site-packages/django/shortcuts.py", line 25, in render
    content = loader.render_to_string(template_name, context, request, using=using)
  File "/data/data/com.termux/files/usr/lib/python3.13/site-packages/django/template/loader.py", line 61, in render_to_string
    template = get_template(template_name, using=using)
  File "/data/data/com.termux/files/usr/lib/python3.13/site-packages/django/template/loader.py", line 19, in get_template
    raise TemplateDoesNotExist(template_name, chain=chain)
django.template.exceptions.TemplateDoesNotExist: departments/edit.html
ERROR 2026-07-30 15:22:39,374 log Internal Server Error: /departments/1/edit/
Traceback (most recent call last):
  File "/data/data/com.termux/files/usr/lib/python3.13/site-packages/django/core/handlers/exception.py", line 55, in inner
    response = get_response(request)
  File "/data/data/com.termux/files/usr/lib/python3.13/site-packages/django/core/handlers/base.py", line 197, in _get_response
    response = wrapped_callback(request, *callback_args, **callback_kwargs)
  File "/data/data/com.termux/files/usr/lib/python3.13/site-packages/django/contrib/auth/decorators.py", line 59, in _view_wrapper
    return view_func(request, *args, **kwargs)
  File "/storage/emulated/0/django/p1/app/views_frontend.py", line 17948, in department_edit
    return render(request, 'departments/edit.html', context)
  File "/data/data/com.termux/files/usr/lib/python3.13/site-packages/django/shortcuts.py", line 25, in render
    content = loader.render_to_string(template_name, context, request, using=using)
  File "/data/data/com.termux/files/usr/lib/python3.13/site-packages/django/template/loader.py", line 61, in render_to_string
    template = get_template(template_name, using=using)
  File "/data/data/com.termux/files/usr/lib/python3.13/site-packages/django/template/loader.py", line 19, in get_template
    raise TemplateDoesNotExist(template_name, chain=chain)
django.template.exceptions.TemplateDoesNotExist: departments/edit.html
ERROR 2026-07-30 15:30:33,283 log Internal Server Error: /expenses/1/pay/
Traceback (most recent call last):
  File "/data/data/com.termux/files/usr/lib/python3.13/site-packages/django/core/handlers/exception.py", line 55, in inner
    response = get_response(request)
  File "/data/data/com.termux/files/usr/lib/python3.13/site-packages/django/core/handlers/base.py", line 197, in _get_response
    response = wrapped_callback(request, *callback_args, **callback_kwargs)
  File "/data/data/com.termux/files/usr/lib/python3.13/site-packages/django/contrib/auth/decorators.py", line 59, in _view_wrapper
    return view_func(request, *args, **kwargs)
  File "/storage/emulated/0/django/p1/app/views_frontend.py", line 16220, in expense_pay
    expense.mark_paid(request.user, payment_date)
    ~~~~~~~~~~~~~~~~~^^^^^^^^^^^^^^^^^^^^^^^^^^^^
  File "/storage/emulated/0/django/p1/app/models.py", line 9856, in mark_paid
    CashBalance.update_balance(
    ~~~~~~~~~~~~~~~~~~~~~~~~~~^
        amount=self.total_amount,
        ^^^^^^^^^^^^^^^^^^^^^^^^^
    ...<2 lines>...
        description=f"Expense #{self.expense_no} - {self.description[:50]}"
        ^^^^^^^^^^^^^^^^^^^^^^^^^^^^^^^^^^^^^^^^^^^^^^^^^^^^^^^^^^^^^^^^^^^
    )
    ^
  File "/storage/emulated/0/django/p1/app/models.py", line 4535, in update_balance
    raise ValidationError(f"Insufficient cash balance! Available: Rs. {balance_obj.balance:,.2f}")
django.core.exceptions.ValidationError: ['Insufficient cash balance! Available: Rs. 15.00']
ERROR 2026-07-30 15:36:09,321 log Internal Server Error: /budgets/goals/1/comparison/
Traceback (most recent call last):
  File "/data/data/com.termux/files/usr/lib/python3.13/site-packages/django/core/handlers/exception.py", line 55, in inner
    response = get_response(request)
  File "/data/data/com.termux/files/usr/lib/python3.13/site-packages/django/core/handlers/base.py", line 197, in _get_response
    response = wrapped_callback(request, *callback_args, **callback_kwargs)
  File "/data/data/com.termux/files/usr/lib/python3.13/site-packages/django/contrib/auth/decorators.py", line 59, in _view_wrapper
    return view_func(request, *args, **kwargs)
  File "/storage/emulated/0/django/p1/app/views_frontend.py", line 18241, in budget_goal_comparison
    previous_goals = goal.get_previous_goals(5)
                     ^^^^^^^^^^^^^^^^^^^^^^^
AttributeError: 'BudgetGoal' object has no attribute 'get_previous_goals'
INFO 2026-07-30 15:39:36,106 apps AXES: BEGIN version 8.3.1, blocking by ip_address
INFO 2026-07-30 15:39:41,507 apps AXES: BEGIN version 8.3.1, blocking by ip_address
INFO 2026-07-30 15:39:41,610 autoreload Watching for file changes with StatReloader
INFO 2026-07-30 18:50:54,744 apps AXES: BEGIN version 8.3.1, blocking by ip_address
INFO 2026-07-30 18:51:00,749 apps AXES: BEGIN version 8.3.1, blocking by ip_address
INFO 2026-07-30 18:51:00,872 autoreload Watching for file changes with StatReloader
INFO 2026-07-30 18:53:39,994 apps AXES: BEGIN version 8.3.1, blocking by ip_address
INFO 2026-07-30 18:54:22,685 apps AXES: BEGIN version 8.3.1, blocking by ip_address
INFO 2026-07-30 18:54:50,811 apps AXES: BEGIN version 8.3.1, blocking by ip_address
INFO 2026-07-30 18:54:56,014 apps AXES: BEGIN version 8.3.1, blocking by ip_address
INFO 2026-07-30 18:54:56,130 autoreload Watching for file changes with StatReloader
WARNING 2026-07-30 18:55:22,182 log Not Found: /favicon.ico
INFO 2026-07-30 18:55:26,785 database AXES: Successful login by {username: "********************", ip_address: "********************", user_agent: "Mozilla/5.0 (Linux; Android 10; K) AppleWebKit/537.36 (KHTML, like Gecko) Chrome/150.0.0.0 Mobile Safari/537.36", path_info: "/login/"}.
INFO 2026-07-30 18:55:26,797 database AXES: Cleaned up 0 expired access attempts from database that were older than 2026-07-30 12:55:25.718984+00:00
ERROR 2026-07-30 18:55:31,845 log Internal Server Error: /api/system/cache-status/
Traceback (most recent call last):
  File "/storage/emulated/0/django/p1/app/views_frontend.py", line 8038, in system_cache_status
    hit_rate = cache.get('stats:hit_rate', None)
               ^^^^^
NameError: name 'cache' is not defined

During handling of the above exception, another exception occurred:

Traceback (most recent call last):
  File "/data/data/com.termux/files/usr/lib/python3.13/site-packages/django/core/handlers/exception.py", line 55, in inner
    response = get_response(request)
  File "/data/data/com.termux/files/usr/lib/python3.13/site-packages/django/core/handlers/base.py", line 197, in _get_response
    response = wrapped_callback(request, *callback_args, **callback_kwargs)
  File "/data/data/com.termux/files/usr/lib/python3.13/site-packages/django/contrib/auth/decorators.py", line 59, in _view_wrapper
    return view_func(request, *args, **kwargs)
  File "/storage/emulated/0/django/p1/app/views_frontend.py", line 8061, in system_cache_status
    'hit_rate': random.randint(75, 94),
                ^^^^^^
NameError: name 'random' is not defined. Did you forget to import 'random'?
ERROR 2026-07-30 18:55:31,868 log Internal Server Error: /api/system/queue-status/
Traceback (most recent call last):
  File "/data/data/com.termux/files/usr/lib/python3.13/site-packages/django/core/handlers/exception.py", line 55, in inner
    response = get_response(request)
  File "/data/data/com.termux/files/usr/lib/python3.13/site-packages/django/core/handlers/base.py", line 197, in _get_response
    response = wrapped_callback(request, *callback_args, **callback_kwargs)
  File "/data/data/com.termux/files/usr/lib/python3.13/site-packages/django/contrib/auth/decorators.py", line 59, in _view_wrapper
    return view_func(request, *args, **kwargs)
  File "/storage/emulated/0/django/p1/app/views_frontend.py", line 8109, in system_queue_status
    'active_workers': random.randint(2, 6),
                      ^^^^^^
NameError: name 'random' is not defined. Did you forget to import 'random'?
ERROR 2026-07-30 19:07:52,604 log Internal Server Error: /api/system/queue-status/
Traceback (most recent call last):
  File "/data/data/com.termux/files/usr/lib/python3.13/site-packages/django/core/handlers/exception.py", line 55, in inner
    response = get_response(request)
  File "/data/data/com.termux/files/usr/lib/python3.13/site-packages/django/core/handlers/base.py", line 197, in _get_response
    response = wrapped_callback(request, *callback_args, **callback_kwargs)
  File "/data/data/com.termux/files/usr/lib/python3.13/site-packages/django/contrib/auth/decorators.py", line 59, in _view_wrapper
    return view_func(request, *args, **kwargs)
  File "/storage/emulated/0/django/p1/app/views_frontend.py", line 8109, in system_queue_status
    'active_workers': random.randint(2, 6),
                      ^^^^^^
NameError: name 'random' is not defined. Did you forget to import 'random'?
ERROR 2026-07-30 19:07:52,648 log Internal Server Error: /api/system/cache-status/
Traceback (most recent call last):
  File "/storage/emulated/0/django/p1/app/views_frontend.py", line 8038, in system_cache_status
    hit_rate = cache.get('stats:hit_rate', None)
               ^^^^^
NameError: name 'cache' is not defined

During handling of the above exception, another exception occurred:

Traceback (most recent call last):
  File "/data/data/com.termux/files/usr/lib/python3.13/site-packages/django/core/handlers/exception.py", line 55, in inner
    response = get_response(request)
  File "/data/data/com.termux/files/usr/lib/python3.13/site-packages/django/core/handlers/base.py", line 197, in _get_response
    response = wrapped_callback(request, *callback_args, **callback_kwargs)
  File "/data/data/com.termux/files/usr/lib/python3.13/site-packages/django/contrib/auth/decorators.py", line 59, in _view_wrapper
    return view_func(request, *args, **kwargs)
  File "/storage/emulated/0/django/p1/app/views_frontend.py", line 8061, in system_cache_status
    'hit_rate': random.randint(75, 94),
                ^^^^^^
NameError: name 'random' is not defined. Did you forget to import 'random'?
ERROR 2026-07-30 19:08:01,352 log Internal Server Error: /api/system/cache-status/
Traceback (most recent call last):
  File "/storage/emulated/0/django/p1/app/views_frontend.py", line 8038, in system_cache_status
    hit_rate = cache.get('stats:hit_rate', None)
               ^^^^^
NameError: name 'cache' is not defined

During handling of the above exception, another exception occurred:

Traceback (most recent call last):
  File "/data/data/com.termux/files/usr/lib/python3.13/site-packages/django/core/handlers/exception.py", line 55, in inner
    response = get_response(request)
  File "/data/data/com.termux/files/usr/lib/python3.13/site-packages/django/core/handlers/base.py", line 197, in _get_response
    response = wrapped_callback(request, *callback_args, **callback_kwargs)
  File "/data/data/com.termux/files/usr/lib/python3.13/site-packages/django/contrib/auth/decorators.py", line 59, in _view_wrapper
    return view_func(request, *args, **kwargs)
  File "/storage/emulated/0/django/p1/app/views_frontend.py", line 8061, in system_cache_status
    'hit_rate': random.randint(75, 94),
                ^^^^^^
NameError: name 'random' is not defined. Did you forget to import 'random'?
ERROR 2026-07-30 19:08:01,505 log Internal Server Error: /api/system/queue-status/
Traceback (most recent call last):
  File "/data/data/com.termux/files/usr/lib/python3.13/site-packages/django/core/handlers/exception.py", line 55, in inner
    response = get_response(request)
  File "/data/data/com.termux/files/usr/lib/python3.13/site-packages/django/core/handlers/base.py", line 197, in _get_response
    response = wrapped_callback(request, *callback_args, **callback_kwargs)
  File "/data/data/com.termux/files/usr/lib/python3.13/site-packages/django/contrib/auth/decorators.py", line 59, in _view_wrapper
    return view_func(request, *args, **kwargs)
  File "/storage/emulated/0/django/p1/app/views_frontend.py", line 8109, in system_queue_status
    'active_workers': random.randint(2, 6),
                      ^^^^^^
NameError: name 'random' is not defined. Did you forget to import 'random'?
INFO 2026-07-30 19:10:36,960 apps AXES: BEGIN version 8.3.1, blocking by ip_address
INFO 2026-07-30 19:10:41,747 apps AXES: BEGIN version 8.3.1, blocking by ip_address
INFO 2026-07-30 19:10:41,857 autoreload Watching for file changes with StatReloader
ERROR 2026-07-30 19:11:09,127 log Internal Server Error: /api/system/queue-status/
Traceback (most recent call last):
  File "/data/data/com.termux/files/usr/lib/python3.13/site-packages/django/core/handlers/exception.py", line 55, in inner
    response = get_response(request)
  File "/data/data/com.termux/files/usr/lib/python3.13/site-packages/django/core/handlers/base.py", line 197, in _get_response
    response = wrapped_callback(request, *callback_args, **callback_kwargs)
  File "/data/data/com.termux/files/usr/lib/python3.13/site-packages/django/contrib/auth/decorators.py", line 59, in _view_wrapper
    return view_func(request, *args, **kwargs)
  File "/storage/emulated/0/django/p/p1/app/views_frontend.py", line 8109, in system_queue_status
    'active_workers': random.randint(2, 6),
                      ^^^^^^
NameError: name 'random' is not defined. Did you forget to import 'random'?
ERROR 2026-07-30 19:11:09,143 log Internal Server Error: /api/system/cache-status/
Traceback (most recent call last):
  File "/storage/emulated/0/django/p/p1/app/views_frontend.py", line 8038, in system_cache_status
    hit_rate = cache.get('stats:hit_rate', None)
               ^^^^^
NameError: name 'cache' is not defined

During handling of the above exception, another exception occurred:

Traceback (most recent call last):
  File "/data/data/com.termux/files/usr/lib/python3.13/site-packages/django/core/handlers/exception.py", line 55, in inner
    response = get_response(request)
  File "/data/data/com.termux/files/usr/lib/python3.13/site-packages/django/core/handlers/base.py", line 197, in _get_response
    response = wrapped_callback(request, *callback_args, **callback_kwargs)
  File "/data/data/com.termux/files/usr/lib/python3.13/site-packages/django/contrib/auth/decorators.py", line 59, in _view_wrapper
    return view_func(request, *args, **kwargs)
  File "/storage/emulated/0/django/p/p1/app/views_frontend.py", line 8061, in system_cache_status
    'hit_rate': random.randint(75, 94),
                ^^^^^^
NameError: name 'random' is not defined. Did you forget to import 'random'?
ERROR 2026-07-30 19:15:10,880 log Internal Server Error: /projects/
Traceback (most recent call last):
  File "/data/data/com.termux/files/usr/lib/python3.13/site-packages/django/core/handlers/exception.py", line 55, in inner
    response = get_response(request)
  File "/data/data/com.termux/files/usr/lib/python3.13/site-packages/django/core/handlers/base.py", line 197, in _get_response
    response = wrapped_callback(request, *callback_args, **callback_kwargs)
  File "/data/data/com.termux/files/usr/lib/python3.13/site-packages/django/contrib/auth/decorators.py", line 59, in _view_wrapper
    return view_func(request, *args, **kwargs)
  File "/storage/emulated/0/django/p/p1/app/views_frontend.py", line 18002, in project_list
    return render(request, 'projects/list.html', context)
  File "/data/data/com.termux/files/usr/lib/python3.13/site-packages/django/shortcuts.py", line 25, in render
    content = loader.render_to_string(template_name, context, request, using=using)
  File "/data/data/com.termux/files/usr/lib/python3.13/site-packages/django/template/loader.py", line 61, in render_to_string
    template = get_template(template_name, using=using)
  File "/data/data/com.termux/files/usr/lib/python3.13/site-packages/django/template/loader.py", line 19, in get_template
    raise TemplateDoesNotExist(template_name, chain=chain)
django.template.exceptions.TemplateDoesNotExist: projects/list.html
WARNING 2026-07-30 19:15:11,145 log Not Found: /favicon.ico
ERROR 2026-07-30 19:15:13,347 log Internal Server Error: /projects/create/
Traceback (most recent call last):
  File "/data/data/com.termux/files/usr/lib/python3.13/site-packages/django/core/handlers/exception.py", line 55, in inner
    response = get_response(request)
  File "/data/data/com.termux/files/usr/lib/python3.13/site-packages/django/core/handlers/base.py", line 197, in _get_response
    response = wrapped_callback(request, *callback_args, **callback_kwargs)
  File "/data/data/com.termux/files/usr/lib/python3.13/site-packages/django/contrib/auth/decorators.py", line 59, in _view_wrapper
    return view_func(request, *args, **kwargs)
  File "/storage/emulated/0/django/p/p1/app/views_frontend.py", line 18046, in project_create
    return render(request, 'projects/create.html', context)
  File "/data/data/com.termux/files/usr/lib/python3.13/site-packages/django/shortcuts.py", line 25, in render
    content = loader.render_to_string(template_name, context, request, using=using)
  File "/data/data/com.termux/files/usr/lib/python3.13/site-packages/django/template/loader.py", line 61, in render_to_string
    template = get_template(template_name, using=using)
  File "/data/data/com.termux/files/usr/lib/python3.13/site-packages/django/template/loader.py", line 19, in get_template
    raise TemplateDoesNotExist(template_name, chain=chain)
django.template.exceptions.TemplateDoesNotExist: projects/create.html
ERROR 2026-07-30 19:20:01,058 log Internal Server Error: /departments/1/edit/
Traceback (most recent call last):
  File "/data/data/com.termux/files/usr/lib/python3.13/site-packages/django/core/handlers/exception.py", line 55, in inner
    response = get_response(request)
  File "/data/data/com.termux/files/usr/lib/python3.13/site-packages/django/core/handlers/base.py", line 197, in _get_response
    response = wrapped_callback(request, *callback_args, **callback_kwargs)
  File "/data/data/com.termux/files/usr/lib/python3.13/site-packages/django/contrib/auth/decorators.py", line 59, in _view_wrapper
    return view_func(request, *args, **kwargs)
  File "/storage/emulated/0/django/p/p1/app/views_frontend.py", line 17948, in department_edit
    return render(request, 'departments/edit.html', context)
  File "/data/data/com.termux/files/usr/lib/python3.13/site-packages/django/shortcuts.py", line 25, in render
    content = loader.render_to_string(template_name, context, request, using=using)
  File "/data/data/com.termux/files/usr/lib/python3.13/site-packages/django/template/loader.py", line 61, in render_to_string
    template = get_template(template_name, using=using)
  File "/data/data/com.termux/files/usr/lib/python3.13/site-packages/django/template/loader.py", line 19, in get_template
    raise TemplateDoesNotExist(template_name, chain=chain)
django.template.exceptions.TemplateDoesNotExist: departments/edit.html
ERROR 2026-07-30 19:20:03,429 log Internal Server Error: /departments/1/edit/
Traceback (most recent call last):
  File "/data/data/com.termux/files/usr/lib/python3.13/site-packages/django/core/handlers/exception.py", line 55, in inner
    response = get_response(request)
  File "/data/data/com.termux/files/usr/lib/python3.13/site-packages/django/core/handlers/base.py", line 197, in _get_response
    response = wrapped_callback(request, *callback_args, **callback_kwargs)
  File "/data/data/com.termux/files/usr/lib/python3.13/site-packages/django/contrib/auth/decorators.py", line 59, in _view_wrapper
    return view_func(request, *args, **kwargs)
  File "/storage/emulated/0/django/p/p1/app/views_frontend.py", line 17948, in department_edit
    return render(request, 'departments/edit.html', context)
  File "/data/data/com.termux/files/usr/lib/python3.13/site-packages/django/shortcuts.py", line 25, in render
    content = loader.render_to_string(template_name, context, request, using=using)
  File "/data/data/com.termux/files/usr/lib/python3.13/site-packages/django/template/loader.py", line 61, in render_to_string
    template = get_template(template_name, using=using)
  File "/data/data/com.termux/files/usr/lib/python3.13/site-packages/django/template/loader.py", line 19, in get_template
    raise TemplateDoesNotExist(template_name, chain=chain)
django.template.exceptions.TemplateDoesNotExist: departments/edit.html
ERROR 2026-07-30 19:20:05,573 log Internal Server Error: /departments/1/delete/
Traceback (most recent call last):
  File "/data/data/com.termux/files/usr/lib/python3.13/site-packages/django/core/handlers/exception.py", line 55, in inner
    response = get_response(request)
  File "/data/data/com.termux/files/usr/lib/python3.13/site-packages/django/core/handlers/base.py", line 197, in _get_response
    response = wrapped_callback(request, *callback_args, **callback_kwargs)
  File "/data/data/com.termux/files/usr/lib/python3.13/site-packages/django/contrib/auth/decorators.py", line 59, in _view_wrapper
    return view_func(request, *args, **kwargs)
  File "/storage/emulated/0/django/p/p1/app/views_frontend.py", line 17970, in department_delete
    return render(request, 'departments/delete.html', context)
  File "/data/data/com.termux/files/usr/lib/python3.13/site-packages/django/shortcuts.py", line 25, in render
    content = loader.render_to_string(template_name, context, request, using=using)
  File "/data/data/com.termux/files/usr/lib/python3.13/site-packages/django/template/loader.py", line 61, in render_to_string
    template = get_template(template_name, using=using)
  File "/data/data/com.termux/files/usr/lib/python3.13/site-packages/django/template/loader.py", line 19, in get_template
    raise TemplateDoesNotExist(template_name, chain=chain)
django.template.exceptions.TemplateDoesNotExist: departments/delete.html
ERROR 2026-07-30 19:20:12,858 log Internal Server Error: /departments/1/delete/
Traceback (most recent call last):
  File "/data/data/com.termux/files/usr/lib/python3.13/site-packages/django/core/handlers/exception.py", line 55, in inner
    response = get_response(request)
  File "/data/data/com.termux/files/usr/lib/python3.13/site-packages/django/core/handlers/base.py", line 197, in _get_response
    response = wrapped_callback(request, *callback_args, **callback_kwargs)
  File "/data/data/com.termux/files/usr/lib/python3.13/site-packages/django/contrib/auth/decorators.py", line 59, in _view_wrapper
    return view_func(request, *args, **kwargs)
  File "/storage/emulated/0/django/p/p1/app/views_frontend.py", line 17970, in department_delete
    return render(request, 'departments/delete.html', context)
  File "/data/data/com.termux/files/usr/lib/python3.13/site-packages/django/shortcuts.py", line 25, in render
    content = loader.render_to_string(template_name, context, request, using=using)
  File "/data/data/com.termux/files/usr/lib/python3.13/site-packages/django/template/loader.py", line 61, in render_to_string
    template = get_template(template_name, using=using)
  File "/data/data/com.termux/files/usr/lib/python3.13/site-packages/django/template/loader.py", line 19, in get_template
    raise TemplateDoesNotExist(template_name, chain=chain)
django.template.exceptions.TemplateDoesNotExist: departments/delete.html
ERROR 2026-07-30 19:20:21,110 log Internal Server Error: /departments/1/edit/
Traceback (most recent call last):
  File "/data/data/com.termux/files/usr/lib/python3.13/site-packages/django/core/handlers/exception.py", line 55, in inner
    response = get_response(request)
  File "/data/data/com.termux/files/usr/lib/python3.13/site-packages/django/core/handlers/base.py", line 197, in _get_response
    response = wrapped_callback(request, *callback_args, **callback_kwargs)
  File "/data/data/com.termux/files/usr/lib/python3.13/site-packages/django/contrib/auth/decorators.py", line 59, in _view_wrapper
    return view_func(request, *args, **kwargs)
  File "/storage/emulated/0/django/p/p1/app/views_frontend.py", line 17948, in department_edit
    return render(request, 'departments/edit.html', context)
  File "/data/data/com.termux/files/usr/lib/python3.13/site-packages/django/shortcuts.py", line 25, in render
    content = loader.render_to_string(template_name, context, request, using=using)
  File "/data/data/com.termux/files/usr/lib/python3.13/site-packages/django/template/loader.py", line 61, in render_to_string
    template = get_template(template_name, using=using)
  File "/data/data/com.termux/files/usr/lib/python3.13/site-packages/django/template/loader.py", line 19, in get_template
    raise TemplateDoesNotExist(template_name, chain=chain)
django.template.exceptions.TemplateDoesNotExist: departments/edit.html
INFO 2026-07-30 19:29:36,224 signals ⏳ Waiting for items on 1234
INFO 2026-07-30 19:29:36,264 signals 🔄 Item added to 1234, processing deduction...
ERROR 2026-07-30 19:29:36,981 signals ❌ Auto-deduction failed for 1234: No shareholders with positive balance found
ERROR 2026-07-30 19:29:37,825 signals ❌ Auto-deduction failed for 1234: No shareholders with positive balance found
ERROR 2026-07-30 19:35:55,222 log Internal Server Error: /expenses/1/pay/
Traceback (most recent call last):
  File "/data/data/com.termux/files/usr/lib/python3.13/site-packages/django/core/handlers/exception.py", line 55, in inner
    response = get_response(request)
  File "/data/data/com.termux/files/usr/lib/python3.13/site-packages/django/core/handlers/base.py", line 197, in _get_response
    response = wrapped_callback(request, *callback_args, **callback_kwargs)
  File "/data/data/com.termux/files/usr/lib/python3.13/site-packages/django/contrib/auth/decorators.py", line 59, in _view_wrapper
    return view_func(request, *args, **kwargs)
  File "/storage/emulated/0/django/p/p1/app/views_frontend.py", line 16220, in expense_pay
    expense.mark_paid(request.user, payment_date)
    ~~~~~~~~~~~~~~~~~^^^^^^^^^^^^^^^^^^^^^^^^^^^^
  File "/storage/emulated/0/django/p/p1/app/models.py", line 9856, in mark_paid
    CashBalance.update_balance(
    ~~~~~~~~~~~~~~~~~~~~~~~~~~^
        amount=self.total_amount,
        ^^^^^^^^^^^^^^^^^^^^^^^^^
    ...<2 lines>...
        description=f"Expense #{self.expense_no} - {self.description[:50]}"
        ^^^^^^^^^^^^^^^^^^^^^^^^^^^^^^^^^^^^^^^^^^^^^^^^^^^^^^^^^^^^^^^^^^^
    )
    ^
  File "/storage/emulated/0/django/p/p1/app/models.py", line 4535, in update_balance
    raise ValidationError(f"Insufficient cash balance! Available: Rs. {balance_obj.balance:,.2f}")
django.core.exceptions.ValidationError: ['Insufficient cash balance! Available: Rs. 0.00']
INFO 2026-07-31 07:07:06,008 apps AXES: BEGIN version 8.3.1, blocking by ip_address
INFO 2026-07-31 07:07:11,476 apps AXES: BEGIN version 8.3.1, blocking by ip_address
INFO 2026-07-31 07:07:11,599 autoreload Watching for file changes with StatReloader
ERROR 2026-07-31 07:07:38,860 log Internal Server Error: /api/system/cache-status/
Traceback (most recent call last):
  File "/storage/emulated/0/django/p/p1/app/views_frontend.py", line 8038, in system_cache_status
    hit_rate = cache.get('stats:hit_rate', None)
               ^^^^^
NameError: name 'cache' is not defined

During handling of the above exception, another exception occurred:

Traceback (most recent call last):
  File "/data/data/com.termux/files/usr/lib/python3.13/site-packages/django/core/handlers/exception.py", line 55, in inner
    response = get_response(request)
  File "/data/data/com.termux/files/usr/lib/python3.13/site-packages/django/core/handlers/base.py", line 197, in _get_response
    response = wrapped_callback(request, *callback_args, **callback_kwargs)
  File "/data/data/com.termux/files/usr/lib/python3.13/site-packages/django/contrib/auth/decorators.py", line 59, in _view_wrapper
    return view_func(request, *args, **kwargs)
  File "/storage/emulated/0/django/p/p1/app/views_frontend.py", line 8061, in system_cache_status
    'hit_rate': random.randint(75, 94),
                ^^^^^^
NameError: name 'random' is not defined. Did you forget to import 'random'?
ERROR 2026-07-31 07:07:38,863 log Internal Server Error: /api/system/queue-status/
Traceback (most recent call last):
  File "/data/data/com.termux/files/usr/lib/python3.13/site-packages/django/core/handlers/exception.py", line 55, in inner
    response = get_response(request)
  File "/data/data/com.termux/files/usr/lib/python3.13/site-packages/django/core/handlers/base.py", line 197, in _get_response
    response = wrapped_callback(request, *callback_args, **callback_kwargs)
  File "/data/data/com.termux/files/usr/lib/python3.13/site-packages/django/contrib/auth/decorators.py", line 59, in _view_wrapper
    return view_func(request, *args, **kwargs)
  File "/storage/emulated/0/django/p/p1/app/views_frontend.py", line 8109, in system_queue_status
    'active_workers': random.randint(2, 6),
                      ^^^^^^
NameError: name 'random' is not defined. Did you forget to import 'random'?
INFO 2026-07-31 07:19:47,177 autoreload /storage/emulated/0/django/p/p1/app/views_frontend.py changed, reloading.
INFO 2026-07-31 07:19:58,121 apps AXES: BEGIN version 8.3.1, blocking by ip_address
INFO 2026-07-31 07:19:58,325 autoreload Watching for file changes with StatReloader
INFO 2026-07-31 07:20:41,886 signals ⏳ Waiting for items on None
INFO 2026-07-31 07:20:41,925 signals 🔄 Item added to None, processing deduction...
ERROR 2026-07-31 07:20:42,571 signals ❌ Auto-deduction failed for None: No shareholders with positive balance found
ERROR 2026-07-31 07:20:43,515 signals ❌ Auto-deduction failed for None: No shareholders with positive balance found
INFO 2026-07-31 08:14:49,907 apps AXES: BEGIN version 8.3.1, blocking by ip_address
INFO 2026-07-31 08:14:55,101 apps AXES: BEGIN version 8.3.1, blocking by ip_address
INFO 2026-07-31 08:14:55,220 autoreload Watching for file changes with StatReloader
INFO 2026-07-31 08:19:56,417 signals ⏳ Waiting for items on None
INFO 2026-07-31 08:19:56,452 signals 🔄 Item added to None, processing deduction...
ERROR 2026-07-31 08:19:57,169 signals ❌ Auto-deduction failed for None: No shareholders with positive balance found
ERROR 2026-07-31 08:19:58,025 signals ❌ Auto-deduction failed for None: No shareholders with positive balance found
INFO 2026-07-31 08:22:25,061 signals ⏳ Waiting for items on None
INFO 2026-07-31 08:22:25,096 signals 🔄 Item added to None, processing deduction...
ERROR 2026-07-31 08:22:25,767 signals ❌ Auto-deduction failed for None: No shareholders with positive balance found
ERROR 2026-07-31 08:22:26,651 signals ❌ Auto-deduction failed for None: No shareholders with positive balance found
INFO 2026-07-31 09:18:08,473 apps AXES: BEGIN version 8.3.1, blocking by ip_address
INFO 2026-07-31 09:18:15,797 apps AXES: BEGIN version 8.3.1, blocking by ip_address
INFO 2026-07-31 09:18:15,943 autoreload Watching for file changes with StatReloader
INFO 2026-07-31 09:19:32,038 signals ⏳ Waiting for items on None
INFO 2026-07-31 09:19:32,076 signals 🔄 Item added to None, processing deduction...
ERROR 2026-07-31 09:19:32,792 signals ❌ Auto-deduction failed for None: No shareholders with positive balance found
ERROR 2026-07-31 09:19:33,631 signals ❌ Auto-deduction failed for None: No shareholders with positive balance found
INFO 2026-07-31 09:25:00,091 autoreload /storage/emulated/0/django/p1/app/views_frontend.py changed, reloading.
INFO 2026-07-31 09:25:12,423 apps AXES: BEGIN version 8.3.1, blocking by ip_address
INFO 2026-07-31 09:25:12,609 autoreload Watching for file changes with StatReloader
INFO 2026-07-31 09:35:35,992 signals ⏳ Waiting for items on None
INFO 2026-07-31 09:35:36,035 signals 🔄 Item added to None, processing deduction...
ERROR 2026-07-31 09:35:36,685 signals ❌ Auto-deduction failed for None: No shareholders with positive balance found
ERROR 2026-07-31 09:35:37,603 signals ❌ Auto-deduction failed for None: No shareholders with positive balance found
INFO 2026-07-31 09:41:23,978 apps AXES: BEGIN version 8.3.1, blocking by ip_address
INFO 2026-07-31 09:41:29,637 apps AXES: BEGIN version 8.3.1, blocking by ip_address
INFO 2026-07-31 09:41:29,738 autoreload Watching for file changes with StatReloader
INFO 2026-07-31 09:42:03,667 autoreload /storage/emulated/0/django/p1/app/views_frontend.py changed, reloading.
INFO 2026-07-31 09:42:12,819 apps AXES: BEGIN version 8.3.1, blocking by ip_address
INFO 2026-07-31 09:42:12,973 autoreload Watching for file changes with StatReloader
INFO 2026-07-31 10:14:21,845 apps AXES: BEGIN version 8.3.1, blocking by ip_address
INFO 2026-07-31 10:14:27,241 apps AXES: BEGIN version 8.3.1, blocking by ip_address
INFO 2026-07-31 10:14:27,364 autoreload Watching for file changes with StatReloader
INFO 2026-07-31 10:15:37,823 signals ⏳ Waiting for items on None
INFO 2026-07-31 10:15:37,859 signals 🔄 Item added to None, processing deduction...
ERROR 2026-07-31 10:15:38,546 signals ❌ Auto-deduction failed for None: No shareholders with positive balance found
ERROR 2026-07-31 10:15:39,415 signals ❌ Auto-deduction failed for None: No shareholders with positive balance found
INFO 2026-07-31 12:12:15,385 apps AXES: BEGIN version 8.3.1, blocking by ip_address
INFO 2026-07-31 12:12:21,290 apps AXES: BEGIN version 8.3.1, blocking by ip_address
INFO 2026-07-31 12:12:21,398 autoreload Watching for file changes with StatReloader
ERROR 2026-07-31 12:13:43,064 log Internal Server Error: /api/system/queue-status/
Traceback (most recent call last):
  File "/data/data/com.termux/files/usr/lib/python3.13/site-packages/django/core/handlers/exception.py", line 55, in inner
    response = get_response(request)
  File "/data/data/com.termux/files/usr/lib/python3.13/site-packages/django/core/handlers/base.py", line 197, in _get_response
    response = wrapped_callback(request, *callback_args, **callback_kwargs)
  File "/data/data/com.termux/files/usr/lib/python3.13/site-packages/django/contrib/auth/decorators.py", line 59, in _view_wrapper
    return view_func(request, *args, **kwargs)
  File "/storage/emulated/0/django/p1/app/views_frontend.py", line 8109, in system_queue_status
    'active_workers': random.randint(2, 6),
                      ^^^^^^
NameError: name 'random' is not defined. Did you forget to import 'random'?
ERROR 2026-07-31 12:13:43,069 log Internal Server Error: /api/system/cache-status/
Traceback (most recent call last):
  File "/storage/emulated/0/django/p1/app/views_frontend.py", line 8038, in system_cache_status
    hit_rate = cache.get('stats:hit_rate', None)
               ^^^^^
NameError: name 'cache' is not defined

During handling of the above exception, another exception occurred:

Traceback (most recent call last):
  File "/data/data/com.termux/files/usr/lib/python3.13/site-packages/django/core/handlers/exception.py", line 55, in inner
    response = get_response(request)
  File "/data/data/com.termux/files/usr/lib/python3.13/site-packages/django/core/handlers/base.py", line 197, in _get_response
    response = wrapped_callback(request, *callback_args, **callback_kwargs)
  File "/data/data/com.termux/files/usr/lib/python3.13/site-packages/django/contrib/auth/decorators.py", line 59, in _view_wrapper
    return view_func(request, *args, **kwargs)
  File "/storage/emulated/0/django/p1/app/views_frontend.py", line 8061, in system_cache_status
    'hit_rate': random.randint(75, 94),
                ^^^^^^
NameError: name 'random' is not defined. Did you forget to import 'random'?
INFO 2026-07-31 12:14:50,422 signals ⏳ Waiting for items on None
INFO 2026-07-31 12:14:50,463 signals 🔄 Item added to None, processing deduction...
ERROR 2026-07-31 12:14:51,271 signals ❌ Auto-deduction failed for None: No shareholders with positive balance found
ERROR 2026-07-31 12:14:52,020 signals ❌ Auto-deduction failed for None: No shareholders with positive balance found
INFO 2026-07-31 12:24:26,407 apps AXES: BEGIN version 8.3.1, blocking by ip_address
INFO 2026-07-31 12:24:31,871 apps AXES: BEGIN version 8.3.1, blocking by ip_address
INFO 2026-07-31 12:24:31,970 autoreload Watching for file changes with StatReloader
ERROR 2026-07-31 12:24:57,071 log Internal Server Error: /api/system/queue-status/
Traceback (most recent call last):
  File "/data/data/com.termux/files/usr/lib/python3.13/site-packages/django/core/handlers/exception.py", line 55, in inner
    response = get_response(request)
  File "/data/data/com.termux/files/usr/lib/python3.13/site-packages/django/core/handlers/base.py", line 197, in _get_response
    response = wrapped_callback(request, *callback_args, **callback_kwargs)
  File "/data/data/com.termux/files/usr/lib/python3.13/site-packages/django/contrib/auth/decorators.py", line 59, in _view_wrapper
    return view_func(request, *args, **kwargs)
  File "/storage/emulated/0/django/p1/app/views_frontend.py", line 8109, in system_queue_status
    'active_workers': random.randint(2, 6),
                      ^^^^^^
NameError: name 'random' is not defined. Did you forget to import 'random'?
ERROR 2026-07-31 12:24:57,121 log Internal Server Error: /api/system/cache-status/
Traceback (most recent call last):
  File "/storage/emulated/0/django/p1/app/views_frontend.py", line 8038, in system_cache_status
    hit_rate = cache.get('stats:hit_rate', None)
               ^^^^^
NameError: name 'cache' is not defined

During handling of the above exception, another exception occurred:

Traceback (most recent call last):
  File "/data/data/com.termux/files/usr/lib/python3.13/site-packages/django/core/handlers/exception.py", line 55, in inner
    response = get_response(request)
  File "/data/data/com.termux/files/usr/lib/python3.13/site-packages/django/core/handlers/base.py", line 197, in _get_response
    response = wrapped_callback(request, *callback_args, **callback_kwargs)
  File "/data/data/com.termux/files/usr/lib/python3.13/site-packages/django/contrib/auth/decorators.py", line 59, in _view_wrapper
    return view_func(request, *args, **kwargs)
  File "/storage/emulated/0/django/p1/app/views_frontend.py", line 8061, in system_cache_status
    'hit_rate': random.randint(75, 94),
                ^^^^^^
NameError: name 'random' is not defined. Did you forget to import 'random'?
INFO 2026-07-31 13:17:24,261 autoreload /storage/emulated/0/django/p1/app/views_frontend.py changed, reloading.
INFO 2026-07-31 13:17:35,064 apps AXES: BEGIN version 8.3.1, blocking by ip_address
INFO 2026-07-31 13:17:35,285 autoreload Watching for file changes with StatReloader
ERROR 2026-07-31 13:18:39,010 log Internal Server Error: /sales/create/
Traceback (most recent call last):
  File "/data/data/com.termux/files/usr/lib/python3.13/site-packages/django/core/handlers/exception.py", line 55, in inner
    response = get_response(request)
  File "/data/data/com.termux/files/usr/lib/python3.13/site-packages/django/core/handlers/base.py", line 197, in _get_response
    response = wrapped_callback(request, *callback_args, **callback_kwargs)
  File "/data/data/com.termux/files/usr/lib/python3.13/site-packages/django/contrib/auth/decorators.py", line 59, in _view_wrapper
    return view_func(request, *args, **kwargs)
  File "/storage/emulated/0/django/p1/app/views_frontend.py", line 11185, in sale_create
    return render(request, 'sales/create.html', context)
  File "/data/data/com.termux/files/usr/lib/python3.13/site-packages/django/shortcuts.py", line 25, in render
    content = loader.render_to_string(template_name, context, request, using=using)
  File "/data/data/com.termux/files/usr/lib/python3.13/site-packages/django/template/loader.py", line 61, in render_to_string
    template = get_template(template_name, using=using)
  File "/data/data/com.termux/files/usr/lib/python3.13/site-packages/django/template/loader.py", line 15, in get_template
    return engine.get_template(template_name)
           ~~~~~~~~~~~~~~~~~~~^^^^^^^^^^^^^^^
  File "/data/data/com.termux/files/usr/lib/python3.13/site-packages/django/template/backends/django.py", line 79, in get_template
    return Template(self.engine.get_template(template_name), self)
                    ~~~~~~~~~~~~~~~~~~~~~~~~^^^^^^^^^^^^^^^
  File "/data/data/com.termux/files/usr/lib/python3.13/site-packages/django/template/engine.py", line 177, in get_template
    template, origin = self.find_template(template_name)
                       ~~~~~~~~~~~~~~~~~~^^^^^^^^^^^^^^^
  File "/data/data/com.termux/files/usr/lib/python3.13/site-packages/django/template/engine.py", line 159, in find_template
    template = loader.get_template(name, skip=skip)
  File "/data/data/com.termux/files/usr/lib/python3.13/site-packages/django/template/loaders/cached.py", line 57, in get_template
    template = super().get_template(template_name, skip)
  File "/data/data/com.termux/files/usr/lib/python3.13/site-packages/django/template/loaders/base.py", line 28, in get_template
    return Template(
        contents,
    ...<2 lines>...
        self.engine,
    )
  File "/data/data/com.termux/files/usr/lib/python3.13/site-packages/django/template/base.py", line 155, in __init__
    self.nodelist = self.compile_nodelist()
                    ~~~~~~~~~~~~~~~~~~~~~^^
  File "/data/data/com.termux/files/usr/lib/python3.13/site-packages/django/template/base.py", line 197, in compile_nodelist
    nodelist = parser.parse()
  File "/data/data/com.termux/files/usr/lib/python3.13/site-packages/django/template/base.py", line 519, in parse
    raise self.error(token, e)
  File "/data/data/com.termux/files/usr/lib/python3.13/site-packages/django/template/base.py", line 517, in parse
    compiled_result = compile_func(self, token)
  File "/data/data/com.termux/files/usr/lib/python3.13/site-packages/django/template/loader_tags.py", line 299, in do_extends
    nodelist = parser.parse()
  File "/data/data/com.termux/files/usr/lib/python3.13/site-packages/django/template/base.py", line 519, in parse
    raise self.error(token, e)
  File "/data/data/com.termux/files/usr/lib/python3.13/site-packages/django/template/base.py", line 517, in parse
    compiled_result = compile_func(self, token)
  File "/data/data/com.termux/files/usr/lib/python3.13/site-packages/django/template/loader_tags.py", line 234, in do_block
    nodelist = parser.parse(("endblock",))
  File "/data/data/com.termux/files/usr/lib/python3.13/site-packages/django/template/base.py", line 524, in parse
    self.unclosed_block_tag(parse_until)
    ~~~~~~~~~~~~~~~~~~~~~~~^^^^^^^^^^^^^
  File "/data/data/com.termux/files/usr/lib/python3.13/site-packages/django/template/base.py", line 591, in unclosed_block_tag
    raise self.error(token, msg)
django.template.exceptions.TemplateSyntaxError: Unclosed tag on line 1128: 'block'. Looking for one of: endblock.
WARNING 2026-07-31 13:18:39,714 log Not Found: /favicon.ico
ERROR 2026-07-31 13:18:52,581 log Internal Server Error: /sales/create/
Traceback (most recent call last):
  File "/data/data/com.termux/files/usr/lib/python3.13/site-packages/django/core/handlers/exception.py", line 55, in inner
    response = get_response(request)
  File "/data/data/com.termux/files/usr/lib/python3.13/site-packages/django/core/handlers/base.py", line 197, in _get_response
    response = wrapped_callback(request, *callback_args, **callback_kwargs)
  File "/data/data/com.termux/files/usr/lib/python3.13/site-packages/django/contrib/auth/decorators.py", line 59, in _view_wrapper
    return view_func(request, *args, **kwargs)
  File "/storage/emulated/0/django/p1/app/views_frontend.py", line 11185, in sale_create
    return render(request, 'sales/create.html', context)
  File "/data/data/com.termux/files/usr/lib/python3.13/site-packages/django/shortcuts.py", line 25, in render
    content = loader.render_to_string(template_name, context, request, using=using)
  File "/data/data/com.termux/files/usr/lib/python3.13/site-packages/django/template/loader.py", line 61, in render_to_string
    template = get_template(template_name, using=using)
  File "/data/data/com.termux/files/usr/lib/python3.13/site-packages/django/template/loader.py", line 15, in get_template
    return engine.get_template(template_name)
           ~~~~~~~~~~~~~~~~~~~^^^^^^^^^^^^^^^
  File "/data/data/com.termux/files/usr/lib/python3.13/site-packages/django/template/backends/django.py", line 79, in get_template
    return Template(self.engine.get_template(template_name), self)
                    ~~~~~~~~~~~~~~~~~~~~~~~~^^^^^^^^^^^^^^^
  File "/data/data/com.termux/files/usr/lib/python3.13/site-packages/django/template/engine.py", line 177, in get_template
    template, origin = self.find_template(template_name)
                       ~~~~~~~~~~~~~~~~~~^^^^^^^^^^^^^^^
  File "/data/data/com.termux/files/usr/lib/python3.13/site-packages/django/template/engine.py", line 159, in find_template
    template = loader.get_template(name, skip=skip)
  File "/data/data/com.termux/files/usr/lib/python3.13/site-packages/django/template/loaders/cached.py", line 57, in get_template
    template = super().get_template(template_name, skip)
  File "/data/data/com.termux/files/usr/lib/python3.13/site-packages/django/template/loaders/base.py", line 28, in get_template
    return Template(
        contents,
    ...<2 lines>...
        self.engine,
    )
  File "/data/data/com.termux/files/usr/lib/python3.13/site-packages/django/template/base.py", line 155, in __init__
    self.nodelist = self.compile_nodelist()
                    ~~~~~~~~~~~~~~~~~~~~~^^
  File "/data/data/com.termux/files/usr/lib/python3.13/site-packages/django/template/base.py", line 197, in compile_nodelist
    nodelist = parser.parse()
  File "/data/data/com.termux/files/usr/lib/python3.13/site-packages/django/template/base.py", line 519, in parse
    raise self.error(token, e)
  File "/data/data/com.termux/files/usr/lib/python3.13/site-packages/django/template/base.py", line 517, in parse
    compiled_result = compile_func(self, token)
  File "/data/data/com.termux/files/usr/lib/python3.13/site-packages/django/template/loader_tags.py", line 299, in do_extends
    nodelist = parser.parse()
  File "/data/data/com.termux/files/usr/lib/python3.13/site-packages/django/template/base.py", line 519, in parse
    raise self.error(token, e)
  File "/data/data/com.termux/files/usr/lib/python3.13/site-packages/django/template/base.py", line 517, in parse
    compiled_result = compile_func(self, token)
  File "/data/data/com.termux/files/usr/lib/python3.13/site-packages/django/template/loader_tags.py", line 234, in do_block
    nodelist = parser.parse(("endblock",))
  File "/data/data/com.termux/files/usr/lib/python3.13/site-packages/django/template/base.py", line 524, in parse
    self.unclosed_block_tag(parse_until)
    ~~~~~~~~~~~~~~~~~~~~~~~^^^^^^^^^^^^^
  File "/data/data/com.termux/files/usr/lib/python3.13/site-packages/django/template/base.py", line 591, in unclosed_block_tag
    raise self.error(token, msg)
django.template.exceptions.TemplateSyntaxError: Unclosed tag on line 1128: 'block'. Looking for one of: endblock.
ERROR 2026-07-31 13:18:54,285 log Internal Server Error: /sales/create/
Traceback (most recent call last):
  File "/data/data/com.termux/files/usr/lib/python3.13/site-packages/django/core/handlers/exception.py", line 55, in inner
    response = get_response(request)
  File "/data/data/com.termux/files/usr/lib/python3.13/site-packages/django/core/handlers/base.py", line 197, in _get_response
    response = wrapped_callback(request, *callback_args, **callback_kwargs)
  File "/data/data/com.termux/files/usr/lib/python3.13/site-packages/django/contrib/auth/decorators.py", line 59, in _view_wrapper
    return view_func(request, *args, **kwargs)
  File "/storage/emulated/0/django/p1/app/views_frontend.py", line 11185, in sale_create
    return render(request, 'sales/create.html', context)
  File "/data/data/com.termux/files/usr/lib/python3.13/site-packages/django/shortcuts.py", line 25, in render
    content = loader.render_to_string(template_name, context, request, using=using)
  File "/data/data/com.termux/files/usr/lib/python3.13/site-packages/django/template/loader.py", line 61, in render_to_string
    template = get_template(template_name, using=using)
  File "/data/data/com.termux/files/usr/lib/python3.13/site-packages/django/template/loader.py", line 15, in get_template
    return engine.get_template(template_name)
           ~~~~~~~~~~~~~~~~~~~^^^^^^^^^^^^^^^
  File "/data/data/com.termux/files/usr/lib/python3.13/site-packages/django/template/backends/django.py", line 79, in get_template
    return Template(self.engine.get_template(template_name), self)
                    ~~~~~~~~~~~~~~~~~~~~~~~~^^^^^^^^^^^^^^^
  File "/data/data/com.termux/files/usr/lib/python3.13/site-packages/django/template/engine.py", line 177, in get_template
    template, origin = self.find_template(template_name)
                       ~~~~~~~~~~~~~~~~~~^^^^^^^^^^^^^^^
  File "/data/data/com.termux/files/usr/lib/python3.13/site-packages/django/template/engine.py", line 159, in find_template
    template = loader.get_template(name, skip=skip)
  File "/data/data/com.termux/files/usr/lib/python3.13/site-packages/django/template/loaders/cached.py", line 57, in get_template
    template = super().get_template(template_name, skip)
  File "/data/data/com.termux/files/usr/lib/python3.13/site-packages/django/template/loaders/base.py", line 28, in get_template
    return Template(
        contents,
    ...<2 lines>...
        self.engine,
    )
  File "/data/data/com.termux/files/usr/lib/python3.13/site-packages/django/template/base.py", line 155, in __init__
    self.nodelist = self.compile_nodelist()
                    ~~~~~~~~~~~~~~~~~~~~~^^
  File "/data/data/com.termux/files/usr/lib/python3.13/site-packages/django/template/base.py", line 197, in compile_nodelist
    nodelist = parser.parse()
  File "/data/data/com.termux/files/usr/lib/python3.13/site-packages/django/template/base.py", line 519, in parse
    raise self.error(token, e)
  File "/data/data/com.termux/files/usr/lib/python3.13/site-packages/django/template/base.py", line 517, in parse
    compiled_result = compile_func(self, token)
  File "/data/data/com.termux/files/usr/lib/python3.13/site-packages/django/template/loader_tags.py", line 299, in do_extends
    nodelist = parser.parse()
  File "/data/data/com.termux/files/usr/lib/python3.13/site-packages/django/template/base.py", line 519, in parse
    raise self.error(token, e)
  File "/data/data/com.termux/files/usr/lib/python3.13/site-packages/django/template/base.py", line 517, in parse
    compiled_result = compile_func(self, token)
  File "/data/data/com.termux/files/usr/lib/python3.13/site-packages/django/template/loader_tags.py", line 234, in do_block
    nodelist = parser.parse(("endblock",))
  File "/data/data/com.termux/files/usr/lib/python3.13/site-packages/django/template/base.py", line 524, in parse
    self.unclosed_block_tag(parse_until)
    ~~~~~~~~~~~~~~~~~~~~~~~^^^^^^^^^^^^^
  File "/data/data/com.termux/files/usr/lib/python3.13/site-packages/django/template/base.py", line 591, in unclosed_block_tag
    raise self.error(token, msg)
django.template.exceptions.TemplateSyntaxError: Unclosed tag on line 1128: 'block'. Looking for one of: endblock.
INFO 2026-07-31 14:02:36,374 autoreload /storage/emulated/0/django/p1/app/views_frontend.py changed, reloading.
INFO 2026-07-31 14:02:47,329 apps AXES: BEGIN version 8.3.1, blocking by ip_address
INFO 2026-07-31 14:02:47,522 autoreload Watching for file changes with StatReloader
INFO 2026-07-31 14:05:50,333 autoreload /storage/emulated/0/django/p1/app/views_frontend.py changed, reloading.
INFO 2026-07-31 14:05:59,745 apps AXES: BEGIN version 8.3.1, blocking by ip_address
INFO 2026-07-31 14:05:59,875 autoreload Watching for file changes with StatReloader
ERROR 2026-07-31 14:16:05,190 log Internal Server Error: /api/system/queue-status/
Traceback (most recent call last):
  File "/data/data/com.termux/files/usr/lib/python3.13/site-packages/django/core/handlers/exception.py", line 55, in inner
    response = get_response(request)
  File "/data/data/com.termux/files/usr/lib/python3.13/site-packages/django/core/handlers/base.py", line 197, in _get_response
    response = wrapped_callback(request, *callback_args, **callback_kwargs)
  File "/data/data/com.termux/files/usr/lib/python3.13/site-packages/django/contrib/auth/decorators.py", line 59, in _view_wrapper
    return view_func(request, *args, **kwargs)
  File "/storage/emulated/0/django/p1/app/views_frontend.py", line 8109, in system_queue_status
    'active_workers': random.randint(2, 6),
                      ^^^^^^
NameError: name 'random' is not defined. Did you forget to import 'random'?
ERROR 2026-07-31 14:16:05,193 log Internal Server Error: /api/system/cache-status/
Traceback (most recent call last):
  File "/storage/emulated/0/django/p1/app/views_frontend.py", line 8038, in system_cache_status
    hit_rate = cache.get('stats:hit_rate', None)
               ^^^^^
NameError: name 'cache' is not defined

During handling of the above exception, another exception occurred:

Traceback (most recent call last):
  File "/data/data/com.termux/files/usr/lib/python3.13/site-packages/django/core/handlers/exception.py", line 55, in inner
    response = get_response(request)
  File "/data/data/com.termux/files/usr/lib/python3.13/site-packages/django/core/handlers/base.py", line 197, in _get_response
    response = wrapped_callback(request, *callback_args, **callback_kwargs)
  File "/data/data/com.termux/files/usr/lib/python3.13/site-packages/django/contrib/auth/decorators.py", line 59, in _view_wrapper
    return view_func(request, *args, **kwargs)
  File "/storage/emulated/0/django/p1/app/views_frontend.py", line 8061, in system_cache_status
    'hit_rate': random.randint(75, 94),
                ^^^^^^
NameError: name 'random' is not defined. Did you forget to import 'random'?
INFO 2026-07-31 18:21:13,834 autoreload /storage/emulated/0/django/p1/app/views_frontend.py changed, reloading.
INFO 2026-07-31 18:21:25,936 apps AXES: BEGIN version 8.3.1, blocking by ip_address
INFO 2026-07-31 18:21:26,132 autoreload Watching for file changes with StatReloader
ERROR 2026-07-31 18:22:06,675 log Internal Server Error: /api/system/cache-status/
Traceback (most recent call last):
  File "/storage/emulated/0/django/p1/app/views_frontend.py", line 8038, in system_cache_status
    hit_rate = cache.get('stats:hit_rate', None)
               ^^^^^
NameError: name 'cache' is not defined

During handling of the above exception, another exception occurred:

Traceback (most recent call last):
  File "/data/data/com.termux/files/usr/lib/python3.13/site-packages/django/core/handlers/exception.py", line 55, in inner
    response = get_response(request)
  File "/data/data/com.termux/files/usr/lib/python3.13/site-packages/django/core/handlers/base.py", line 197, in _get_response
    response = wrapped_callback(request, *callback_args, **callback_kwargs)
  File "/data/data/com.termux/files/usr/lib/python3.13/site-packages/django/contrib/auth/decorators.py", line 59, in _view_wrapper
    return view_func(request, *args, **kwargs)
  File "/storage/emulated/0/django/p1/app/views_frontend.py", line 8061, in system_cache_status
    'hit_rate': random.randint(75, 94),
                ^^^^^^
NameError: name 'random' is not defined. Did you forget to import 'random'?
ERROR 2026-07-31 18:22:06,684 log Internal Server Error: /api/system/queue-status/
Traceback (most recent call last):
  File "/data/data/com.termux/files/usr/lib/python3.13/site-packages/django/core/handlers/exception.py", line 55, in inner
    response = get_response(request)
  File "/data/data/com.termux/files/usr/lib/python3.13/site-packages/django/core/handlers/base.py", line 197, in _get_response
    response = wrapped_callback(request, *callback_args, **callback_kwargs)
  File "/data/data/com.termux/files/usr/lib/python3.13/site-packages/django/contrib/auth/decorators.py", line 59, in _view_wrapper
    return view_func(request, *args, **kwargs)
  File "/storage/emulated/0/django/p1/app/views_frontend.py", line 8109, in system_queue_status
    'active_workers': random.randint(2, 6),
                      ^^^^^^
NameError: name 'random' is not defined. Did you forget to import 'random'?
INFO 2026-07-31 19:23:44,239 apps AXES: BEGIN version 8.3.1, blocking by ip_address
INFO 2026-07-31 19:23:50,540 apps AXES: BEGIN version 8.3.1, blocking by ip_address
INFO 2026-07-31 19:23:50,665 autoreload Watching for file changes with StatReloader
INFO 2026-07-31 19:27:16,799 apps AXES: BEGIN version 8.3.1, blocking by ip_address
INFO 2026-07-31 19:32:10,390 apps AXES: BEGIN version 8.3.1, blocking by ip_address
INFO 2026-07-31 19:32:40,753 apps AXES: BEGIN version 8.3.1, blocking by ip_address
INFO 2026-07-31 19:32:45,992 apps AXES: BEGIN version 8.3.1, blocking by ip_address
INFO 2026-07-31 19:32:46,108 autoreload Watching for file changes with StatReloader
WARNING 2026-07-31 19:33:31,970 log Not Found: /favicon.ico
INFO 2026-07-31 19:33:36,707 database AXES: Successful login by {username: "********************", ip_address: "********************", user_agent: "Mozilla/5.0 (Linux; Android 10; K) AppleWebKit/537.36 (KHTML, like Gecko) Chrome/150.0.0.0 Mobile Safari/537.36", path_info: "/login/"}.
INFO 2026-07-31 19:33:36,734 database AXES: Cleaned up 0 expired access attempts from database that were older than 2026-07-31 13:33:35.648608+00:00
INFO 2026-07-31 19:34:43,276 database AXES: Cleaned up 0 expired access attempts from database that were older than 2026-07-31 13:34:43.270357+00:00
INFO 2026-07-31 19:34:43,277 database AXES: Successful logout by {username: "********************", ip_address: "********************", user_agent: "Mozilla/5.0 (Linux; Android 10; K) AppleWebKit/537.36 (KHTML, like Gecko) Chrome/150.0.0.0 Mobile Safari/537.36", path_info: "/logout/"}.
INFO 2026-07-31 19:34:51,378 database AXES: Successful login by {username: "********************", ip_address: "********************", user_agent: "Mozilla/5.0 (Linux; Android 10; K) AppleWebKit/537.36 (KHTML, like Gecko) Chrome/150.0.0.0 Mobile Safari/537.36", path_info: "/login/"}.
INFO 2026-07-31 19:34:51,395 database AXES: Cleaned up 0 expired access attempts from database that were older than 2026-07-31 13:34:50.338149+00:00
ERROR 2026-07-31 19:34:54,626 log Internal Server Error: /api/system/cache-status/
Traceback (most recent call last):
  File "/storage/emulated/0/django/p1/app/views_frontend.py", line 8038, in system_cache_status
    hit_rate = cache.get('stats:hit_rate', None)
               ^^^^^
NameError: name 'cache' is not defined

During handling of the above exception, another exception occurred:

Traceback (most recent call last):
  File "/data/data/com.termux/files/usr/lib/python3.13/site-packages/django/core/handlers/exception.py", line 55, in inner
    response = get_response(request)
  File "/data/data/com.termux/files/usr/lib/python3.13/site-packages/django/core/handlers/base.py", line 197, in _get_response
    response = wrapped_callback(request, *callback_args, **callback_kwargs)
  File "/data/data/com.termux/files/usr/lib/python3.13/site-packages/django/contrib/auth/decorators.py", line 59, in _view_wrapper
    return view_func(request, *args, **kwargs)
  File "/storage/emulated/0/django/p1/app/views_frontend.py", line 8061, in system_cache_status
    'hit_rate': random.randint(75, 94),
                ^^^^^^
NameError: name 'random' is not defined. Did you forget to import 'random'?
ERROR 2026-07-31 19:34:54,993 log Internal Server Error: /api/system/queue-status/
Traceback (most recent call last):
  File "/data/data/com.termux/files/usr/lib/python3.13/site-packages/django/core/handlers/exception.py", line 55, in inner
    response = get_response(request)
  File "/data/data/com.termux/files/usr/lib/python3.13/site-packages/django/core/handlers/base.py", line 197, in _get_response
    response = wrapped_callback(request, *callback_args, **callback_kwargs)
  File "/data/data/com.termux/files/usr/lib/python3.13/site-packages/django/contrib/auth/decorators.py", line 59, in _view_wrapper
    return view_func(request, *args, **kwargs)
  File "/storage/emulated/0/django/p1/app/views_frontend.py", line 8109, in system_queue_status
    'active_workers': random.randint(2, 6),
                      ^^^^^^
NameError: name 'random' is not defined. Did you forget to import 'random'?
ERROR 2026-07-31 19:37:34,459 log Internal Server Error: /api/system/cache-status/
Traceback (most recent call last):
  File "/storage/emulated/0/django/p1/app/views_frontend.py", line 8038, in system_cache_status
    hit_rate = cache.get('stats:hit_rate', None)
               ^^^^^
NameError: name 'cache' is not defined

During handling of the above exception, another exception occurred:

Traceback (most recent call last):
  File "/data/data/com.termux/files/usr/lib/python3.13/site-packages/django/core/handlers/exception.py", line 55, in inner
    response = get_response(request)
  File "/data/data/com.termux/files/usr/lib/python3.13/site-packages/django/core/handlers/base.py", line 197, in _get_response
    response = wrapped_callback(request, *callback_args, **callback_kwargs)
  File "/data/data/com.termux/files/usr/lib/python3.13/site-packages/django/contrib/auth/decorators.py", line 59, in _view_wrapper
    return view_func(request, *args, **kwargs)
  File "/storage/emulated/0/django/p1/app/views_frontend.py", line 8061, in system_cache_status
    'hit_rate': random.randint(75, 94),
                ^^^^^^
NameError: name 'random' is not defined. Did you forget to import 'random'?
ERROR 2026-07-31 19:37:34,776 log Internal Server Error: /api/system/queue-status/
Traceback (most recent call last):
  File "/data/data/com.termux/files/usr/lib/python3.13/site-packages/django/core/handlers/exception.py", line 55, in inner
    response = get_response(request)
  File "/data/data/com.termux/files/usr/lib/python3.13/site-packages/django/core/handlers/base.py", line 197, in _get_response
    response = wrapped_callback(request, *callback_args, **callback_kwargs)
  File "/data/data/com.termux/files/usr/lib/python3.13/site-packages/django/contrib/auth/decorators.py", line 59, in _view_wrapper
    return view_func(request, *args, **kwargs)
  File "/storage/emulated/0/django/p1/app/views_frontend.py", line 8109, in system_queue_status
    'active_workers': random.randint(2, 6),
                      ^^^^^^
NameError: name 'random' is not defined. Did you forget to import 'random'?
ERROR 2026-07-31 19:37:51,809 log Internal Server Error: /api/system/cache-status/
Traceback (most recent call last):
  File "/storage/emulated/0/django/p1/app/views_frontend.py", line 8038, in system_cache_status
    hit_rate = cache.get('stats:hit_rate', None)
               ^^^^^
NameError: name 'cache' is not defined

During handling of the above exception, another exception occurred:

Traceback (most recent call last):
  File "/data/data/com.termux/files/usr/lib/python3.13/site-packages/django/core/handlers/exception.py", line 55, in inner
    response = get_response(request)
  File "/data/data/com.termux/files/usr/lib/python3.13/site-packages/django/core/handlers/base.py", line 197, in _get_response
    response = wrapped_callback(request, *callback_args, **callback_kwargs)
  File "/data/data/com.termux/files/usr/lib/python3.13/site-packages/django/contrib/auth/decorators.py", line 59, in _view_wrapper
    return view_func(request, *args, **kwargs)
  File "/storage/emulated/0/django/p1/app/views_frontend.py", line 8061, in system_cache_status
    'hit_rate': random.randint(75, 94),
                ^^^^^^
NameError: name 'random' is not defined. Did you forget to import 'random'?
ERROR 2026-07-31 19:37:51,938 log Internal Server Error: /api/system/queue-status/
Traceback (most recent call last):
  File "/data/data/com.termux/files/usr/lib/python3.13/site-packages/django/core/handlers/exception.py", line 55, in inner
    response = get_response(request)
  File "/data/data/com.termux/files/usr/lib/python3.13/site-packages/django/core/handlers/base.py", line 197, in _get_response
    response = wrapped_callback(request, *callback_args, **callback_kwargs)
  File "/data/data/com.termux/files/usr/lib/python3.13/site-packages/django/contrib/auth/decorators.py", line 59, in _view_wrapper
    return view_func(request, *args, **kwargs)
  File "/storage/emulated/0/django/p1/app/views_frontend.py", line 8109, in system_queue_status
    'active_workers': random.randint(2, 6),
                      ^^^^^^
NameError: name 'random' is not defined. Did you forget to import 'random'?
ERROR 2026-07-31 19:38:11,557 log Internal Server Error: /api/system/queue-status/
Traceback (most recent call last):
  File "/data/data/com.termux/files/usr/lib/python3.13/site-packages/django/core/handlers/exception.py", line 55, in inner
    response = get_response(request)
  File "/data/data/com.termux/files/usr/lib/python3.13/site-packages/django/core/handlers/base.py", line 197, in _get_response
    response = wrapped_callback(request, *callback_args, **callback_kwargs)
  File "/data/data/com.termux/files/usr/lib/python3.13/site-packages/django/contrib/auth/decorators.py", line 59, in _view_wrapper
    return view_func(request, *args, **kwargs)
  File "/storage/emulated/0/django/p1/app/views_frontend.py", line 8109, in system_queue_status
    'active_workers': random.randint(2, 6),
                      ^^^^^^
NameError: name 'random' is not defined. Did you forget to import 'random'?
ERROR 2026-07-31 19:38:11,650 log Internal Server Error: /api/system/cache-status/
Traceback (most recent call last):
  File "/storage/emulated/0/django/p1/app/views_frontend.py", line 8038, in system_cache_status
    hit_rate = cache.get('stats:hit_rate', None)
               ^^^^^
NameError: name 'cache' is not defined

During handling of the above exception, another exception occurred:

Traceback (most recent call last):
  File "/data/data/com.termux/files/usr/lib/python3.13/site-packages/django/core/handlers/exception.py", line 55, in inner
    response = get_response(request)
  File "/data/data/com.termux/files/usr/lib/python3.13/site-packages/django/core/handlers/base.py", line 197, in _get_response
    response = wrapped_callback(request, *callback_args, **callback_kwargs)
  File "/data/data/com.termux/files/usr/lib/python3.13/site-packages/django/contrib/auth/decorators.py", line 59, in _view_wrapper
    return view_func(request, *args, **kwargs)
  File "/storage/emulated/0/django/p1/app/views_frontend.py", line 8061, in system_cache_status
    'hit_rate': random.randint(75, 94),
                ^^^^^^
NameError: name 'random' is not defined. Did you forget to import 'random'?
INFO 2026-07-31 19:42:59,402 database AXES: Cleaned up 0 expired access attempts from database that were older than 2026-07-31 13:42:59.396708+00:00
INFO 2026-07-31 19:42:59,403 database AXES: Successful logout by {username: "********************", ip_address: "********************", user_agent: "Mozilla/5.0 (Linux; Android 10; K) AppleWebKit/537.36 (KHTML, like Gecko) Chrome/150.0.0.0 Mobile Safari/537.36", path_info: "/logout/"}.
INFO 2026-07-31 19:43:12,667 database AXES: User login failed, running database handler for failure.
INFO 2026-07-31 19:43:12,679 database AXES: Cleaned up 0 expired access attempts from database that were older than 2026-07-31 13:43:11.728747+00:00
WARNING 2026-07-31 19:43:12,739 database AXES: New login failure by {username: "********************", ip_address: "********************", user_agent: "Mozilla/5.0 (Linux; Android 10; K) AppleWebKit/537.36 (KHTML, like Gecko) Chrome/150.0.0.0 Mobile Safari/537.36", path_info: "/login/"}. Created new record in the database.
INFO 2026-07-31 19:43:37,126 database AXES: Successful login by {username: "********************", ip_address: "********************", user_agent: "Mozilla/5.0 (Linux; Android 10; K) AppleWebKit/537.36 (KHTML, like Gecko) Chrome/150.0.0.0 Mobile Safari/537.36", path_info: "/login/"}.
INFO 2026-07-31 19:43:37,140 database AXES: Cleaned up 0 expired access attempts from database that were older than 2026-07-31 13:43:36.091649+00:00
ERROR 2026-07-31 19:43:41,228 log Internal Server Error: /api/system/cache-status/
Traceback (most recent call last):
  File "/storage/emulated/0/django/p1/app/views_frontend.py", line 8038, in system_cache_status
    hit_rate = cache.get('stats:hit_rate', None)
               ^^^^^
NameError: name 'cache' is not defined

During handling of the above exception, another exception occurred:

Traceback (most recent call last):
  File "/data/data/com.termux/files/usr/lib/python3.13/site-packages/django/core/handlers/exception.py", line 55, in inner
    response = get_response(request)
  File "/data/data/com.termux/files/usr/lib/python3.13/site-packages/django/core/handlers/base.py", line 197, in _get_response
    response = wrapped_callback(request, *callback_args, **callback_kwargs)
  File "/data/data/com.termux/files/usr/lib/python3.13/site-packages/django/contrib/auth/decorators.py", line 59, in _view_wrapper
    return view_func(request, *args, **kwargs)
  File "/storage/emulated/0/django/p1/app/views_frontend.py", line 8061, in system_cache_status
    'hit_rate': random.randint(75, 94),
                ^^^^^^
NameError: name 'random' is not defined. Did you forget to import 'random'?
ERROR 2026-07-31 19:43:41,436 log Internal Server Error: /api/system/queue-status/
Traceback (most recent call last):
  File "/data/data/com.termux/files/usr/lib/python3.13/site-packages/django/core/handlers/exception.py", line 55, in inner
    response = get_response(request)
  File "/data/data/com.termux/files/usr/lib/python3.13/site-packages/django/core/handlers/base.py", line 197, in _get_response
    response = wrapped_callback(request, *callback_args, **callback_kwargs)
  File "/data/data/com.termux/files/usr/lib/python3.13/site-packages/django/contrib/auth/decorators.py", line 59, in _view_wrapper
    return view_func(request, *args, **kwargs)
  File "/storage/emulated/0/django/p1/app/views_frontend.py", line 8109, in system_queue_status
    'active_workers': random.randint(2, 6),
                      ^^^^^^
NameError: name 'random' is not defined. Did you forget to import 'random'?
INFO 2026-07-31 20:57:11,609 apps AXES: BEGIN version 8.3.1, blocking by ip_address
INFO 2026-07-31 20:57:17,778 apps AXES: BEGIN version 8.3.1, blocking by ip_address
INFO 2026-07-31 20:57:17,912 autoreload Watching for file changes with StatReloader
INFO 2026-07-31 20:59:19,910 apps AXES: BEGIN version 8.3.1, blocking by ip_address
INFO 2026-07-31 20:59:25,555 apps AXES: BEGIN version 8.3.1, blocking by ip_address
INFO 2026-07-31 20:59:25,691 autoreload Watching for file changes with StatReloader
INFO 2026-08-01 07:16:35,530 apps AXES: BEGIN version 8.3.1, blocking by ip_address
INFO 2026-08-01 07:16:40,719 apps AXES: BEGIN version 8.3.1, blocking by ip_address
INFO 2026-08-01 07:16:40,836 autoreload Watching for file changes with StatReloader
ERROR 2026-08-01 07:17:14,076 log Internal Server Error: /api/system/queue-status/
Traceback (most recent call last):
  File "/data/data/com.termux/files/usr/lib/python3.13/site-packages/django/core/handlers/exception.py", line 55, in inner
    response = get_response(request)
  File "/data/data/com.termux/files/usr/lib/python3.13/site-packages/django/core/handlers/base.py", line 197, in _get_response
    response = wrapped_callback(request, *callback_args, **callback_kwargs)
  File "/data/data/com.termux/files/usr/lib/python3.13/site-packages/django/contrib/auth/decorators.py", line 59, in _view_wrapper
    return view_func(request, *args, **kwargs)
  File "/storage/emulated/0/django/p1/app/views_frontend.py", line 8109, in system_queue_status
    'active_workers': random.randint(2, 6),
                      ^^^^^^
NameError: name 'random' is not defined. Did you forget to import 'random'?
ERROR 2026-08-01 07:17:14,294 log Internal Server Error: /api/system/cache-status/
Traceback (most recent call last):
  File "/storage/emulated/0/django/p1/app/views_frontend.py", line 8038, in system_cache_status
    hit_rate = cache.get('stats:hit_rate', None)
               ^^^^^
NameError: name 'cache' is not defined

During handling of the above exception, another exception occurred:

Traceback (most recent call last):
  File "/data/data/com.termux/files/usr/lib/python3.13/site-packages/django/core/handlers/exception.py", line 55, in inner
    response = get_response(request)
  File "/data/data/com.termux/files/usr/lib/python3.13/site-packages/django/core/handlers/base.py", line 197, in _get_response
    response = wrapped_callback(request, *callback_args, **callback_kwargs)
  File "/data/data/com.termux/files/usr/lib/python3.13/site-packages/django/contrib/auth/decorators.py", line 59, in _view_wrapper
    return view_func(request, *args, **kwargs)
  File "/storage/emulated/0/django/p1/app/views_frontend.py", line 8061, in system_cache_status
    'hit_rate': random.randint(75, 94),
                ^^^^^^
NameError: name 'random' is not defined. Did you forget to import 'random'?
INFO 2026-08-01 07:36:44,055 autoreload /storage/emulated/0/django/p1/app/views_frontend.py changed, reloading.
INFO 2026-08-01 07:36:54,581 apps AXES: BEGIN version 8.3.1, blocking by ip_address
INFO 2026-08-01 07:36:54,781 autoreload Watching for file changes with StatReloader
ERROR 2026-08-01 07:49:50,277 log Internal Server Error: /api/system/queue-status/
Traceback (most recent call last):
  File "/data/data/com.termux/files/usr/lib/python3.13/site-packages/django/core/handlers/exception.py", line 55, in inner
    response = get_response(request)
  File "/data/data/com.termux/files/usr/lib/python3.13/site-packages/django/core/handlers/base.py", line 197, in _get_response
    response = wrapped_callback(request, *callback_args, **callback_kwargs)
  File "/data/data/com.termux/files/usr/lib/python3.13/site-packages/django/contrib/auth/decorators.py", line 59, in _view_wrapper
    return view_func(request, *args, **kwargs)
  File "/storage/emulated/0/django/p1/app/views_frontend.py", line 8109, in system_queue_status
    'active_workers': random.randint(2, 6),
                      ^^^^^^
NameError: name 'random' is not defined. Did you forget to import 'random'?
ERROR 2026-08-01 07:49:50,288 log Internal Server Error: /api/system/cache-status/
Traceback (most recent call last):
  File "/storage/emulated/0/django/p1/app/views_frontend.py", line 8038, in system_cache_status
    hit_rate = cache.get('stats:hit_rate', None)
               ^^^^^
NameError: name 'cache' is not defined

During handling of the above exception, another exception occurred:

Traceback (most recent call last):
  File "/data/data/com.termux/files/usr/lib/python3.13/site-packages/django/core/handlers/exception.py", line 55, in inner
    response = get_response(request)
  File "/data/data/com.termux/files/usr/lib/python3.13/site-packages/django/core/handlers/base.py", line 197, in _get_response
    response = wrapped_callback(request, *callback_args, **callback_kwargs)
  File "/data/data/com.termux/files/usr/lib/python3.13/site-packages/django/contrib/auth/decorators.py", line 59, in _view_wrapper
    return view_func(request, *args, **kwargs)
  File "/storage/emulated/0/django/p1/app/views_frontend.py", line 8061, in system_cache_status
    'hit_rate': random.randint(75, 94),
                ^^^^^^
NameError: name 'random' is not defined. Did you forget to import 'random'?
ERROR 2026-08-01 07:50:27,259 log Internal Server Error: /api/system/cache-status/
Traceback (most recent call last):
  File "/storage/emulated/0/django/p1/app/views_frontend.py", line 8038, in system_cache_status
    hit_rate = cache.get('stats:hit_rate', None)
               ^^^^^
NameError: name 'cache' is not defined

During handling of the above exception, another exception occurred:

Traceback (most recent call last):
  File "/data/data/com.termux/files/usr/lib/python3.13/site-packages/django/core/handlers/exception.py", line 55, in inner
    response = get_response(request)
  File "/data/data/com.termux/files/usr/lib/python3.13/site-packages/django/core/handlers/base.py", line 197, in _get_response
    response = wrapped_callback(request, *callback_args, **callback_kwargs)
  File "/data/data/com.termux/files/usr/lib/python3.13/site-packages/django/contrib/auth/decorators.py", line 59, in _view_wrapper
    return view_func(request, *args, **kwargs)
  File "/storage/emulated/0/django/p1/app/views_frontend.py", line 8061, in system_cache_status
    'hit_rate': random.randint(75, 94),
                ^^^^^^
NameError: name 'random' is not defined. Did you forget to import 'random'?
ERROR 2026-08-01 07:50:27,283 log Internal Server Error: /api/system/queue-status/
Traceback (most recent call last):
  File "/data/data/com.termux/files/usr/lib/python3.13/site-packages/django/core/handlers/exception.py", line 55, in inner
    response = get_response(request)
  File "/data/data/com.termux/files/usr/lib/python3.13/site-packages/django/core/handlers/base.py", line 197, in _get_response
    response = wrapped_callback(request, *callback_args, **callback_kwargs)
  File "/data/data/com.termux/files/usr/lib/python3.13/site-packages/django/contrib/auth/decorators.py", line 59, in _view_wrapper
    return view_func(request, *args, **kwargs)
  File "/storage/emulated/0/django/p1/app/views_frontend.py", line 8109, in system_queue_status
    'active_workers': random.randint(2, 6),
                      ^^^^^^
NameError: name 'random' is not defined. Did you forget to import 'random'?
ERROR 2026-08-01 07:50:50,900 log Internal Server Error: /api/system/cache-status/
Traceback (most recent call last):
  File "/storage/emulated/0/django/p1/app/views_frontend.py", line 8038, in system_cache_status
    hit_rate = cache.get('stats:hit_rate', None)
               ^^^^^
NameError: name 'cache' is not defined

During handling of the above exception, another exception occurred:

Traceback (most recent call last):
  File "/data/data/com.termux/files/usr/lib/python3.13/site-packages/django/core/handlers/exception.py", line 55, in inner
    response = get_response(request)
  File "/data/data/com.termux/files/usr/lib/python3.13/site-packages/django/core/handlers/base.py", line 197, in _get_response
    response = wrapped_callback(request, *callback_args, **callback_kwargs)
  File "/data/data/com.termux/files/usr/lib/python3.13/site-packages/django/contrib/auth/decorators.py", line 59, in _view_wrapper
    return view_func(request, *args, **kwargs)
  File "/storage/emulated/0/django/p1/app/views_frontend.py", line 8061, in system_cache_status
    'hit_rate': random.randint(75, 94),
                ^^^^^^
NameError: name 'random' is not defined. Did you forget to import 'random'?
ERROR 2026-08-01 07:50:51,082 log Internal Server Error: /api/system/queue-status/
Traceback (most recent call last):
  File "/data/data/com.termux/files/usr/lib/python3.13/site-packages/django/core/handlers/exception.py", line 55, in inner
    response = get_response(request)
  File "/data/data/com.termux/files/usr/lib/python3.13/site-packages/django/core/handlers/base.py", line 197, in _get_response
    response = wrapped_callback(request, *callback_args, **callback_kwargs)
  File "/data/data/com.termux/files/usr/lib/python3.13/site-packages/django/contrib/auth/decorators.py", line 59, in _view_wrapper
    return view_func(request, *args, **kwargs)
  File "/storage/emulated/0/django/p1/app/views_frontend.py", line 8109, in system_queue_status
    'active_workers': random.randint(2, 6),
                      ^^^^^^
NameError: name 'random' is not defined. Did you forget to import 'random'?
ERROR 2026-08-01 07:52:11,089 log Internal Server Error: /api/system/queue-status/
Traceback (most recent call last):
  File "/data/data/com.termux/files/usr/lib/python3.13/site-packages/django/core/handlers/exception.py", line 55, in inner
    response = get_response(request)
  File "/data/data/com.termux/files/usr/lib/python3.13/site-packages/django/core/handlers/base.py", line 197, in _get_response
    response = wrapped_callback(request, *callback_args, **callback_kwargs)
  File "/data/data/com.termux/files/usr/lib/python3.13/site-packages/django/contrib/auth/decorators.py", line 59, in _view_wrapper
    return view_func(request, *args, **kwargs)
  File "/storage/emulated/0/django/p1/app/views_frontend.py", line 8109, in system_queue_status
    'active_workers': random.randint(2, 6),
                      ^^^^^^
NameError: name 'random' is not defined. Did you forget to import 'random'?
ERROR 2026-08-01 07:52:11,105 log Internal Server Error: /api/system/cache-status/
Traceback (most recent call last):
  File "/storage/emulated/0/django/p1/app/views_frontend.py", line 8038, in system_cache_status
    hit_rate = cache.get('stats:hit_rate', None)
               ^^^^^
NameError: name 'cache' is not defined

During handling of the above exception, another exception occurred:

Traceback (most recent call last):
  File "/data/data/com.termux/files/usr/lib/python3.13/site-packages/django/core/handlers/exception.py", line 55, in inner
    response = get_response(request)
  File "/data/data/com.termux/files/usr/lib/python3.13/site-packages/django/core/handlers/base.py", line 197, in _get_response
    response = wrapped_callback(request, *callback_args, **callback_kwargs)
  File "/data/data/com.termux/files/usr/lib/python3.13/site-packages/django/contrib/auth/decorators.py", line 59, in _view_wrapper
    return view_func(request, *args, **kwargs)
  File "/storage/emulated/0/django/p1/app/views_frontend.py", line 8061, in system_cache_status
    'hit_rate': random.randint(75, 94),
                ^^^^^^
NameError: name 'random' is not defined. Did you forget to import 'random'?
ERROR 2026-08-01 07:55:09,848 log Internal Server Error: /api/system/queue-status/
Traceback (most recent call last):
  File "/data/data/com.termux/files/usr/lib/python3.13/site-packages/django/core/handlers/exception.py", line 55, in inner
    response = get_response(request)
  File "/data/data/com.termux/files/usr/lib/python3.13/site-packages/django/core/handlers/base.py", line 197, in _get_response
    response = wrapped_callback(request, *callback_args, **callback_kwargs)
  File "/data/data/com.termux/files/usr/lib/python3.13/site-packages/django/contrib/auth/decorators.py", line 59, in _view_wrapper
    return view_func(request, *args, **kwargs)
  File "/storage/emulated/0/django/p1/app/views_frontend.py", line 8109, in system_queue_status
    'active_workers': random.randint(2, 6),
                      ^^^^^^
NameError: name 'random' is not defined. Did you forget to import 'random'?
ERROR 2026-08-01 07:55:09,964 log Internal Server Error: /api/system/cache-status/
Traceback (most recent call last):
  File "/storage/emulated/0/django/p1/app/views_frontend.py", line 8038, in system_cache_status
    hit_rate = cache.get('stats:hit_rate', None)
               ^^^^^
NameError: name 'cache' is not defined

During handling of the above exception, another exception occurred:

Traceback (most recent call last):
  File "/data/data/com.termux/files/usr/lib/python3.13/site-packages/django/core/handlers/exception.py", line 55, in inner
    response = get_response(request)
  File "/data/data/com.termux/files/usr/lib/python3.13/site-packages/django/core/handlers/base.py", line 197, in _get_response
    response = wrapped_callback(request, *callback_args, **callback_kwargs)
  File "/data/data/com.termux/files/usr/lib/python3.13/site-packages/django/contrib/auth/decorators.py", line 59, in _view_wrapper
    return view_func(request, *args, **kwargs)
  File "/storage/emulated/0/django/p1/app/views_frontend.py", line 8061, in system_cache_status
    'hit_rate': random.randint(75, 94),
                ^^^^^^
NameError: name 'random' is not defined. Did you forget to import 'random'?
INFO 2026-08-01 09:44:51,219 apps AXES: BEGIN version 8.3.1, blocking by ip_address
INFO 2026-08-01 09:44:56,343 apps AXES: BEGIN version 8.3.1, blocking by ip_address
INFO 2026-08-01 09:44:56,461 autoreload Watching for file changes with StatReloader
ERROR 2026-08-01 09:45:08,294 log Internal Server Error: /api/system/cache-status/
Traceback (most recent call last):
  File "/storage/emulated/0/django/p1/app/views_frontend.py", line 8038, in system_cache_status
    hit_rate = cache.get('stats:hit_rate', None)
               ^^^^^
NameError: name 'cache' is not defined

During handling of the above exception, another exception occurred:

Traceback (most recent call last):
  File "/data/data/com.termux/files/usr/lib/python3.13/site-packages/django/core/handlers/exception.py", line 55, in inner
    response = get_response(request)
  File "/data/data/com.termux/files/usr/lib/python3.13/site-packages/django/core/handlers/base.py", line 197, in _get_response
    response = wrapped_callback(request, *callback_args, **callback_kwargs)
  File "/data/data/com.termux/files/usr/lib/python3.13/site-packages/django/contrib/auth/decorators.py", line 59, in _view_wrapper
    return view_func(request, *args, **kwargs)
  File "/storage/emulated/0/django/p1/app/views_frontend.py", line 8061, in system_cache_status
    'hit_rate': random.randint(75, 94),
                ^^^^^^
NameError: name 'random' is not defined. Did you forget to import 'random'?
ERROR 2026-08-01 09:45:08,301 log Internal Server Error: /api/system/queue-status/
Traceback (most recent call last):
  File "/data/data/com.termux/files/usr/lib/python3.13/site-packages/django/core/handlers/exception.py", line 55, in inner
    response = get_response(request)
  File "/data/data/com.termux/files/usr/lib/python3.13/site-packages/django/core/handlers/base.py", line 197, in _get_response
    response = wrapped_callback(request, *callback_args, **callback_kwargs)
  File "/data/data/com.termux/files/usr/lib/python3.13/site-packages/django/contrib/auth/decorators.py", line 59, in _view_wrapper
    return view_func(request, *args, **kwargs)
  File "/storage/emulated/0/django/p1/app/views_frontend.py", line 8109, in system_queue_status
    'active_workers': random.randint(2, 6),
                      ^^^^^^
NameError: name 'random' is not defined. Did you forget to import 'random'?
ERROR 2026-08-01 09:46:26,682 log Internal Server Error: /api/system/cache-status/
Traceback (most recent call last):
  File "/storage/emulated/0/django/p1/app/views_frontend.py", line 8038, in system_cache_status
    hit_rate = cache.get('stats:hit_rate', None)
               ^^^^^
NameError: name 'cache' is not defined

During handling of the above exception, another exception occurred:

Traceback (most recent call last):
  File "/data/data/com.termux/files/usr/lib/python3.13/site-packages/django/core/handlers/exception.py", line 55, in inner
    response = get_response(request)
  File "/data/data/com.termux/files/usr/lib/python3.13/site-packages/django/core/handlers/base.py", line 197, in _get_response
    response = wrapped_callback(request, *callback_args, **callback_kwargs)
  File "/data/data/com.termux/files/usr/lib/python3.13/site-packages/django/contrib/auth/decorators.py", line 59, in _view_wrapper
    return view_func(request, *args, **kwargs)
  File "/storage/emulated/0/django/p1/app/views_frontend.py", line 8061, in system_cache_status
    'hit_rate': random.randint(75, 94),
                ^^^^^^
NameError: name 'random' is not defined. Did you forget to import 'random'?
ERROR 2026-08-01 09:46:26,792 log Internal Server Error: /api/system/queue-status/
Traceback (most recent call last):
  File "/data/data/com.termux/files/usr/lib/python3.13/site-packages/django/core/handlers/exception.py", line 55, in inner
    response = get_response(request)
  File "/data/data/com.termux/files/usr/lib/python3.13/site-packages/django/core/handlers/base.py", line 197, in _get_response
    response = wrapped_callback(request, *callback_args, **callback_kwargs)
  File "/data/data/com.termux/files/usr/lib/python3.13/site-packages/django/contrib/auth/decorators.py", line 59, in _view_wrapper
    return view_func(request, *args, **kwargs)
  File "/storage/emulated/0/django/p1/app/views_frontend.py", line 8109, in system_queue_status
    'active_workers': random.randint(2, 6),
                      ^^^^^^
NameError: name 'random' is not defined. Did you forget to import 'random'?
ERROR 2026-08-01 09:51:51,855 log Internal Server Error: /api/system/cache-status/
Traceback (most recent call last):
  File "/storage/emulated/0/django/p1/app/views_frontend.py", line 8038, in system_cache_status
    hit_rate = cache.get('stats:hit_rate', None)
               ^^^^^
NameError: name 'cache' is not defined

During handling of the above exception, another exception occurred:

Traceback (most recent call last):
  File "/data/data/com.termux/files/usr/lib/python3.13/site-packages/django/core/handlers/exception.py", line 55, in inner
    response = get_response(request)
  File "/data/data/com.termux/files/usr/lib/python3.13/site-packages/django/core/handlers/base.py", line 197, in _get_response
    response = wrapped_callback(request, *callback_args, **callback_kwargs)
  File "/data/data/com.termux/files/usr/lib/python3.13/site-packages/django/contrib/auth/decorators.py", line 59, in _view_wrapper
    return view_func(request, *args, **kwargs)
  File "/storage/emulated/0/django/p1/app/views_frontend.py", line 8061, in system_cache_status
    'hit_rate': random.randint(75, 94),
                ^^^^^^
NameError: name 'random' is not defined. Did you forget to import 'random'?
ERROR 2026-08-01 09:51:51,878 log Internal Server Error: /api/system/queue-status/
Traceback (most recent call last):
  File "/data/data/com.termux/files/usr/lib/python3.13/site-packages/django/core/handlers/exception.py", line 55, in inner
    response = get_response(request)
  File "/data/data/com.termux/files/usr/lib/python3.13/site-packages/django/core/handlers/base.py", line 197, in _get_response
    response = wrapped_callback(request, *callback_args, **callback_kwargs)
  File "/data/data/com.termux/files/usr/lib/python3.13/site-packages/django/contrib/auth/decorators.py", line 59, in _view_wrapper
    return view_func(request, *args, **kwargs)
  File "/storage/emulated/0/django/p1/app/views_frontend.py", line 8109, in system_queue_status
    'active_workers': random.randint(2, 6),
                      ^^^^^^
NameError: name 'random' is not defined. Did you forget to import 'random'?
ERROR 2026-08-01 09:51:57,999 log Internal Server Error: /api/system/cache-status/
Traceback (most recent call last):
  File "/storage/emulated/0/django/p1/app/views_frontend.py", line 8038, in system_cache_status
    hit_rate = cache.get('stats:hit_rate', None)
               ^^^^^
NameError: name 'cache' is not defined

During handling of the above exception, another exception occurred:

Traceback (most recent call last):
  File "/data/data/com.termux/files/usr/lib/python3.13/site-packages/django/core/handlers/exception.py", line 55, in inner
    response = get_response(request)
  File "/data/data/com.termux/files/usr/lib/python3.13/site-packages/django/core/handlers/base.py", line 197, in _get_response
    response = wrapped_callback(request, *callback_args, **callback_kwargs)
  File "/data/data/com.termux/files/usr/lib/python3.13/site-packages/django/contrib/auth/decorators.py", line 59, in _view_wrapper
    return view_func(request, *args, **kwargs)
  File "/storage/emulated/0/django/p1/app/views_frontend.py", line 8061, in system_cache_status
    'hit_rate': random.randint(75, 94),
                ^^^^^^
NameError: name 'random' is not defined. Did you forget to import 'random'?
ERROR 2026-08-01 09:51:58,261 log Internal Server Error: /api/system/queue-status/
Traceback (most recent call last):
  File "/data/data/com.termux/files/usr/lib/python3.13/site-packages/django/core/handlers/exception.py", line 55, in inner
    response = get_response(request)
  File "/data/data/com.termux/files/usr/lib/python3.13/site-packages/django/core/handlers/base.py", line 197, in _get_response
    response = wrapped_callback(request, *callback_args, **callback_kwargs)
  File "/data/data/com.termux/files/usr/lib/python3.13/site-packages/django/contrib/auth/decorators.py", line 59, in _view_wrapper
    return view_func(request, *args, **kwargs)
  File "/storage/emulated/0/django/p1/app/views_frontend.py", line 8109, in system_queue_status
    'active_workers': random.randint(2, 6),
                      ^^^^^^
NameError: name 'random' is not defined. Did you forget to import 'random'?
INFO 2026-08-01 09:53:07,481 database AXES: Cleaned up 1 expired access attempts from database that were older than 2026-08-01 03:53:07.401504+00:00
INFO 2026-08-01 09:53:07,483 database AXES: Successful logout by {username: "********************", ip_address: "********************", user_agent: "Mozilla/5.0 (Linux; Android 10; K) AppleWebKit/537.36 (KHTML, like Gecko) Chrome/150.0.0.0 Mobile Safari/537.36", path_info: "/logout/"}.
WARNING 2026-08-01 09:53:09,143 log Not Found: /favicon.ico
INFO 2026-08-01 09:53:26,300 database AXES: Successful login by {username: "********************", ip_address: "********************", user_agent: "Mozilla/5.0 (Linux; Android 10; K) AppleWebKit/537.36 (KHTML, like Gecko) Chrome/150.0.0.0 Mobile Safari/537.36", path_info: "/login/"}.
INFO 2026-08-01 09:53:26,315 database AXES: Cleaned up 0 expired access attempts from database that were older than 2026-08-01 03:53:25.191762+00:00
ERROR 2026-08-01 09:53:29,606 log Internal Server Error: /api/system/queue-status/
Traceback (most recent call last):
  File "/data/data/com.termux/files/usr/lib/python3.13/site-packages/django/core/handlers/exception.py", line 55, in inner
    response = get_response(request)
  File "/data/data/com.termux/files/usr/lib/python3.13/site-packages/django/core/handlers/base.py", line 197, in _get_response
    response = wrapped_callback(request, *callback_args, **callback_kwargs)
  File "/data/data/com.termux/files/usr/lib/python3.13/site-packages/django/contrib/auth/decorators.py", line 59, in _view_wrapper
    return view_func(request, *args, **kwargs)
  File "/storage/emulated/0/django/p1/app/views_frontend.py", line 8109, in system_queue_status
    'active_workers': random.randint(2, 6),
                      ^^^^^^
NameError: name 'random' is not defined. Did you forget to import 'random'?
ERROR 2026-08-01 09:53:29,948 log Internal Server Error: /api/system/cache-status/
Traceback (most recent call last):
  File "/storage/emulated/0/django/p1/app/views_frontend.py", line 8038, in system_cache_status
    hit_rate = cache.get('stats:hit_rate', None)
               ^^^^^
NameError: name 'cache' is not defined

During handling of the above exception, another exception occurred:

Traceback (most recent call last):
  File "/data/data/com.termux/files/usr/lib/python3.13/site-packages/django/core/handlers/exception.py", line 55, in inner
    response = get_response(request)
  File "/data/data/com.termux/files/usr/lib/python3.13/site-packages/django/core/handlers/base.py", line 197, in _get_response
    response = wrapped_callback(request, *callback_args, **callback_kwargs)
  File "/data/data/com.termux/files/usr/lib/python3.13/site-packages/django/contrib/auth/decorators.py", line 59, in _view_wrapper
    return view_func(request, *args, **kwargs)
  File "/storage/emulated/0/django/p1/app/views_frontend.py", line 8061, in system_cache_status
    'hit_rate': random.randint(75, 94),
                ^^^^^^
NameError: name 'random' is not defined. Did you forget to import 'random'?
ERROR 2026-08-01 09:53:57,481 log Internal Server Error: /api/system/cache-status/
Traceback (most recent call last):
  File "/storage/emulated/0/django/p1/app/views_frontend.py", line 8038, in system_cache_status
    hit_rate = cache.get('stats:hit_rate', None)
               ^^^^^
NameError: name 'cache' is not defined

During handling of the above exception, another exception occurred:

Traceback (most recent call last):
  File "/data/data/com.termux/files/usr/lib/python3.13/site-packages/django/core/handlers/exception.py", line 55, in inner
    response = get_response(request)
  File "/data/data/com.termux/files/usr/lib/python3.13/site-packages/django/core/handlers/base.py", line 197, in _get_response
    response = wrapped_callback(request, *callback_args, **callback_kwargs)
  File "/data/data/com.termux/files/usr/lib/python3.13/site-packages/django/contrib/auth/decorators.py", line 59, in _view_wrapper
    return view_func(request, *args, **kwargs)
  File "/storage/emulated/0/django/p1/app/views_frontend.py", line 8061, in system_cache_status
    'hit_rate': random.randint(75, 94),
                ^^^^^^
NameError: name 'random' is not defined. Did you forget to import 'random'?
ERROR 2026-08-01 09:53:57,848 log Internal Server Error: /api/system/queue-status/
Traceback (most recent call last):
  File "/data/data/com.termux/files/usr/lib/python3.13/site-packages/django/core/handlers/exception.py", line 55, in inner
    response = get_response(request)
  File "/data/data/com.termux/files/usr/lib/python3.13/site-packages/django/core/handlers/base.py", line 197, in _get_response
    response = wrapped_callback(request, *callback_args, **callback_kwargs)
  File "/data/data/com.termux/files/usr/lib/python3.13/site-packages/django/contrib/auth/decorators.py", line 59, in _view_wrapper
    return view_func(request, *args, **kwargs)
  File "/storage/emulated/0/django/p1/app/views_frontend.py", line 8109, in system_queue_status
    'active_workers': random.randint(2, 6),
                      ^^^^^^
NameError: name 'random' is not defined. Did you forget to import 'random'?
ERROR 2026-08-01 09:55:10,919 log Internal Server Error: /api/system/queue-status/
Traceback (most recent call last):
  File "/data/data/com.termux/files/usr/lib/python3.13/site-packages/django/core/handlers/exception.py", line 55, in inner
    response = get_response(request)
  File "/data/data/com.termux/files/usr/lib/python3.13/site-packages/django/core/handlers/base.py", line 197, in _get_response
    response = wrapped_callback(request, *callback_args, **callback_kwargs)
  File "/data/data/com.termux/files/usr/lib/python3.13/site-packages/django/contrib/auth/decorators.py", line 59, in _view_wrapper
    return view_func(request, *args, **kwargs)
  File "/storage/emulated/0/django/p1/app/views_frontend.py", line 8109, in system_queue_status
    'active_workers': random.randint(2, 6),
                      ^^^^^^
NameError: name 'random' is not defined. Did you forget to import 'random'?
ERROR 2026-08-01 09:55:10,979 log Internal Server Error: /api/system/cache-status/
Traceback (most recent call last):
  File "/storage/emulated/0/django/p1/app/views_frontend.py", line 8038, in system_cache_status
    hit_rate = cache.get('stats:hit_rate', None)
               ^^^^^
NameError: name 'cache' is not defined

During handling of the above exception, another exception occurred:

Traceback (most recent call last):
  File "/data/data/com.termux/files/usr/lib/python3.13/site-packages/django/core/handlers/exception.py", line 55, in inner
    response = get_response(request)
  File "/data/data/com.termux/files/usr/lib/python3.13/site-packages/django/core/handlers/base.py", line 197, in _get_response
    response = wrapped_callback(request, *callback_args, **callback_kwargs)
  File "/data/data/com.termux/files/usr/lib/python3.13/site-packages/django/contrib/auth/decorators.py", line 59, in _view_wrapper
    return view_func(request, *args, **kwargs)
  File "/storage/emulated/0/django/p1/app/views_frontend.py", line 8061, in system_cache_status
    'hit_rate': random.randint(75, 94),
                ^^^^^^
NameError: name 'random' is not defined. Did you forget to import 'random'?
ERROR 2026-08-01 10:01:34,701 log Internal Server Error: /api/system/queue-status/
Traceback (most recent call last):
  File "/data/data/com.termux/files/usr/lib/python3.13/site-packages/django/core/handlers/exception.py", line 55, in inner
    response = get_response(request)
  File "/data/data/com.termux/files/usr/lib/python3.13/site-packages/django/core/handlers/base.py", line 197, in _get_response
    response = wrapped_callback(request, *callback_args, **callback_kwargs)
  File "/data/data/com.termux/files/usr/lib/python3.13/site-packages/django/contrib/auth/decorators.py", line 59, in _view_wrapper
    return view_func(request, *args, **kwargs)
  File "/storage/emulated/0/django/p1/app/views_frontend.py", line 8109, in system_queue_status
    'active_workers': random.randint(2, 6),
                      ^^^^^^
NameError: name 'random' is not defined. Did you forget to import 'random'?
ERROR 2026-08-01 10:01:34,804 log Internal Server Error: /api/system/cache-status/
Traceback (most recent call last):
  File "/storage/emulated/0/django/p1/app/views_frontend.py", line 8038, in system_cache_status
    hit_rate = cache.get('stats:hit_rate', None)
               ^^^^^
NameError: name 'cache' is not defined

During handling of the above exception, another exception occurred:

Traceback (most recent call last):
  File "/data/data/com.termux/files/usr/lib/python3.13/site-packages/django/core/handlers/exception.py", line 55, in inner
    response = get_response(request)
  File "/data/data/com.termux/files/usr/lib/python3.13/site-packages/django/core/handlers/base.py", line 197, in _get_response
    response = wrapped_callback(request, *callback_args, **callback_kwargs)
  File "/data/data/com.termux/files/usr/lib/python3.13/site-packages/django/contrib/auth/decorators.py", line 59, in _view_wrapper
    return view_func(request, *args, **kwargs)
  File "/storage/emulated/0/django/p1/app/views_frontend.py", line 8061, in system_cache_status
    'hit_rate': random.randint(75, 94),
                ^^^^^^
NameError: name 'random' is not defined. Did you forget to import 'random'?
ERROR 2026-08-01 10:01:38,773 log Internal Server Error: /api/system/cache-status/
Traceback (most recent call last):
  File "/storage/emulated/0/django/p1/app/views_frontend.py", line 8038, in system_cache_status
    hit_rate = cache.get('stats:hit_rate', None)
               ^^^^^
NameError: name 'cache' is not defined

During handling of the above exception, another exception occurred:

Traceback (most recent call last):
  File "/data/data/com.termux/files/usr/lib/python3.13/site-packages/django/core/handlers/exception.py", line 55, in inner
    response = get_response(request)
  File "/data/data/com.termux/files/usr/lib/python3.13/site-packages/django/core/handlers/base.py", line 197, in _get_response
    response = wrapped_callback(request, *callback_args, **callback_kwargs)
  File "/data/data/com.termux/files/usr/lib/python3.13/site-packages/django/contrib/auth/decorators.py", line 59, in _view_wrapper
    return view_func(request, *args, **kwargs)
  File "/storage/emulated/0/django/p1/app/views_frontend.py", line 8061, in system_cache_status
    'hit_rate': random.randint(75, 94),
                ^^^^^^
NameError: name 'random' is not defined. Did you forget to import 'random'?
ERROR 2026-08-01 10:01:38,811 log Internal Server Error: /api/system/queue-status/
Traceback (most recent call last):
  File "/data/data/com.termux/files/usr/lib/python3.13/site-packages/django/core/handlers/exception.py", line 55, in inner
    response = get_response(request)
  File "/data/data/com.termux/files/usr/lib/python3.13/site-packages/django/core/handlers/base.py", line 197, in _get_response
    response = wrapped_callback(request, *callback_args, **callback_kwargs)
  File "/data/data/com.termux/files/usr/lib/python3.13/site-packages/django/contrib/auth/decorators.py", line 59, in _view_wrapper
    return view_func(request, *args, **kwargs)
  File "/storage/emulated/0/django/p1/app/views_frontend.py", line 8109, in system_queue_status
    'active_workers': random.randint(2, 6),
                      ^^^^^^
NameError: name 'random' is not defined. Did you forget to import 'random'?
ERROR 2026-08-01 10:03:11,779 log Internal Server Error: /api/system/cache-status/
Traceback (most recent call last):
  File "/storage/emulated/0/django/p1/app/views_frontend.py", line 8038, in system_cache_status
    hit_rate = cache.get('stats:hit_rate', None)
               ^^^^^
NameError: name 'cache' is not defined

During handling of the above exception, another exception occurred:

Traceback (most recent call last):
  File "/data/data/com.termux/files/usr/lib/python3.13/site-packages/django/core/handlers/exception.py", line 55, in inner
    response = get_response(request)
  File "/data/data/com.termux/files/usr/lib/python3.13/site-packages/django/core/handlers/base.py", line 197, in _get_response
    response = wrapped_callback(request, *callback_args, **callback_kwargs)
  File "/data/data/com.termux/files/usr/lib/python3.13/site-packages/django/contrib/auth/decorators.py", line 59, in _view_wrapper
    return view_func(request, *args, **kwargs)
  File "/storage/emulated/0/django/p1/app/views_frontend.py", line 8061, in system_cache_status
    'hit_rate': random.randint(75, 94),
                ^^^^^^
NameError: name 'random' is not defined. Did you forget to import 'random'?
ERROR 2026-08-01 10:03:11,808 log Internal Server Error: /api/system/queue-status/
Traceback (most recent call last):
  File "/data/data/com.termux/files/usr/lib/python3.13/site-packages/django/core/handlers/exception.py", line 55, in inner
    response = get_response(request)
  File "/data/data/com.termux/files/usr/lib/python3.13/site-packages/django/core/handlers/base.py", line 197, in _get_response
    response = wrapped_callback(request, *callback_args, **callback_kwargs)
  File "/data/data/com.termux/files/usr/lib/python3.13/site-packages/django/contrib/auth/decorators.py", line 59, in _view_wrapper
    return view_func(request, *args, **kwargs)
  File "/storage/emulated/0/django/p1/app/views_frontend.py", line 8109, in system_queue_status
    'active_workers': random.randint(2, 6),
                      ^^^^^^
NameError: name 'random' is not defined. Did you forget to import 'random'?
ERROR 2026-08-01 10:03:23,838 log Internal Server Error: /api/system/queue-status/
Traceback (most recent call last):
  File "/data/data/com.termux/files/usr/lib/python3.13/site-packages/django/core/handlers/exception.py", line 55, in inner
    response = get_response(request)
  File "/data/data/com.termux/files/usr/lib/python3.13/site-packages/django/core/handlers/base.py", line 197, in _get_response
    response = wrapped_callback(request, *callback_args, **callback_kwargs)
  File "/data/data/com.termux/files/usr/lib/python3.13/site-packages/django/contrib/auth/decorators.py", line 59, in _view_wrapper
    return view_func(request, *args, **kwargs)
  File "/storage/emulated/0/django/p1/app/views_frontend.py", line 8109, in system_queue_status
    'active_workers': random.randint(2, 6),
                      ^^^^^^
NameError: name 'random' is not defined. Did you forget to import 'random'?
ERROR 2026-08-01 10:03:23,989 log Internal Server Error: /api/system/cache-status/
Traceback (most recent call last):
  File "/storage/emulated/0/django/p1/app/views_frontend.py", line 8038, in system_cache_status
    hit_rate = cache.get('stats:hit_rate', None)
               ^^^^^
NameError: name 'cache' is not defined

During handling of the above exception, another exception occurred:

Traceback (most recent call last):
  File "/data/data/com.termux/files/usr/lib/python3.13/site-packages/django/core/handlers/exception.py", line 55, in inner
    response = get_response(request)
  File "/data/data/com.termux/files/usr/lib/python3.13/site-packages/django/core/handlers/base.py", line 197, in _get_response
    response = wrapped_callback(request, *callback_args, **callback_kwargs)
  File "/data/data/com.termux/files/usr/lib/python3.13/site-packages/django/contrib/auth/decorators.py", line 59, in _view_wrapper
    return view_func(request, *args, **kwargs)
  File "/storage/emulated/0/django/p1/app/views_frontend.py", line 8061, in system_cache_status
    'hit_rate': random.randint(75, 94),
                ^^^^^^
NameError: name 'random' is not defined. Did you forget to import 'random'?
ERROR 2026-08-01 10:08:31,645 log Internal Server Error: /api/system/cache-status/
Traceback (most recent call last):
  File "/storage/emulated/0/django/p1/app/views_frontend.py", line 8038, in system_cache_status
    hit_rate = cache.get('stats:hit_rate', None)
               ^^^^^
NameError: name 'cache' is not defined

During handling of the above exception, another exception occurred:

Traceback (most recent call last):
  File "/data/data/com.termux/files/usr/lib/python3.13/site-packages/django/core/handlers/exception.py", line 55, in inner
    response = get_response(request)
  File "/data/data/com.termux/files/usr/lib/python3.13/site-packages/django/core/handlers/base.py", line 197, in _get_response
    response = wrapped_callback(request, *callback_args, **callback_kwargs)
  File "/data/data/com.termux/files/usr/lib/python3.13/site-packages/django/contrib/auth/decorators.py", line 59, in _view_wrapper
    return view_func(request, *args, **kwargs)
  File "/storage/emulated/0/django/p1/app/views_frontend.py", line 8061, in system_cache_status
    'hit_rate': random.randint(75, 94),
                ^^^^^^
NameError: name 'random' is not defined. Did you forget to import 'random'?
ERROR 2026-08-01 10:08:31,650 log Internal Server Error: /api/system/queue-status/
Traceback (most recent call last):
  File "/data/data/com.termux/files/usr/lib/python3.13/site-packages/django/core/handlers/exception.py", line 55, in inner
    response = get_response(request)
  File "/data/data/com.termux/files/usr/lib/python3.13/site-packages/django/core/handlers/base.py", line 197, in _get_response
    response = wrapped_callback(request, *callback_args, **callback_kwargs)
  File "/data/data/com.termux/files/usr/lib/python3.13/site-packages/django/contrib/auth/decorators.py", line 59, in _view_wrapper
    return view_func(request, *args, **kwargs)
  File "/storage/emulated/0/django/p1/app/views_frontend.py", line 8109, in system_queue_status
    'active_workers': random.randint(2, 6),
                      ^^^^^^
NameError: name 'random' is not defined. Did you forget to import 'random'?
ERROR 2026-08-01 10:08:35,782 log Internal Server Error: /api/system/cache-status/
Traceback (most recent call last):
  File "/storage/emulated/0/django/p1/app/views_frontend.py", line 8038, in system_cache_status
    hit_rate = cache.get('stats:hit_rate', None)
               ^^^^^
NameError: name 'cache' is not defined

During handling of the above exception, another exception occurred:

Traceback (most recent call last):
  File "/data/data/com.termux/files/usr/lib/python3.13/site-packages/django/core/handlers/exception.py", line 55, in inner
    response = get_response(request)
  File "/data/data/com.termux/files/usr/lib/python3.13/site-packages/django/core/handlers/base.py", line 197, in _get_response
    response = wrapped_callback(request, *callback_args, **callback_kwargs)
  File "/data/data/com.termux/files/usr/lib/python3.13/site-packages/django/contrib/auth/decorators.py", line 59, in _view_wrapper
    return view_func(request, *args, **kwargs)
  File "/storage/emulated/0/django/p1/app/views_frontend.py", line 8061, in system_cache_status
    'hit_rate': random.randint(75, 94),
                ^^^^^^
NameError: name 'random' is not defined. Did you forget to import 'random'?
ERROR 2026-08-01 10:08:35,871 log Internal Server Error: /api/system/queue-status/
Traceback (most recent call last):
  File "/data/data/com.termux/files/usr/lib/python3.13/site-packages/django/core/handlers/exception.py", line 55, in inner
    response = get_response(request)
  File "/data/data/com.termux/files/usr/lib/python3.13/site-packages/django/core/handlers/base.py", line 197, in _get_response
    response = wrapped_callback(request, *callback_args, **callback_kwargs)
  File "/data/data/com.termux/files/usr/lib/python3.13/site-packages/django/contrib/auth/decorators.py", line 59, in _view_wrapper
    return view_func(request, *args, **kwargs)
  File "/storage/emulated/0/django/p1/app/views_frontend.py", line 8109, in system_queue_status
    'active_workers': random.randint(2, 6),
                      ^^^^^^
NameError: name 'random' is not defined. Did you forget to import 'random'?
INFO 2026-08-01 13:52:48,966 apps AXES: BEGIN version 8.3.1, blocking by ip_address
INFO 2026-08-01 13:52:54,012 apps AXES: BEGIN version 8.3.1, blocking by ip_address
INFO 2026-08-01 13:52:54,099 autoreload Watching for file changes with StatReloader
ERROR 2026-08-01 13:54:42,777 log Internal Server Error: /api/system/queue-status/
Traceback (most recent call last):
  File "/data/data/com.termux/files/usr/lib/python3.13/site-packages/django/core/handlers/exception.py", line 55, in inner
    response = get_response(request)
  File "/data/data/com.termux/files/usr/lib/python3.13/site-packages/django/core/handlers/base.py", line 197, in _get_response
    response = wrapped_callback(request, *callback_args, **callback_kwargs)
  File "/data/data/com.termux/files/usr/lib/python3.13/site-packages/django/contrib/auth/decorators.py", line 59, in _view_wrapper
    return view_func(request, *args, **kwargs)
  File "/storage/emulated/0/django/p1/app/views_frontend.py", line 8109, in system_queue_status
    'active_workers': random.randint(2, 6),
                      ^^^^^^
NameError: name 'random' is not defined. Did you forget to import 'random'?
ERROR 2026-08-01 13:54:43,390 log Internal Server Error: /api/system/cache-status/
Traceback (most recent call last):
  File "/storage/emulated/0/django/p1/app/views_frontend.py", line 8038, in system_cache_status
    hit_rate = cache.get('stats:hit_rate', None)
               ^^^^^
NameError: name 'cache' is not defined

During handling of the above exception, another exception occurred:

Traceback (most recent call last):
  File "/data/data/com.termux/files/usr/lib/python3.13/site-packages/django/core/handlers/exception.py", line 55, in inner
    response = get_response(request)
  File "/data/data/com.termux/files/usr/lib/python3.13/site-packages/django/core/handlers/base.py", line 197, in _get_response
    response = wrapped_callback(request, *callback_args, **callback_kwargs)
  File "/data/data/com.termux/files/usr/lib/python3.13/site-packages/django/contrib/auth/decorators.py", line 59, in _view_wrapper
    return view_func(request, *args, **kwargs)
  File "/storage/emulated/0/django/p1/app/views_frontend.py", line 8061, in system_cache_status
    'hit_rate': random.randint(75, 94),
                ^^^^^^
NameError: name 'random' is not defined. Did you forget to import 'random'?
ERROR 2026-08-01 13:54:55,238 log Internal Server Error: /api/system/cache-status/
Traceback (most recent call last):
  File "/storage/emulated/0/django/p1/app/views_frontend.py", line 8038, in system_cache_status
    hit_rate = cache.get('stats:hit_rate', None)
               ^^^^^
NameError: name 'cache' is not defined

During handling of the above exception, another exception occurred:

Traceback (most recent call last):
  File "/data/data/com.termux/files/usr/lib/python3.13/site-packages/django/core/handlers/exception.py", line 55, in inner
    response = get_response(request)
  File "/data/data/com.termux/files/usr/lib/python3.13/site-packages/django/core/handlers/base.py", line 197, in _get_response
    response = wrapped_callback(request, *callback_args, **callback_kwargs)
  File "/data/data/com.termux/files/usr/lib/python3.13/site-packages/django/contrib/auth/decorators.py", line 59, in _view_wrapper
    return view_func(request, *args, **kwargs)
  File "/storage/emulated/0/django/p1/app/views_frontend.py", line 8061, in system_cache_status
    'hit_rate': random.randint(75, 94),
                ^^^^^^
NameError: name 'random' is not defined. Did you forget to import 'random'?
ERROR 2026-08-01 13:54:55,242 log Internal Server Error: /api/system/queue-status/
Traceback (most recent call last):
  File "/data/data/com.termux/files/usr/lib/python3.13/site-packages/django/core/handlers/exception.py", line 55, in inner
    response = get_response(request)
  File "/data/data/com.termux/files/usr/lib/python3.13/site-packages/django/core/handlers/base.py", line 197, in _get_response
    response = wrapped_callback(request, *callback_args, **callback_kwargs)
  File "/data/data/com.termux/files/usr/lib/python3.13/site-packages/django/contrib/auth/decorators.py", line 59, in _view_wrapper
    return view_func(request, *args, **kwargs)
  File "/storage/emulated/0/django/p1/app/views_frontend.py", line 8109, in system_queue_status
    'active_workers': random.randint(2, 6),
                      ^^^^^^
NameError: name 'random' is not defined. Did you forget to import 'random'?
ERROR 2026-08-01 13:55:21,509 log Internal Server Error: /api/system/cache-status/
Traceback (most recent call last):
  File "/storage/emulated/0/django/p1/app/views_frontend.py", line 8038, in system_cache_status
    hit_rate = cache.get('stats:hit_rate', None)
               ^^^^^
NameError: name 'cache' is not defined

During handling of the above exception, another exception occurred:

Traceback (most recent call last):
  File "/data/data/com.termux/files/usr/lib/python3.13/site-packages/django/core/handlers/exception.py", line 55, in inner
    response = get_response(request)
  File "/data/data/com.termux/files/usr/lib/python3.13/site-packages/django/core/handlers/base.py", line 197, in _get_response
    response = wrapped_callback(request, *callback_args, **callback_kwargs)
  File "/data/data/com.termux/files/usr/lib/python3.13/site-packages/django/contrib/auth/decorators.py", line 59, in _view_wrapper
    return view_func(request, *args, **kwargs)
  File "/storage/emulated/0/django/p1/app/views_frontend.py", line 8061, in system_cache_status
    'hit_rate': random.randint(75, 94),
                ^^^^^^
NameError: name 'random' is not defined. Did you forget to import 'random'?
ERROR 2026-08-01 13:55:21,820 log Internal Server Error: /api/system/queue-status/
Traceback (most recent call last):
  File "/data/data/com.termux/files/usr/lib/python3.13/site-packages/django/core/handlers/exception.py", line 55, in inner
    response = get_response(request)
  File "/data/data/com.termux/files/usr/lib/python3.13/site-packages/django/core/handlers/base.py", line 197, in _get_response
    response = wrapped_callback(request, *callback_args, **callback_kwargs)
  File "/data/data/com.termux/files/usr/lib/python3.13/site-packages/django/contrib/auth/decorators.py", line 59, in _view_wrapper
    return view_func(request, *args, **kwargs)
  File "/storage/emulated/0/django/p1/app/views_frontend.py", line 8109, in system_queue_status
    'active_workers': random.randint(2, 6),
                      ^^^^^^
NameError: name 'random' is not defined. Did you forget to import 'random'?
ERROR 2026-08-01 13:57:41,516 log Internal Server Error: /api/system/cache-status/
Traceback (most recent call last):
  File "/storage/emulated/0/django/p1/app/views_frontend.py", line 8038, in system_cache_status
    hit_rate = cache.get('stats:hit_rate', None)
               ^^^^^
NameError: name 'cache' is not defined

During handling of the above exception, another exception occurred:

Traceback (most recent call last):
  File "/data/data/com.termux/files/usr/lib/python3.13/site-packages/django/core/handlers/exception.py", line 55, in inner
    response = get_response(request)
  File "/data/data/com.termux/files/usr/lib/python3.13/site-packages/django/core/handlers/base.py", line 197, in _get_response
    response = wrapped_callback(request, *callback_args, **callback_kwargs)
  File "/data/data/com.termux/files/usr/lib/python3.13/site-packages/django/contrib/auth/decorators.py", line 59, in _view_wrapper
    return view_func(request, *args, **kwargs)
  File "/storage/emulated/0/django/p1/app/views_frontend.py", line 8061, in system_cache_status
    'hit_rate': random.randint(75, 94),
                ^^^^^^
NameError: name 'random' is not defined. Did you forget to import 'random'?
ERROR 2026-08-01 13:57:41,602 log Internal Server Error: /api/system/queue-status/
Traceback (most recent call last):
  File "/data/data/com.termux/files/usr/lib/python3.13/site-packages/django/core/handlers/exception.py", line 55, in inner
    response = get_response(request)
  File "/data/data/com.termux/files/usr/lib/python3.13/site-packages/django/core/handlers/base.py", line 197, in _get_response
    response = wrapped_callback(request, *callback_args, **callback_kwargs)
  File "/data/data/com.termux/files/usr/lib/python3.13/site-packages/django/contrib/auth/decorators.py", line 59, in _view_wrapper
    return view_func(request, *args, **kwargs)
  File "/storage/emulated/0/django/p1/app/views_frontend.py", line 8109, in system_queue_status
    'active_workers': random.randint(2, 6),
                      ^^^^^^
NameError: name 'random' is not defined. Did you forget to import 'random'?
ERROR 2026-08-01 14:03:30,757 log Internal Server Error: /api/system/cache-status/
Traceback (most recent call last):
  File "/storage/emulated/0/django/p1/app/views_frontend.py", line 8038, in system_cache_status
    hit_rate = cache.get('stats:hit_rate', None)
               ^^^^^
NameError: name 'cache' is not defined

During handling of the above exception, another exception occurred:

Traceback (most recent call last):
  File "/data/data/com.termux/files/usr/lib/python3.13/site-packages/django/core/handlers/exception.py", line 55, in inner
    response = get_response(request)
  File "/data/data/com.termux/files/usr/lib/python3.13/site-packages/django/core/handlers/base.py", line 197, in _get_response
    response = wrapped_callback(request, *callback_args, **callback_kwargs)
  File "/data/data/com.termux/files/usr/lib/python3.13/site-packages/django/contrib/auth/decorators.py", line 59, in _view_wrapper
    return view_func(request, *args, **kwargs)
  File "/storage/emulated/0/django/p1/app/views_frontend.py", line 8061, in system_cache_status
    'hit_rate': random.randint(75, 94),
                ^^^^^^
NameError: name 'random' is not defined. Did you forget to import 'random'?
ERROR 2026-08-01 14:03:30,938 log Internal Server Error: /api/system/queue-status/
Traceback (most recent call last):
  File "/data/data/com.termux/files/usr/lib/python3.13/site-packages/django/core/handlers/exception.py", line 55, in inner
    response = get_response(request)
  File "/data/data/com.termux/files/usr/lib/python3.13/site-packages/django/core/handlers/base.py", line 197, in _get_response
    response = wrapped_callback(request, *callback_args, **callback_kwargs)
  File "/data/data/com.termux/files/usr/lib/python3.13/site-packages/django/contrib/auth/decorators.py", line 59, in _view_wrapper
    return view_func(request, *args, **kwargs)
  File "/storage/emulated/0/django/p1/app/views_frontend.py", line 8109, in system_queue_status
    'active_workers': random.randint(2, 6),
                      ^^^^^^
NameError: name 'random' is not defined. Did you forget to import 'random'?
ERROR 2026-08-01 14:03:35,474 log Internal Server Error: /api/system/queue-status/
Traceback (most recent call last):
  File "/data/data/com.termux/files/usr/lib/python3.13/site-packages/django/core/handlers/exception.py", line 55, in inner
    response = get_response(request)
  File "/data/data/com.termux/files/usr/lib/python3.13/site-packages/django/core/handlers/base.py", line 197, in _get_response
    response = wrapped_callback(request, *callback_args, **callback_kwargs)
  File "/data/data/com.termux/files/usr/lib/python3.13/site-packages/django/contrib/auth/decorators.py", line 59, in _view_wrapper
    return view_func(request, *args, **kwargs)
  File "/storage/emulated/0/django/p1/app/views_frontend.py", line 8109, in system_queue_status
    'active_workers': random.randint(2, 6),
                      ^^^^^^
NameError: name 'random' is not defined. Did you forget to import 'random'?
ERROR 2026-08-01 14:03:35,506 log Internal Server Error: /api/system/cache-status/
Traceback (most recent call last):
  File "/storage/emulated/0/django/p1/app/views_frontend.py", line 8038, in system_cache_status
    hit_rate = cache.get('stats:hit_rate', None)
               ^^^^^
NameError: name 'cache' is not defined

During handling of the above exception, another exception occurred:

Traceback (most recent call last):
  File "/data/data/com.termux/files/usr/lib/python3.13/site-packages/django/core/handlers/exception.py", line 55, in inner
    response = get_response(request)
  File "/data/data/com.termux/files/usr/lib/python3.13/site-packages/django/core/handlers/base.py", line 197, in _get_response
    response = wrapped_callback(request, *callback_args, **callback_kwargs)
  File "/data/data/com.termux/files/usr/lib/python3.13/site-packages/django/contrib/auth/decorators.py", line 59, in _view_wrapper
    return view_func(request, *args, **kwargs)
  File "/storage/emulated/0/django/p1/app/views_frontend.py", line 8061, in system_cache_status
    'hit_rate': random.randint(75, 94),
                ^^^^^^
NameError: name 'random' is not defined. Did you forget to import 'random'?
ERROR 2026-08-01 14:04:14,096 log Internal Server Error: /api/system/queue-status/
Traceback (most recent call last):
  File "/data/data/com.termux/files/usr/lib/python3.13/site-packages/django/core/handlers/exception.py", line 55, in inner
    response = get_response(request)
  File "/data/data/com.termux/files/usr/lib/python3.13/site-packages/django/core/handlers/base.py", line 197, in _get_response
    response = wrapped_callback(request, *callback_args, **callback_kwargs)
  File "/data/data/com.termux/files/usr/lib/python3.13/site-packages/django/contrib/auth/decorators.py", line 59, in _view_wrapper
    return view_func(request, *args, **kwargs)
  File "/storage/emulated/0/django/p1/app/views_frontend.py", line 8109, in system_queue_status
    'active_workers': random.randint(2, 6),
                      ^^^^^^
NameError: name 'random' is not defined. Did you forget to import 'random'?
ERROR 2026-08-01 14:04:14,455 log Internal Server Error: /api/system/cache-status/
Traceback (most recent call last):
  File "/storage/emulated/0/django/p1/app/views_frontend.py", line 8038, in system_cache_status
    hit_rate = cache.get('stats:hit_rate', None)
               ^^^^^
NameError: name 'cache' is not defined

During handling of the above exception, another exception occurred:

Traceback (most recent call last):
  File "/data/data/com.termux/files/usr/lib/python3.13/site-packages/django/core/handlers/exception.py", line 55, in inner
    response = get_response(request)
  File "/data/data/com.termux/files/usr/lib/python3.13/site-packages/django/core/handlers/base.py", line 197, in _get_response
    response = wrapped_callback(request, *callback_args, **callback_kwargs)
  File "/data/data/com.termux/files/usr/lib/python3.13/site-packages/django/contrib/auth/decorators.py", line 59, in _view_wrapper
    return view_func(request, *args, **kwargs)
  File "/storage/emulated/0/django/p1/app/views_frontend.py", line 8061, in system_cache_status
    'hit_rate': random.randint(75, 94),
                ^^^^^^
NameError: name 'random' is not defined. Did you forget to import 'random'?
ERROR 2026-08-01 14:05:42,825 log Internal Server Error: /api/system/cache-status/
Traceback (most recent call last):
  File "/storage/emulated/0/django/p1/app/views_frontend.py", line 8038, in system_cache_status
    hit_rate = cache.get('stats:hit_rate', None)
               ^^^^^
NameError: name 'cache' is not defined

During handling of the above exception, another exception occurred:

Traceback (most recent call last):
  File "/data/data/com.termux/files/usr/lib/python3.13/site-packages/django/core/handlers/exception.py", line 55, in inner
    response = get_response(request)
  File "/data/data/com.termux/files/usr/lib/python3.13/site-packages/django/core/handlers/base.py", line 197, in _get_response
    response = wrapped_callback(request, *callback_args, **callback_kwargs)
  File "/data/data/com.termux/files/usr/lib/python3.13/site-packages/django/contrib/auth/decorators.py", line 59, in _view_wrapper
    return view_func(request, *args, **kwargs)
  File "/storage/emulated/0/django/p1/app/views_frontend.py", line 8061, in system_cache_status
    'hit_rate': random.randint(75, 94),
                ^^^^^^
NameError: name 'random' is not defined. Did you forget to import 'random'?
ERROR 2026-08-01 14:05:42,915 log Internal Server Error: /api/system/queue-status/
Traceback (most recent call last):
  File "/data/data/com.termux/files/usr/lib/python3.13/site-packages/django/core/handlers/exception.py", line 55, in inner
    response = get_response(request)
  File "/data/data/com.termux/files/usr/lib/python3.13/site-packages/django/core/handlers/base.py", line 197, in _get_response
    response = wrapped_callback(request, *callback_args, **callback_kwargs)
  File "/data/data/com.termux/files/usr/lib/python3.13/site-packages/django/contrib/auth/decorators.py", line 59, in _view_wrapper
    return view_func(request, *args, **kwargs)
  File "/storage/emulated/0/django/p1/app/views_frontend.py", line 8109, in system_queue_status
    'active_workers': random.randint(2, 6),
                      ^^^^^^
NameError: name 'random' is not defined. Did you forget to import 'random'?
ERROR 2026-08-01 14:09:12,643 log Internal Server Error: /api/system/queue-status/
Traceback (most recent call last):
  File "/data/data/com.termux/files/usr/lib/python3.13/site-packages/django/core/handlers/exception.py", line 55, in inner
    response = get_response(request)
  File "/data/data/com.termux/files/usr/lib/python3.13/site-packages/django/core/handlers/base.py", line 197, in _get_response
    response = wrapped_callback(request, *callback_args, **callback_kwargs)
  File "/data/data/com.termux/files/usr/lib/python3.13/site-packages/django/contrib/auth/decorators.py", line 59, in _view_wrapper
    return view_func(request, *args, **kwargs)
  File "/storage/emulated/0/django/p1/app/views_frontend.py", line 8109, in system_queue_status
    'active_workers': random.randint(2, 6),
                      ^^^^^^
NameError: name 'random' is not defined. Did you forget to import 'random'?
ERROR 2026-08-01 14:09:12,665 log Internal Server Error: /api/system/cache-status/
Traceback (most recent call last):
  File "/storage/emulated/0/django/p1/app/views_frontend.py", line 8038, in system_cache_status
    hit_rate = cache.get('stats:hit_rate', None)
               ^^^^^
NameError: name 'cache' is not defined

During handling of the above exception, another exception occurred:

Traceback (most recent call last):
  File "/data/data/com.termux/files/usr/lib/python3.13/site-packages/django/core/handlers/exception.py", line 55, in inner
    response = get_response(request)
  File "/data/data/com.termux/files/usr/lib/python3.13/site-packages/django/core/handlers/base.py", line 197, in _get_response
    response = wrapped_callback(request, *callback_args, **callback_kwargs)
  File "/data/data/com.termux/files/usr/lib/python3.13/site-packages/django/contrib/auth/decorators.py", line 59, in _view_wrapper
    return view_func(request, *args, **kwargs)
  File "/storage/emulated/0/django/p1/app/views_frontend.py", line 8061, in system_cache_status
    'hit_rate': random.randint(75, 94),
                ^^^^^^
NameError: name 'random' is not defined. Did you forget to import 'random'?
ERROR 2026-08-01 14:09:17,160 log Internal Server Error: /api/system/cache-status/
Traceback (most recent call last):
  File "/storage/emulated/0/django/p1/app/views_frontend.py", line 8038, in system_cache_status
    hit_rate = cache.get('stats:hit_rate', None)
               ^^^^^
NameError: name 'cache' is not defined

During handling of the above exception, another exception occurred:

Traceback (most recent call last):
  File "/data/data/com.termux/files/usr/lib/python3.13/site-packages/django/core/handlers/exception.py", line 55, in inner
    response = get_response(request)
  File "/data/data/com.termux/files/usr/lib/python3.13/site-packages/django/core/handlers/base.py", line 197, in _get_response
    response = wrapped_callback(request, *callback_args, **callback_kwargs)
  File "/data/data/com.termux/files/usr/lib/python3.13/site-packages/django/contrib/auth/decorators.py", line 59, in _view_wrapper
    return view_func(request, *args, **kwargs)
  File "/storage/emulated/0/django/p1/app/views_frontend.py", line 8061, in system_cache_status
    'hit_rate': random.randint(75, 94),
                ^^^^^^
NameError: name 'random' is not defined. Did you forget to import 'random'?
ERROR 2026-08-01 14:09:17,420 log Internal Server Error: /api/system/queue-status/
Traceback (most recent call last):
  File "/data/data/com.termux/files/usr/lib/python3.13/site-packages/django/core/handlers/exception.py", line 55, in inner
    response = get_response(request)
  File "/data/data/com.termux/files/usr/lib/python3.13/site-packages/django/core/handlers/base.py", line 197, in _get_response
    response = wrapped_callback(request, *callback_args, **callback_kwargs)
  File "/data/data/com.termux/files/usr/lib/python3.13/site-packages/django/contrib/auth/decorators.py", line 59, in _view_wrapper
    return view_func(request, *args, **kwargs)
  File "/storage/emulated/0/django/p1/app/views_frontend.py", line 8109, in system_queue_status
    'active_workers': random.randint(2, 6),
                      ^^^^^^
NameError: name 'random' is not defined. Did you forget to import 'random'?
ERROR 2026-08-01 14:09:25,786 log Internal Server Error: /api/system/cache-status/
Traceback (most recent call last):
  File "/storage/emulated/0/django/p1/app/views_frontend.py", line 8038, in system_cache_status
    hit_rate = cache.get('stats:hit_rate', None)
               ^^^^^
NameError: name 'cache' is not defined

During handling of the above exception, another exception occurred:

Traceback (most recent call last):
  File "/data/data/com.termux/files/usr/lib/python3.13/site-packages/django/core/handlers/exception.py", line 55, in inner
    response = get_response(request)
  File "/data/data/com.termux/files/usr/lib/python3.13/site-packages/django/core/handlers/base.py", line 197, in _get_response
    response = wrapped_callback(request, *callback_args, **callback_kwargs)
  File "/data/data/com.termux/files/usr/lib/python3.13/site-packages/django/contrib/auth/decorators.py", line 59, in _view_wrapper
    return view_func(request, *args, **kwargs)
  File "/storage/emulated/0/django/p1/app/views_frontend.py", line 8061, in system_cache_status
    'hit_rate': random.randint(75, 94),
                ^^^^^^
NameError: name 'random' is not defined. Did you forget to import 'random'?
ERROR 2026-08-01 14:09:26,048 log Internal Server Error: /api/system/queue-status/
Traceback (most recent call last):
  File "/data/data/com.termux/files/usr/lib/python3.13/site-packages/django/core/handlers/exception.py", line 55, in inner
    response = get_response(request)
  File "/data/data/com.termux/files/usr/lib/python3.13/site-packages/django/core/handlers/base.py", line 197, in _get_response
    response = wrapped_callback(request, *callback_args, **callback_kwargs)
  File "/data/data/com.termux/files/usr/lib/python3.13/site-packages/django/contrib/auth/decorators.py", line 59, in _view_wrapper
    return view_func(request, *args, **kwargs)
  File "/storage/emulated/0/django/p1/app/views_frontend.py", line 8109, in system_queue_status
    'active_workers': random.randint(2, 6),
                      ^^^^^^
NameError: name 'random' is not defined. Did you forget to import 'random'?
ERROR 2026-08-01 14:09:46,151 log Internal Server Error: /api/system/queue-status/
Traceback (most recent call last):
  File "/data/data/com.termux/files/usr/lib/python3.13/site-packages/django/core/handlers/exception.py", line 55, in inner
    response = get_response(request)
  File "/data/data/com.termux/files/usr/lib/python3.13/site-packages/django/core/handlers/base.py", line 197, in _get_response
    response = wrapped_callback(request, *callback_args, **callback_kwargs)
  File "/data/data/com.termux/files/usr/lib/python3.13/site-packages/django/contrib/auth/decorators.py", line 59, in _view_wrapper
    return view_func(request, *args, **kwargs)
  File "/storage/emulated/0/django/p1/app/views_frontend.py", line 8109, in system_queue_status
    'active_workers': random.randint(2, 6),
                      ^^^^^^
NameError: name 'random' is not defined. Did you forget to import 'random'?
ERROR 2026-08-01 14:09:46,267 log Internal Server Error: /api/system/cache-status/
Traceback (most recent call last):
  File "/storage/emulated/0/django/p1/app/views_frontend.py", line 8038, in system_cache_status
    hit_rate = cache.get('stats:hit_rate', None)
               ^^^^^
NameError: name 'cache' is not defined

During handling of the above exception, another exception occurred:

Traceback (most recent call last):
  File "/data/data/com.termux/files/usr/lib/python3.13/site-packages/django/core/handlers/exception.py", line 55, in inner
    response = get_response(request)
  File "/data/data/com.termux/files/usr/lib/python3.13/site-packages/django/core/handlers/base.py", line 197, in _get_response
    response = wrapped_callback(request, *callback_args, **callback_kwargs)
  File "/data/data/com.termux/files/usr/lib/python3.13/site-packages/django/contrib/auth/decorators.py", line 59, in _view_wrapper
    return view_func(request, *args, **kwargs)
  File "/storage/emulated/0/django/p1/app/views_frontend.py", line 8061, in system_cache_status
    'hit_rate': random.randint(75, 94),
                ^^^^^^
NameError: name 'random' is not defined. Did you forget to import 'random'?
ERROR 2026-08-01 14:10:52,899 log Internal Server Error: /api/system/cache-status/
Traceback (most recent call last):
  File "/storage/emulated/0/django/p1/app/views_frontend.py", line 8038, in system_cache_status
    hit_rate = cache.get('stats:hit_rate', None)
               ^^^^^
NameError: name 'cache' is not defined

During handling of the above exception, another exception occurred:

Traceback (most recent call last):
  File "/data/data/com.termux/files/usr/lib/python3.13/site-packages/django/core/handlers/exception.py", line 55, in inner
    response = get_response(request)
  File "/data/data/com.termux/files/usr/lib/python3.13/site-packages/django/core/handlers/base.py", line 197, in _get_response
    response = wrapped_callback(request, *callback_args, **callback_kwargs)
  File "/data/data/com.termux/files/usr/lib/python3.13/site-packages/django/contrib/auth/decorators.py", line 59, in _view_wrapper
    return view_func(request, *args, **kwargs)
  File "/storage/emulated/0/django/p1/app/views_frontend.py", line 8061, in system_cache_status
    'hit_rate': random.randint(75, 94),
                ^^^^^^
NameError: name 'random' is not defined. Did you forget to import 'random'?
ERROR 2026-08-01 14:10:53,201 log Internal Server Error: /api/system/queue-status/
Traceback (most recent call last):
  File "/data/data/com.termux/files/usr/lib/python3.13/site-packages/django/core/handlers/exception.py", line 55, in inner
    response = get_response(request)
  File "/data/data/com.termux/files/usr/lib/python3.13/site-packages/django/core/handlers/base.py", line 197, in _get_response
    response = wrapped_callback(request, *callback_args, **callback_kwargs)
  File "/data/data/com.termux/files/usr/lib/python3.13/site-packages/django/contrib/auth/decorators.py", line 59, in _view_wrapper
    return view_func(request, *args, **kwargs)
  File "/storage/emulated/0/django/p1/app/views_frontend.py", line 8109, in system_queue_status
    'active_workers': random.randint(2, 6),
                      ^^^^^^
NameError: name 'random' is not defined. Did you forget to import 'random'?
INFO 2026-08-01 16:37:27,922 apps AXES: BEGIN version 8.3.1, blocking by ip_address
INFO 2026-08-01 16:37:33,301 apps AXES: BEGIN version 8.3.1, blocking by ip_address
INFO 2026-08-01 16:37:33,415 autoreload Watching for file changes with StatReloader
INFO 2026-08-01 17:43:46,300 autoreload /storage/emulated/0/django/p1/app/views_frontend.py changed, reloading.
INFO 2026-08-01 17:43:57,532 apps AXES: BEGIN version 8.3.1, blocking by ip_address
INFO 2026-08-01 17:43:57,746 autoreload Watching for file changes with StatReloader
ERROR 2026-08-01 17:44:43,614 log Internal Server Error: /cash/
Traceback (most recent call last):
  File "/data/data/com.termux/files/usr/lib/python3.13/site-packages/django/core/handlers/exception.py", line 55, in inner
    response = get_response(request)
  File "/data/data/com.termux/files/usr/lib/python3.13/site-packages/django/core/handlers/base.py", line 197, in _get_response
    response = wrapped_callback(request, *callback_args, **callback_kwargs)
  File "/data/data/com.termux/files/usr/lib/python3.13/site-packages/django/contrib/auth/decorators.py", line 59, in _view_wrapper
    return view_func(request, *args, **kwargs)
  File "/storage/emulated/0/django/p1/app/views_frontend.py", line 2756, in cash_dashboard
    from .models import CashTransaction, CashBalance, BalanceDividend, CompanyInfo, Debt, DebtPayment, Expense
ImportError: cannot import name 'DebtPayment' from 'app.models' (/storage/emulated/0/django/p1/app/models.py)
WARNING 2026-08-01 17:44:44,204 log Not Found: /favicon.ico
ERROR 2026-08-01 17:44:53,019 log Internal Server Error: /cash/
Traceback (most recent call last):
  File "/data/data/com.termux/files/usr/lib/python3.13/site-packages/django/core/handlers/exception.py", line 55, in inner
    response = get_response(request)
  File "/data/data/com.termux/files/usr/lib/python3.13/site-packages/django/core/handlers/base.py", line 197, in _get_response
    response = wrapped_callback(request, *callback_args, **callback_kwargs)
  File "/data/data/com.termux/files/usr/lib/python3.13/site-packages/django/contrib/auth/decorators.py", line 59, in _view_wrapper
    return view_func(request, *args, **kwargs)
  File "/storage/emulated/0/django/p1/app/views_frontend.py", line 2756, in cash_dashboard
    from .models import CashTransaction, CashBalance, BalanceDividend, CompanyInfo, Debt, DebtPayment, Expense
ImportError: cannot import name 'DebtPayment' from 'app.models' (/storage/emulated/0/django/p1/app/models.py)
INFO 2026-08-01 17:47:10,828 autoreload /storage/emulated/0/django/p1/app/models.py changed, reloading.
INFO 2026-08-01 17:47:23,401 apps AXES: BEGIN version 8.3.1, blocking by ip_address
INFO 2026-08-01 17:47:23,510 autoreload Watching for file changes with StatReloader
INFO 2026-08-01 17:48:04,342 apps AXES: BEGIN version 8.3.1, blocking by ip_address
INFO 2026-08-01 17:48:25,458 apps AXES: BEGIN version 8.3.1, blocking by ip_address
INFO 2026-08-01 17:48:44,426 apps AXES: BEGIN version 8.3.1, blocking by ip_address
INFO 2026-08-01 17:48:49,904 apps AXES: BEGIN version 8.3.1, blocking by ip_address
INFO 2026-08-01 17:48:50,017 autoreload Watching for file changes with StatReloader
ERROR 2026-08-01 17:49:00,268 log Internal Server Error: /cash/
Traceback (most recent call last):
  File "/data/data/com.termux/files/usr/lib/python3.13/site-packages/django/core/handlers/exception.py", line 55, in inner
    response = get_response(request)
  File "/data/data/com.termux/files/usr/lib/python3.13/site-packages/django/core/handlers/base.py", line 197, in _get_response
    response = wrapped_callback(request, *callback_args, **callback_kwargs)
  File "/data/data/com.termux/files/usr/lib/python3.13/site-packages/django/contrib/auth/decorators.py", line 59, in _view_wrapper
    return view_func(request, *args, **kwargs)
  File "/storage/emulated/0/django/p1/app/views_frontend.py", line 2967, in cash_dashboard
    return render(request, 'cash/dashboard.html', context)
  File "/data/data/com.termux/files/usr/lib/python3.13/site-packages/django/shortcuts.py", line 25, in render
    content = loader.render_to_string(template_name, context, request, using=using)
  File "/data/data/com.termux/files/usr/lib/python3.13/site-packages/django/template/loader.py", line 61, in render_to_string
    template = get_template(template_name, using=using)
  File "/data/data/com.termux/files/usr/lib/python3.13/site-packages/django/template/loader.py", line 15, in get_template
    return engine.get_template(template_name)
           ~~~~~~~~~~~~~~~~~~~^^^^^^^^^^^^^^^
  File "/data/data/com.termux/files/usr/lib/python3.13/site-packages/django/template/backends/django.py", line 79, in get_template
    return Template(self.engine.get_template(template_name), self)
                    ~~~~~~~~~~~~~~~~~~~~~~~~^^^^^^^^^^^^^^^
  File "/data/data/com.termux/files/usr/lib/python3.13/site-packages/django/template/engine.py", line 177, in get_template
    template, origin = self.find_template(template_name)
                       ~~~~~~~~~~~~~~~~~~^^^^^^^^^^^^^^^
  File "/data/data/com.termux/files/usr/lib/python3.13/site-packages/django/template/engine.py", line 159, in find_template
    template = loader.get_template(name, skip=skip)
  File "/data/data/com.termux/files/usr/lib/python3.13/site-packages/django/template/loaders/cached.py", line 57, in get_template
    template = super().get_template(template_name, skip)
  File "/data/data/com.termux/files/usr/lib/python3.13/site-packages/django/template/loaders/base.py", line 28, in get_template
    return Template(
        contents,
    ...<2 lines>...
        self.engine,
    )
  File "/data/data/com.termux/files/usr/lib/python3.13/site-packages/django/template/base.py", line 155, in __init__
    self.nodelist = self.compile_nodelist()
                    ~~~~~~~~~~~~~~~~~~~~~^^
  File "/data/data/com.termux/files/usr/lib/python3.13/site-packages/django/template/base.py", line 197, in compile_nodelist
    nodelist = parser.parse()
  File "/data/data/com.termux/files/usr/lib/python3.13/site-packages/django/template/base.py", line 519, in parse
    raise self.error(token, e)
  File "/data/data/com.termux/files/usr/lib/python3.13/site-packages/django/template/base.py", line 517, in parse
    compiled_result = compile_func(self, token)
  File "/data/data/com.termux/files/usr/lib/python3.13/site-packages/django/template/loader_tags.py", line 299, in do_extends
    nodelist = parser.parse()
  File "/data/data/com.termux/files/usr/lib/python3.13/site-packages/django/template/base.py", line 519, in parse
    raise self.error(token, e)
  File "/data/data/com.termux/files/usr/lib/python3.13/site-packages/django/template/base.py", line 517, in parse
    compiled_result = compile_func(self, token)
  File "/data/data/com.termux/files/usr/lib/python3.13/site-packages/django/template/loader_tags.py", line 234, in do_block
    nodelist = parser.parse(("endblock",))
  File "/data/data/com.termux/files/usr/lib/python3.13/site-packages/django/template/base.py", line 519, in parse
    raise self.error(token, e)
  File "/data/data/com.termux/files/usr/lib/python3.13/site-packages/django/template/base.py", line 517, in parse
    compiled_result = compile_func(self, token)
  File "/data/data/com.termux/files/usr/lib/python3.13/site-packages/django/template/defaulttags.py", line 962, in do_if
    nodelist = parser.parse(("elif", "else", "endif"))
  File "/data/data/com.termux/files/usr/lib/python3.13/site-packages/django/template/base.py", line 519, in parse
    raise self.error(token, e)
  File "/data/data/com.termux/files/usr/lib/python3.13/site-packages/django/template/base.py", line 517, in parse
    compiled_result = compile_func(self, token)
  File "/data/data/com.termux/files/usr/lib/python3.13/site-packages/django/template/defaulttags.py", line 1531, in do_with
    extra_context = token_kwargs(remaining_bits, parser, support_legacy=True)
  File "/data/data/com.termux/files/usr/lib/python3.13/site-packages/django/template/base.py", line 1129, in token_kwargs
    kwargs[key] = parser.compile_filter(value)
                  ~~~~~~~~~~~~~~~~~~~~~^^^^^^^
  File "/data/data/com.termux/files/usr/lib/python3.13/site-packages/django/template/base.py", line 610, in compile_filter
    return FilterExpression(token, self)
  File "/data/data/com.termux/files/usr/lib/python3.13/site-packages/django/template/base.py", line 706, in __init__
    filter_func = parser.find_filter(filter_name)
  File "/data/data/com.termux/files/usr/lib/python3.13/site-packages/django/template/base.py", line 616, in find_filter
    raise TemplateSyntaxError("Invalid filter: '%s'" % filter_name)
django.template.exceptions.TemplateSyntaxError: Invalid filter: 'div'
ERROR 2026-08-01 17:49:02,700 log Internal Server Error: /cash/
Traceback (most recent call last):
  File "/data/data/com.termux/files/usr/lib/python3.13/site-packages/django/core/handlers/exception.py", line 55, in inner
    response = get_response(request)
  File "/data/data/com.termux/files/usr/lib/python3.13/site-packages/django/core/handlers/base.py", line 197, in _get_response
    response = wrapped_callback(request, *callback_args, **callback_kwargs)
  File "/data/data/com.termux/files/usr/lib/python3.13/site-packages/django/contrib/auth/decorators.py", line 59, in _view_wrapper
    return view_func(request, *args, **kwargs)
  File "/storage/emulated/0/django/p1/app/views_frontend.py", line 2967, in cash_dashboard
    return render(request, 'cash/dashboard.html', context)
  File "/data/data/com.termux/files/usr/lib/python3.13/site-packages/django/shortcuts.py", line 25, in render
    content = loader.render_to_string(template_name, context, request, using=using)
  File "/data/data/com.termux/files/usr/lib/python3.13/site-packages/django/template/loader.py", line 61, in render_to_string
    template = get_template(template_name, using=using)
  File "/data/data/com.termux/files/usr/lib/python3.13/site-packages/django/template/loader.py", line 15, in get_template
    return engine.get_template(template_name)
           ~~~~~~~~~~~~~~~~~~~^^^^^^^^^^^^^^^
  File "/data/data/com.termux/files/usr/lib/python3.13/site-packages/django/template/backends/django.py", line 79, in get_template
    return Template(self.engine.get_template(template_name), self)
                    ~~~~~~~~~~~~~~~~~~~~~~~~^^^^^^^^^^^^^^^
  File "/data/data/com.termux/files/usr/lib/python3.13/site-packages/django/template/engine.py", line 177, in get_template
    template, origin = self.find_template(template_name)
                       ~~~~~~~~~~~~~~~~~~^^^^^^^^^^^^^^^
  File "/data/data/com.termux/files/usr/lib/python3.13/site-packages/django/template/engine.py", line 159, in find_template
    template = loader.get_template(name, skip=skip)
  File "/data/data/com.termux/files/usr/lib/python3.13/site-packages/django/template/loaders/cached.py", line 57, in get_template
    template = super().get_template(template_name, skip)
  File "/data/data/com.termux/files/usr/lib/python3.13/site-packages/django/template/loaders/base.py", line 28, in get_template
    return Template(
        contents,
    ...<2 lines>...
        self.engine,
    )
  File "/data/data/com.termux/files/usr/lib/python3.13/site-packages/django/template/base.py", line 155, in __init__
    self.nodelist = self.compile_nodelist()
                    ~~~~~~~~~~~~~~~~~~~~~^^
  File "/data/data/com.termux/files/usr/lib/python3.13/site-packages/django/template/base.py", line 197, in compile_nodelist
    nodelist = parser.parse()
  File "/data/data/com.termux/files/usr/lib/python3.13/site-packages/django/template/base.py", line 519, in parse
    raise self.error(token, e)
  File "/data/data/com.termux/files/usr/lib/python3.13/site-packages/django/template/base.py", line 517, in parse
    compiled_result = compile_func(self, token)
  File "/data/data/com.termux/files/usr/lib/python3.13/site-packages/django/template/loader_tags.py", line 299, in do_extends
    nodelist = parser.parse()
  File "/data/data/com.termux/files/usr/lib/python3.13/site-packages/django/template/base.py", line 519, in parse
    raise self.error(token, e)
  File "/data/data/com.termux/files/usr/lib/python3.13/site-packages/django/template/base.py", line 517, in parse
    compiled_result = compile_func(self, token)
  File "/data/data/com.termux/files/usr/lib/python3.13/site-packages/django/template/loader_tags.py", line 234, in do_block
    nodelist = parser.parse(("endblock",))
  File "/data/data/com.termux/files/usr/lib/python3.13/site-packages/django/template/base.py", line 519, in parse
    raise self.error(token, e)
  File "/data/data/com.termux/files/usr/lib/python3.13/site-packages/django/template/base.py", line 517, in parse
    compiled_result = compile_func(self, token)
  File "/data/data/com.termux/files/usr/lib/python3.13/site-packages/django/template/defaulttags.py", line 962, in do_if
    nodelist = parser.parse(("elif", "else", "endif"))
  File "/data/data/com.termux/files/usr/lib/python3.13/site-packages/django/template/base.py", line 519, in parse
    raise self.error(token, e)
  File "/data/data/com.termux/files/usr/lib/python3.13/site-packages/django/template/base.py", line 517, in parse
    compiled_result = compile_func(self, token)
  File "/data/data/com.termux/files/usr/lib/python3.13/site-packages/django/template/defaulttags.py", line 1531, in do_with
    extra_context = token_kwargs(remaining_bits, parser, support_legacy=True)
  File "/data/data/com.termux/files/usr/lib/python3.13/site-packages/django/template/base.py", line 1129, in token_kwargs
    kwargs[key] = parser.compile_filter(value)
                  ~~~~~~~~~~~~~~~~~~~~~^^^^^^^
  File "/data/data/com.termux/files/usr/lib/python3.13/site-packages/django/template/base.py", line 610, in compile_filter
    return FilterExpression(token, self)
  File "/data/data/com.termux/files/usr/lib/python3.13/site-packages/django/template/base.py", line 706, in __init__
    filter_func = parser.find_filter(filter_name)
  File "/data/data/com.termux/files/usr/lib/python3.13/site-packages/django/template/base.py", line 616, in find_filter
    raise TemplateSyntaxError("Invalid filter: '%s'" % filter_name)
django.template.exceptions.TemplateSyntaxError: Invalid filter: 'div'
ERROR 2026-08-01 17:49:15,366 log Internal Server Error: /cash/
Traceback (most recent call last):
  File "/data/data/com.termux/files/usr/lib/python3.13/site-packages/django/core/handlers/exception.py", line 55, in inner
    response = get_response(request)
  File "/data/data/com.termux/files/usr/lib/python3.13/site-packages/django/core/handlers/base.py", line 197, in _get_response
    response = wrapped_callback(request, *callback_args, **callback_kwargs)
  File "/data/data/com.termux/files/usr/lib/python3.13/site-packages/django/contrib/auth/decorators.py", line 59, in _view_wrapper
    return view_func(request, *args, **kwargs)
  File "/storage/emulated/0/django/p1/app/views_frontend.py", line 2967, in cash_dashboard
    return render(request, 'cash/dashboard.html', context)
  File "/data/data/com.termux/files/usr/lib/python3.13/site-packages/django/shortcuts.py", line 25, in render
    content = loader.render_to_string(template_name, context, request, using=using)
  File "/data/data/com.termux/files/usr/lib/python3.13/site-packages/django/template/loader.py", line 61, in render_to_string
    template = get_template(template_name, using=using)
  File "/data/data/com.termux/files/usr/lib/python3.13/site-packages/django/template/loader.py", line 15, in get_template
    return engine.get_template(template_name)
           ~~~~~~~~~~~~~~~~~~~^^^^^^^^^^^^^^^
  File "/data/data/com.termux/files/usr/lib/python3.13/site-packages/django/template/backends/django.py", line 79, in get_template
    return Template(self.engine.get_template(template_name), self)
                    ~~~~~~~~~~~~~~~~~~~~~~~~^^^^^^^^^^^^^^^
  File "/data/data/com.termux/files/usr/lib/python3.13/site-packages/django/template/engine.py", line 177, in get_template
    template, origin = self.find_template(template_name)
                       ~~~~~~~~~~~~~~~~~~^^^^^^^^^^^^^^^
  File "/data/data/com.termux/files/usr/lib/python3.13/site-packages/django/template/engine.py", line 159, in find_template
    template = loader.get_template(name, skip=skip)
  File "/data/data/com.termux/files/usr/lib/python3.13/site-packages/django/template/loaders/cached.py", line 57, in get_template
    template = super().get_template(template_name, skip)
  File "/data/data/com.termux/files/usr/lib/python3.13/site-packages/django/template/loaders/base.py", line 28, in get_template
    return Template(
        contents,
    ...<2 lines>...
        self.engine,
    )
  File "/data/data/com.termux/files/usr/lib/python3.13/site-packages/django/template/base.py", line 155, in __init__
    self.nodelist = self.compile_nodelist()
                    ~~~~~~~~~~~~~~~~~~~~~^^
  File "/data/data/com.termux/files/usr/lib/python3.13/site-packages/django/template/base.py", line 197, in compile_nodelist
    nodelist = parser.parse()
  File "/data/data/com.termux/files/usr/lib/python3.13/site-packages/django/template/base.py", line 519, in parse
    raise self.error(token, e)
  File "/data/data/com.termux/files/usr/lib/python3.13/site-packages/django/template/base.py", line 517, in parse
    compiled_result = compile_func(self, token)
  File "/data/data/com.termux/files/usr/lib/python3.13/site-packages/django/template/loader_tags.py", line 299, in do_extends
    nodelist = parser.parse()
  File "/data/data/com.termux/files/usr/lib/python3.13/site-packages/django/template/base.py", line 519, in parse
    raise self.error(token, e)
  File "/data/data/com.termux/files/usr/lib/python3.13/site-packages/django/template/base.py", line 517, in parse
    compiled_result = compile_func(self, token)
  File "/data/data/com.termux/files/usr/lib/python3.13/site-packages/django/template/loader_tags.py", line 234, in do_block
    nodelist = parser.parse(("endblock",))
  File "/data/data/com.termux/files/usr/lib/python3.13/site-packages/django/template/base.py", line 519, in parse
    raise self.error(token, e)
  File "/data/data/com.termux/files/usr/lib/python3.13/site-packages/django/template/base.py", line 517, in parse
    compiled_result = compile_func(self, token)
  File "/data/data/com.termux/files/usr/lib/python3.13/site-packages/django/template/defaulttags.py", line 962, in do_if
    nodelist = parser.parse(("elif", "else", "endif"))
  File "/data/data/com.termux/files/usr/lib/python3.13/site-packages/django/template/base.py", line 519, in parse
    raise self.error(token, e)
  File "/data/data/com.termux/files/usr/lib/python3.13/site-packages/django/template/base.py", line 517, in parse
    compiled_result = compile_func(self, token)
  File "/data/data/com.termux/files/usr/lib/python3.13/site-packages/django/template/defaulttags.py", line 1531, in do_with
    extra_context = token_kwargs(remaining_bits, parser, support_legacy=True)
  File "/data/data/com.termux/files/usr/lib/python3.13/site-packages/django/template/base.py", line 1129, in token_kwargs
    kwargs[key] = parser.compile_filter(value)
                  ~~~~~~~~~~~~~~~~~~~~~^^^^^^^
  File "/data/data/com.termux/files/usr/lib/python3.13/site-packages/django/template/base.py", line 610, in compile_filter
    return FilterExpression(token, self)
  File "/data/data/com.termux/files/usr/lib/python3.13/site-packages/django/template/base.py", line 706, in __init__
    filter_func = parser.find_filter(filter_name)
  File "/data/data/com.termux/files/usr/lib/python3.13/site-packages/django/template/base.py", line 616, in find_filter
    raise TemplateSyntaxError("Invalid filter: '%s'" % filter_name)
django.template.exceptions.TemplateSyntaxError: Invalid filter: 'div'
INFO 2026-08-01 18:02:40,401 autoreload /storage/emulated/0/django/p1/app/views_frontend.py changed, reloading.
INFO 2026-08-01 18:02:48,933 apps AXES: BEGIN version 8.3.1, blocking by ip_address
INFO 2026-08-01 18:02:49,079 autoreload Watching for file changes with StatReloader
INFO 2026-08-01 18:29:57,542 apps AXES: BEGIN version 8.3.1, blocking by ip_address
INFO 2026-08-01 18:30:02,536 apps AXES: BEGIN version 8.3.1, blocking by ip_address
INFO 2026-08-01 18:30:02,651 autoreload Watching for file changes with StatReloader
INFO 2026-08-01 19:15:31,135 autoreload /storage/emulated/0/django/p1/app/views_frontend.py changed, reloading.
INFO 2026-08-01 19:15:42,095 apps AXES: BEGIN version 8.3.1, blocking by ip_address
INFO 2026-08-01 19:15:42,249 autoreload Watching for file changes with StatReloader
INFO 2026-08-01 19:31:20,645 autoreload /storage/emulated/0/django/p1/app/views_frontend.py changed, reloading.
INFO 2026-08-01 19:31:32,253 apps AXES: BEGIN version 8.3.1, blocking by ip_address
INFO 2026-08-01 19:31:32,477 autoreload Watching for file changes with StatReloader
INFO 2026-08-01 19:33:09,749 autoreload /storage/emulated/0/django/p1/app/views_frontend.py changed, reloading.
INFO 2026-08-01 19:33:17,271 apps AXES: BEGIN version 8.3.1, blocking by ip_address
INFO 2026-08-01 19:33:17,400 autoreload Watching for file changes with StatReloader
INFO 2026-08-01 19:38:51,096 autoreload /storage/emulated/0/django/p1/app/views_frontend.py changed, reloading.
INFO 2026-08-01 19:39:00,914 apps AXES: BEGIN version 8.3.1, blocking by ip_address
INFO 2026-08-01 19:39:01,044 autoreload Watching for file changes with StatReloader
INFO 2026-08-01 19:43:11,497 autoreload /storage/emulated/0/django/p1/app/views_frontend.py changed, reloading.
INFO 2026-08-01 19:43:19,143 apps AXES: BEGIN version 8.3.1, blocking by ip_address
INFO 2026-08-01 19:43:19,287 autoreload Watching for file changes with StatReloader
INFO 2026-08-01 19:47:37,324 autoreload /storage/emulated/0/django/p1/app/views_frontend.py changed, reloading.
INFO 2026-08-01 19:47:46,681 apps AXES: BEGIN version 8.3.1, blocking by ip_address
INFO 2026-08-01 19:47:46,820 autoreload Watching for file changes with StatReloader
INFO 2026-08-01 19:54:07,223 autoreload /storage/emulated/0/django/p1/app/views_frontend.py changed, reloading.
INFO 2026-08-01 19:54:21,724 apps AXES: BEGIN version 8.3.1, blocking by ip_address
INFO 2026-08-01 19:54:22,012 autoreload Watching for file changes with StatReloader
INFO 2026-08-01 21:02:09,481 apps AXES: BEGIN version 8.3.1, blocking by ip_address
INFO 2026-08-01 21:02:49,168 apps AXES: BEGIN version 8.3.1, blocking by ip_address
INFO 2026-08-01 21:03:06,465 apps AXES: BEGIN version 8.3.1, blocking by ip_address
INFO 2026-08-01 21:03:13,346 apps AXES: BEGIN version 8.3.1, blocking by ip_address
INFO 2026-08-01 21:03:13,459 autoreload Watching for file changes with StatReloader
INFO 2026-08-01 23:20:57,386 apps AXES: BEGIN version 8.3.1, blocking by ip_address
INFO 2026-08-01 23:21:30,415 apps AXES: BEGIN version 8.3.1, blocking by ip_address
INFO 2026-08-01 23:21:52,485 apps AXES: BEGIN version 8.3.1, blocking by ip_address
INFO 2026-08-01 23:21:57,450 apps AXES: BEGIN version 8.3.1, blocking by ip_address
INFO 2026-08-01 23:21:57,565 autoreload Watching for file changes with StatReloader
INFO 2026-08-01 23:26:17,050 autoreload /storage/emulated/0/django/p1/app/views_frontend.py changed, reloading.
INFO 2026-08-01 23:26:25,505 apps AXES: BEGIN version 8.3.1, blocking by ip_address
INFO 2026-08-01 23:26:25,638 autoreload Watching for file changes with StatReloader
INFO 2026-08-01 23:31:43,035 autoreload /storage/emulated/0/django/p1/app/views_frontend.py changed, reloading.
INFO 2026-08-01 23:31:51,374 apps AXES: BEGIN version 8.3.1, blocking by ip_address
INFO 2026-08-01 23:31:51,516 autoreload Watching for file changes with StatReloader
INFO 2026-08-01 23:37:22,526 autoreload /storage/emulated/0/django/p1/app/views_frontend.py changed, reloading.
INFO 2026-08-01 23:37:29,980 apps AXES: BEGIN version 8.3.1, blocking by ip_address
INFO 2026-08-01 23:37:30,113 autoreload Watching for file changes with StatReloader
INFO 2026-08-01 23:45:43,003 autoreload /storage/emulated/0/django/p1/app/views_frontend.py changed, reloading.
INFO 2026-08-01 23:45:52,625 apps AXES: BEGIN version 8.3.1, blocking by ip_address
INFO 2026-08-01 23:45:52,805 autoreload Watching for file changes with StatReloader
INFO 2026-08-01 23:54:16,237 autoreload /storage/emulated/0/django/p1/app/views_frontend.py changed, reloading.
INFO 2026-08-01 23:54:27,864 apps AXES: BEGIN version 8.3.1, blocking by ip_address
INFO 2026-08-01 23:54:28,071 autoreload Watching for file changes with StatReloader
INFO 2026-08-02 00:18:02,498 autoreload /storage/emulated/0/django/p1/app/views_frontend.py changed, reloading.
INFO 2026-08-02 00:18:14,129 apps AXES: BEGIN version 8.3.1, blocking by ip_address
INFO 2026-08-02 00:18:14,353 autoreload Watching for file changes with StatReloader
ERROR 2026-08-02 00:18:32,715 log Internal Server Error: /loans/
Traceback (most recent call last):
  File "/data/data/com.termux/files/usr/lib/python3.13/site-packages/django/core/handlers/exception.py", line 55, in inner
    response = get_response(request)
  File "/data/data/com.termux/files/usr/lib/python3.13/site-packages/django/core/handlers/base.py", line 204, in _get_response
    self.check_response(response, callback)
    ~~~~~~~~~~~~~~~~~~~^^^^^^^^^^^^^^^^^^^^
  File "/data/data/com.termux/files/usr/lib/python3.13/site-packages/django/core/handlers/base.py", line 332, in check_response
    raise ValueError(
    ...<2 lines>...
    )
ValueError: The view app.views_frontend.loan_list didn't return an HttpResponse object. It returned None instead.
WARNING 2026-08-02 00:18:33,195 log Not Found: /favicon.ico
INFO 2026-08-02 00:19:44,021 autoreload /storage/emulated/0/django/p1/app/views_frontend.py changed, reloading.
INFO 2026-08-02 00:19:52,234 apps AXES: BEGIN version 8.3.1, blocking by ip_address
INFO 2026-08-02 00:19:52,366 autoreload Watching for file changes with StatReloader
INFO 2026-08-02 00:23:54,637 apps AXES: BEGIN version 8.3.1, blocking by ip_address
INFO 2026-08-02 00:24:28,434 apps AXES: BEGIN version 8.3.1, blocking by ip_address
INFO 2026-08-02 00:24:58,824 apps AXES: BEGIN version 8.3.1, blocking by ip_address
INFO 2026-08-02 00:25:03,747 apps AXES: BEGIN version 8.3.1, blocking by ip_address
INFO 2026-08-02 00:25:03,842 autoreload Watching for file changes with StatReloader
WARNING 2026-08-02 00:25:14,688 log Not Found: /favicon.ico
INFO 2026-08-02 00:25:30,490 database AXES: Successful login by {username: "********************", ip_address: "********************", user_agent: "Mozilla/5.0 (Linux; Android 10; K) AppleWebKit/537.36 (KHTML, like Gecko) Chrome/150.0.0.0 Mobile Safari/537.36", path_info: "/login/"}.
INFO 2026-08-02 00:25:30,511 database AXES: Cleaned up 0 expired access attempts from database that were older than 2026-08-01 18:25:29.429951+00:00
INFO 2026-08-02 00:48:05,953 autoreload /storage/emulated/0/django/p1/app/views_frontend.py changed, reloading.
INFO 2026-08-02 00:48:16,959 apps AXES: BEGIN version 8.3.1, blocking by ip_address
INFO 2026-08-02 00:48:17,139 autoreload Watching for file changes with StatReloader
INFO 2026-08-02 00:48:45,811 autoreload /storage/emulated/0/django/p1/app/urls.py changed, reloading.
INFO 2026-08-02 00:48:55,442 apps AXES: BEGIN version 8.3.1, blocking by ip_address
INFO 2026-08-02 00:48:55,562 autoreload Watching for file changes with StatReloader
INFO 2026-08-02 06:57:16,285 apps AXES: BEGIN version 8.3.1, blocking by ip_address
INFO 2026-08-02 06:57:22,100 apps AXES: BEGIN version 8.3.1, blocking by ip_address
INFO 2026-08-02 06:57:22,228 autoreload Watching for file changes with StatReloader
ERROR 2026-08-02 06:57:53,641 log Internal Server Error: /api/system/cache-status/
Traceback (most recent call last):
  File "/storage/emulated/0/django/p1/app/views_frontend.py", line 8039, in system_cache_status
    hit_rate = cache.get('stats:hit_rate', None)
               ^^^^^
NameError: name 'cache' is not defined

During handling of the above exception, another exception occurred:

Traceback (most recent call last):
  File "/data/data/com.termux/files/usr/lib/python3.13/site-packages/django/core/handlers/exception.py", line 55, in inner
    response = get_response(request)
  File "/data/data/com.termux/files/usr/lib/python3.13/site-packages/django/core/handlers/base.py", line 197, in _get_response
    response = wrapped_callback(request, *callback_args, **callback_kwargs)
  File "/data/data/com.termux/files/usr/lib/python3.13/site-packages/django/contrib/auth/decorators.py", line 59, in _view_wrapper
    return view_func(request, *args, **kwargs)
  File "/storage/emulated/0/django/p1/app/views_frontend.py", line 8062, in system_cache_status
    'hit_rate': random.randint(75, 94),
                ^^^^^^
NameError: name 'random' is not defined. Did you forget to import 'random'?
ERROR 2026-08-02 06:57:53,663 log Internal Server Error: /api/system/queue-status/
Traceback (most recent call last):
  File "/data/data/com.termux/files/usr/lib/python3.13/site-packages/django/core/handlers/exception.py", line 55, in inner
    response = get_response(request)
  File "/data/data/com.termux/files/usr/lib/python3.13/site-packages/django/core/handlers/base.py", line 197, in _get_response
    response = wrapped_callback(request, *callback_args, **callback_kwargs)
  File "/data/data/com.termux/files/usr/lib/python3.13/site-packages/django/contrib/auth/decorators.py", line 59, in _view_wrapper
    return view_func(request, *args, **kwargs)
  File "/storage/emulated/0/django/p1/app/views_frontend.py", line 8110, in system_queue_status
    'active_workers': random.randint(2, 6),
                      ^^^^^^
NameError: name 'random' is not defined. Did you forget to import 'random'?
INFO 2026-08-02 07:12:16,423 autoreload /storage/emulated/0/django/p1/app/views_frontend.py changed, reloading.
INFO 2026-08-02 07:12:27,987 apps AXES: BEGIN version 8.3.1, blocking by ip_address
INFO 2026-08-02 07:12:28,165 autoreload Watching for file changes with StatReloader
INFO 2026-08-02 07:13:16,729 autoreload /storage/emulated/0/django/p1/app/urls.py changed, reloading.
INFO 2026-08-02 07:13:25,307 apps AXES: BEGIN version 8.3.1, blocking by ip_address
INFO 2026-08-02 07:13:25,438 autoreload Watching for file changes with StatReloader
INFO 2026-08-02 07:27:41,081 autoreload /storage/emulated/0/django/p1/app/views_frontend.py changed, reloading.
INFO 2026-08-02 07:27:52,111 apps AXES: BEGIN version 8.3.1, blocking by ip_address
INFO 2026-08-02 07:27:52,295 autoreload Watching for file changes with StatReloader
INFO 2026-08-02 07:33:16,316 autoreload /storage/emulated/0/django/p1/app/views_frontend.py changed, reloading.
INFO 2026-08-02 07:33:24,624 apps AXES: BEGIN version 8.3.1, blocking by ip_address
INFO 2026-08-02 07:33:24,735 autoreload Watching for file changes with StatReloader
INFO 2026-08-02 07:44:12,319 autoreload /storage/emulated/0/django/p1/app/views_frontend.py changed, reloading.
INFO 2026-08-02 07:44:21,023 apps AXES: BEGIN version 8.3.1, blocking by ip_address
INFO 2026-08-02 07:44:21,188 autoreload Watching for file changes with StatReloader
INFO 2026-08-02 07:46:29,893 autoreload /storage/emulated/0/django/p1/app/views_frontend.py changed, reloading.
INFO 2026-08-02 07:46:39,018 apps AXES: BEGIN version 8.3.1, blocking by ip_address
INFO 2026-08-02 07:46:39,131 autoreload Watching for file changes with StatReloader
INFO 2026-08-02 07:55:49,751 autoreload /storage/emulated/0/django/p1/app/views_frontend.py changed, reloading.
INFO 2026-08-02 07:55:57,898 apps AXES: BEGIN version 8.3.1, blocking by ip_address
INFO 2026-08-02 07:55:58,031 autoreload Watching for file changes with StatReloader
INFO 2026-08-02 07:57:44,392 autoreload /storage/emulated/0/django/p1/app/views_frontend.py changed, reloading.
INFO 2026-08-02 07:57:52,971 apps AXES: BEGIN version 8.3.1, blocking by ip_address
INFO 2026-08-02 07:57:53,100 autoreload Watching for file changes with StatReloader
INFO 2026-08-02 07:59:01,382 autoreload /storage/emulated/0/django/p1/app/views_frontend.py changed, reloading.
INFO 2026-08-02 07:59:10,630 apps AXES: BEGIN version 8.3.1, blocking by ip_address
INFO 2026-08-02 07:59:10,759 autoreload Watching for file changes with StatReloader
INFO 2026-08-02 09:51:47,799 apps AXES: BEGIN version 8.3.1, blocking by ip_address
INFO 2026-08-02 09:51:52,628 apps AXES: BEGIN version 8.3.1, blocking by ip_address
INFO 2026-08-02 09:51:52,757 autoreload Watching for file changes with StatReloader
WARNING 2026-08-02 09:52:06,196 log Not Found: /favicon.ico
INFO 2026-08-02 09:52:11,519 database AXES: Successful login by {username: "********************", ip_address: "********************", user_agent: "Mozilla/5.0 (Linux; Android 10; K) AppleWebKit/537.36 (KHTML, like Gecko) Chrome/150.0.0.0 Mobile Safari/537.36", path_info: "/login/"}.
INFO 2026-08-02 09:52:11,533 database AXES: Cleaned up 0 expired access attempts from database that were older than 2026-08-02 03:52:10.423299+00:00
ERROR 2026-08-02 09:52:16,542 log Internal Server Error: /api/system/queue-status/
Traceback (most recent call last):
  File "/data/data/com.termux/files/usr/lib/python3.13/site-packages/django/core/handlers/exception.py", line 55, in inner
    response = get_response(request)
  File "/data/data/com.termux/files/usr/lib/python3.13/site-packages/django/core/handlers/base.py", line 197, in _get_response
    response = wrapped_callback(request, *callback_args, **callback_kwargs)
  File "/data/data/com.termux/files/usr/lib/python3.13/site-packages/django/contrib/auth/decorators.py", line 59, in _view_wrapper
    return view_func(request, *args, **kwargs)
  File "/storage/emulated/0/django/p1/app/views_frontend.py", line 8110, in system_queue_status
    'active_workers': random.randint(2, 6),
                      ^^^^^^
NameError: name 'random' is not defined. Did you forget to import 'random'?
ERROR 2026-08-02 09:52:16,651 log Internal Server Error: /api/system/cache-status/
Traceback (most recent call last):
  File "/storage/emulated/0/django/p1/app/views_frontend.py", line 8039, in system_cache_status
    hit_rate = cache.get('stats:hit_rate', None)
               ^^^^^
NameError: name 'cache' is not defined

During handling of the above exception, another exception occurred:

Traceback (most recent call last):
  File "/data/data/com.termux/files/usr/lib/python3.13/site-packages/django/core/handlers/exception.py", line 55, in inner
    response = get_response(request)
  File "/data/data/com.termux/files/usr/lib/python3.13/site-packages/django/core/handlers/base.py", line 197, in _get_response
    response = wrapped_callback(request, *callback_args, **callback_kwargs)
  File "/data/data/com.termux/files/usr/lib/python3.13/site-packages/django/contrib/auth/decorators.py", line 59, in _view_wrapper
    return view_func(request, *args, **kwargs)
  File "/storage/emulated/0/django/p1/app/views_frontend.py", line 8062, in system_cache_status
    'hit_rate': random.randint(75, 94),
                ^^^^^^
NameError: name 'random' is not defined. Did you forget to import 'random'?
INFO 2026-08-02 09:53:33,728 apps AXES: BEGIN version 8.3.1, blocking by ip_address
INFO 2026-08-02 09:54:01,309 apps AXES: BEGIN version 8.3.1, blocking by ip_address
INFO 2026-08-02 09:54:30,386 apps AXES: BEGIN version 8.3.1, blocking by ip_address
INFO 2026-08-02 09:54:35,310 apps AXES: BEGIN version 8.3.1, blocking by ip_address
INFO 2026-08-02 09:54:35,431 autoreload Watching for file changes with StatReloader
INFO 2026-08-02 09:55:00,438 database AXES: Successful login by {username: "********************", ip_address: "********************", user_agent: "Mozilla/5.0 (Linux; Android 10; K) AppleWebKit/537.36 (KHTML, like Gecko) Chrome/150.0.0.0 Mobile Safari/537.36", path_info: "/login/"}.
INFO 2026-08-02 09:55:00,455 database AXES: Cleaned up 0 expired access attempts from database that were older than 2026-08-02 03:54:59.347855+00:00
INFO 2026-08-02 10:01:40,435 autoreload /storage/emulated/0/django/p1/app/views_frontend.py changed, reloading.
INFO 2026-08-02 10:01:51,553 apps AXES: BEGIN version 8.3.1, blocking by ip_address
INFO 2026-08-02 10:01:51,758 autoreload Watching for file changes with StatReloader
INFO 2026-08-02 10:07:35,080 autoreload /storage/emulated/0/django/p1/app/views_frontend.py changed, reloading.
INFO 2026-08-02 10:07:43,968 apps AXES: BEGIN version 8.3.1, blocking by ip_address
INFO 2026-08-02 10:07:44,106 autoreload Watching for file changes with StatReloader
ERROR 2026-08-02 10:11:55,551 log Internal Server Error: /api/system/cache-status/
Traceback (most recent call last):
  File "/storage/emulated/0/django/p1/app/views_frontend.py", line 8041, in system_cache_status
    hit_rate = cache.get('stats:hit_rate', None)
               ^^^^^
NameError: name 'cache' is not defined

During handling of the above exception, another exception occurred:

Traceback (most recent call last):
  File "/data/data/com.termux/files/usr/lib/python3.13/site-packages/django/core/handlers/exception.py", line 55, in inner
    response = get_response(request)
  File "/data/data/com.termux/files/usr/lib/python3.13/site-packages/django/core/handlers/base.py", line 197, in _get_response
    response = wrapped_callback(request, *callback_args, **callback_kwargs)
  File "/data/data/com.termux/files/usr/lib/python3.13/site-packages/django/contrib/auth/decorators.py", line 59, in _view_wrapper
    return view_func(request, *args, **kwargs)
  File "/storage/emulated/0/django/p1/app/views_frontend.py", line 8064, in system_cache_status
    'hit_rate': random.randint(75, 94),
                ^^^^^^
NameError: name 'random' is not defined. Did you forget to import 'random'?
ERROR 2026-08-02 10:11:55,558 log Internal Server Error: /api/system/queue-status/
Traceback (most recent call last):
  File "/data/data/com.termux/files/usr/lib/python3.13/site-packages/django/core/handlers/exception.py", line 55, in inner
    response = get_response(request)
  File "/data/data/com.termux/files/usr/lib/python3.13/site-packages/django/core/handlers/base.py", line 197, in _get_response
    response = wrapped_callback(request, *callback_args, **callback_kwargs)
  File "/data/data/com.termux/files/usr/lib/python3.13/site-packages/django/contrib/auth/decorators.py", line 59, in _view_wrapper
    return view_func(request, *args, **kwargs)
  File "/storage/emulated/0/django/p1/app/views_frontend.py", line 8112, in system_queue_status
    'active_workers': random.randint(2, 6),
                      ^^^^^^
NameError: name 'random' is not defined. Did you forget to import 'random'?
WARNING 2026-08-02 10:14:29,651 log Not Found: /backup/rclone-status/
INFO 2026-08-03 07:15:42,090 apps AXES: BEGIN version 8.3.1, blocking by ip_address
INFO 2026-08-03 07:15:46,755 apps AXES: BEGIN version 8.3.1, blocking by ip_address
INFO 2026-08-03 07:15:46,859 autoreload Watching for file changes with StatReloader
ERROR 2026-08-03 07:17:38,080 log Internal Server Error: /api/system/cache-status/
Traceback (most recent call last):
  File "/storage/emulated/0/django/p1/app/views_frontend.py", line 8041, in system_cache_status
    hit_rate = cache.get('stats:hit_rate', None)
               ^^^^^
NameError: name 'cache' is not defined

During handling of the above exception, another exception occurred:

Traceback (most recent call last):
  File "/data/data/com.termux/files/usr/lib/python3.13/site-packages/django/core/handlers/exception.py", line 55, in inner
    response = get_response(request)
  File "/data/data/com.termux/files/usr/lib/python3.13/site-packages/django/core/handlers/base.py", line 197, in _get_response
    response = wrapped_callback(request, *callback_args, **callback_kwargs)
  File "/data/data/com.termux/files/usr/lib/python3.13/site-packages/django/contrib/auth/decorators.py", line 59, in _view_wrapper
    return view_func(request, *args, **kwargs)
  File "/storage/emulated/0/django/p1/app/views_frontend.py", line 8064, in system_cache_status
    'hit_rate': random.randint(75, 94),
                ^^^^^^
NameError: name 'random' is not defined. Did you forget to import 'random'?
ERROR 2026-08-03 07:17:38,164 log Internal Server Error: /api/system/queue-status/
Traceback (most recent call last):
  File "/data/data/com.termux/files/usr/lib/python3.13/site-packages/django/core/handlers/exception.py", line 55, in inner
    response = get_response(request)
  File "/data/data/com.termux/files/usr/lib/python3.13/site-packages/django/core/handlers/base.py", line 197, in _get_response
    response = wrapped_callback(request, *callback_args, **callback_kwargs)
  File "/data/data/com.termux/files/usr/lib/python3.13/site-packages/django/contrib/auth/decorators.py", line 59, in _view_wrapper
    return view_func(request, *args, **kwargs)
  File "/storage/emulated/0/django/p1/app/views_frontend.py", line 8112, in system_queue_status
    'active_workers': random.randint(2, 6),
                      ^^^^^^
NameError: name 'random' is not defined. Did you forget to import 'random'?
INFO 2026-08-03 09:33:23,466 apps AXES: BEGIN version 8.3.1, blocking by ip_address
INFO 2026-08-03 09:33:28,684 apps AXES: BEGIN version 8.3.1, blocking by ip_address
INFO 2026-08-03 09:33:28,798 autoreload Watching for file changes with StatReloader
INFO 2026-08-03 14:19:10,732 apps AXES: BEGIN version 8.3.1, blocking by ip_address
INFO 2026-08-03 14:19:16,732 apps AXES: BEGIN version 8.3.1, blocking by ip_address
INFO 2026-08-03 14:19:16,855 autoreload Watching for file changes with StatReloader
INFO 2026-08-03 14:21:12,446 autoreload /storage/emulated/0/django/p1/app/models.py changed, reloading.
INFO 2026-08-03 14:21:27,041 apps AXES: BEGIN version 8.3.1, blocking by ip_address
INFO 2026-08-03 14:21:27,133 autoreload Watching for file changes with StatReloader
INFO 2026-08-03 14:23:51,615 autoreload /storage/emulated/0/django/p1/app/models.py changed, reloading.
INFO 2026-08-03 14:24:03,045 apps AXES: BEGIN version 8.3.1, blocking by ip_address
INFO 2026-08-03 14:24:03,116 autoreload Watching for file changes with StatReloader
INFO 2026-08-03 14:25:03,834 autoreload /storage/emulated/0/django/p1/app/views_frontend.py changed, reloading.
INFO 2026-08-03 14:25:12,645 apps AXES: BEGIN version 8.3.1, blocking by ip_address
INFO 2026-08-03 14:25:12,732 autoreload Watching for file changes with StatReloader
INFO 2026-08-03 14:26:48,328 autoreload /storage/emulated/0/django/p1/app/templatetags/custom_filters.py changed, reloading.
INFO 2026-08-03 14:26:56,605 apps AXES: BEGIN version 8.3.1, blocking by ip_address
INFO 2026-08-03 14:26:56,682 autoreload Watching for file changes with StatReloader
INFO 2026-08-03 14:28:25,355 apps AXES: BEGIN version 8.3.1, blocking by ip_address
INFO 2026-08-03 14:28:36,411 apps AXES: BEGIN version 8.3.1, blocking by ip_address
INFO 2026-08-03 14:29:00,571 apps AXES: BEGIN version 8.3.1, blocking by ip_address
INFO 2026-08-03 14:29:05,830 apps AXES: BEGIN version 8.3.1, blocking by ip_address
INFO 2026-08-03 14:29:05,904 autoreload Watching for file changes with StatReloader
ERROR 2026-08-03 14:31:12,660 log Internal Server Error: /api/system/queue-status/
Traceback (most recent call last):
  File "/data/data/com.termux/files/usr/lib/python3.13/site-packages/django/core/handlers/exception.py", line 55, in inner
    response = get_response(request)
  File "/data/data/com.termux/files/usr/lib/python3.13/site-packages/django/core/handlers/base.py", line 197, in _get_response
    response = wrapped_callback(request, *callback_args, **callback_kwargs)
  File "/data/data/com.termux/files/usr/lib/python3.13/site-packages/django/contrib/auth/decorators.py", line 59, in _view_wrapper
    return view_func(request, *args, **kwargs)
  File "/storage/emulated/0/django/p1/app/views_frontend.py", line 8146, in system_queue_status
    'active_workers': random.randint(2, 6),
                      ^^^^^^
NameError: name 'random' is not defined. Did you forget to import 'random'?
ERROR 2026-08-03 14:31:12,684 log Internal Server Error: /api/system/cache-status/
Traceback (most recent call last):
  File "/storage/emulated/0/django/p1/app/views_frontend.py", line 8075, in system_cache_status
    hit_rate = cache.get('stats:hit_rate', None)
               ^^^^^
NameError: name 'cache' is not defined

During handling of the above exception, another exception occurred:

Traceback (most recent call last):
  File "/data/data/com.termux/files/usr/lib/python3.13/site-packages/django/core/handlers/exception.py", line 55, in inner
    response = get_response(request)
  File "/data/data/com.termux/files/usr/lib/python3.13/site-packages/django/core/handlers/base.py", line 197, in _get_response
    response = wrapped_callback(request, *callback_args, **callback_kwargs)
  File "/data/data/com.termux/files/usr/lib/python3.13/site-packages/django/contrib/auth/decorators.py", line 59, in _view_wrapper
    return view_func(request, *args, **kwargs)
  File "/storage/emulated/0/django/p1/app/views_frontend.py", line 8098, in system_cache_status
    'hit_rate': random.randint(75, 94),
                ^^^^^^
NameError: name 'random' is not defined. Did you forget to import 'random'?
INFO 2026-08-03 15:08:32,882 apps AXES: BEGIN version 8.3.1, blocking by ip_address
INFO 2026-08-03 15:08:38,933 apps AXES: BEGIN version 8.3.1, blocking by ip_address
INFO 2026-08-03 15:08:39,021 autoreload Watching for file changes with StatReloader
INFO 2026-08-03 15:16:08,679 autoreload /storage/emulated/0/django/p1/app/models.py changed, reloading.
INFO 2026-08-03 15:16:22,039 apps AXES: BEGIN version 8.3.1, blocking by ip_address
INFO 2026-08-03 15:16:22,205 autoreload Watching for file changes with StatReloader
INFO 2026-08-03 15:16:49,056 autoreload /storage/emulated/0/django/p1/app/views_frontend.py changed, reloading.
INFO 2026-08-03 15:16:57,937 apps AXES: BEGIN version 8.3.1, blocking by ip_address
INFO 2026-08-03 15:16:58,105 autoreload Watching for file changes with StatReloader
INFO 2026-08-03 15:18:23,084 autoreload /storage/emulated/0/django/p1/app/urls.py changed, reloading.
INFO 2026-08-03 15:18:30,659 apps AXES: BEGIN version 8.3.1, blocking by ip_address
INFO 2026-08-03 15:18:30,802 autoreload Watching for file changes with StatReloader
INFO 2026-08-03 15:30:12,678 apps AXES: BEGIN version 8.3.1, blocking by ip_address
INFO 2026-08-03 15:30:25,364 apps AXES: BEGIN version 8.3.1, blocking by ip_address
INFO 2026-08-03 15:30:50,948 apps AXES: BEGIN version 8.3.1, blocking by ip_address
INFO 2026-08-03 15:30:55,820 apps AXES: BEGIN version 8.3.1, blocking by ip_address
INFO 2026-08-03 15:30:55,932 autoreload Watching for file changes with StatReloader
INFO 2026-08-03 16:31:13,872 apps AXES: BEGIN version 8.3.1, blocking by ip_address
INFO 2026-08-03 16:31:19,176 apps AXES: BEGIN version 8.3.1, blocking by ip_address
INFO 2026-08-03 16:31:19,293 autoreload Watching for file changes with StatReloader
INFO 2026-08-04 11:24:34,015 apps AXES: BEGIN version 8.3.1, blocking by ip_address
INFO 2026-08-04 11:24:40,641 apps AXES: BEGIN version 8.3.1, blocking by ip_address
INFO 2026-08-04 11:24:40,731 autoreload Watching for file changes with StatReloader
ERROR 2026-08-04 11:25:05,479 log Internal Server Error: /api/system/cache-status/
Traceback (most recent call last):
  File "/storage/emulated/0/django/p1/app/views_frontend.py", line 8075, in system_cache_status
    hit_rate = cache.get('stats:hit_rate', None)
               ^^^^^
NameError: name 'cache' is not defined

During handling of the above exception, another exception occurred:

Traceback (most recent call last):
  File "/data/data/com.termux/files/usr/lib/python3.13/site-packages/django/core/handlers/exception.py", line 55, in inner
    response = get_response(request)
  File "/data/data/com.termux/files/usr/lib/python3.13/site-packages/django/core/handlers/base.py", line 197, in _get_response
    response = wrapped_callback(request, *callback_args, **callback_kwargs)
  File "/data/data/com.termux/files/usr/lib/python3.13/site-packages/django/contrib/auth/decorators.py", line 59, in _view_wrapper
    return view_func(request, *args, **kwargs)
  File "/storage/emulated/0/django/p1/app/views_frontend.py", line 8098, in system_cache_status
    'hit_rate': random.randint(75, 94),
                ^^^^^^
NameError: name 'random' is not defined. Did you forget to import 'random'?
ERROR 2026-08-04 11:25:05,482 log Internal Server Error: /api/system/queue-status/
Traceback (most recent call last):
  File "/data/data/com.termux/files/usr/lib/python3.13/site-packages/django/core/handlers/exception.py", line 55, in inner
    response = get_response(request)
  File "/data/data/com.termux/files/usr/lib/python3.13/site-packages/django/core/handlers/base.py", line 197, in _get_response
    response = wrapped_callback(request, *callback_args, **callback_kwargs)
  File "/data/data/com.termux/files/usr/lib/python3.13/site-packages/django/contrib/auth/decorators.py", line 59, in _view_wrapper
    return view_func(request, *args, **kwargs)
  File "/storage/emulated/0/django/p1/app/views_frontend.py", line 8146, in system_queue_status
    'active_workers': random.randint(2, 6),
                      ^^^^^^
NameError: name 'random' is not defined. Did you forget to import 'random'?
INFO 2026-08-04 11:32:29,661 signals ⏳ Waiting for items on None
INFO 2026-08-04 11:32:29,704 signals 🔄 Item added to None, processing deduction...
INFO 2026-08-04 11:32:29,759 signals 🔄 Item added to None, processing deduction...
INFO 2026-08-04 11:32:29,803 signals 🔄 Item added to None, processing deduction...
INFO 2026-08-04 11:32:29,862 signals 🔄 Item added to None, processing deduction...
INFO 2026-08-04 11:32:29,912 signals 🔄 Item added to None, processing deduction...
INFO 2026-08-04 11:32:29,961 signals 🔄 Item added to None, processing deduction...
INFO 2026-08-04 11:32:30,017 signals 🔄 Item added to None, processing deduction...
ERROR 2026-08-04 11:32:30,326 signals ❌ Auto-deduction failed for None: No shareholders with positive balance found
ERROR 2026-08-04 11:32:30,396 signals ❌ Auto-deduction failed for None: No shareholders with positive balance found
ERROR 2026-08-04 11:32:30,601 signals ❌ Auto-deduction failed for None: No shareholders with positive balance found
ERROR 2026-08-04 11:32:30,640 signals ❌ Auto-deduction failed for None: No shareholders with positive balance found
ERROR 2026-08-04 11:32:30,864 signals ❌ Auto-deduction failed for None: No shareholders with positive balance found
ERROR 2026-08-04 11:32:30,949 signals ❌ Auto-deduction failed for None: No shareholders with positive balance found
ERROR 2026-08-04 11:32:30,974 signals ❌ Auto-deduction failed for None: No shareholders with positive balance found
ERROR 2026-08-04 11:32:31,599 signals ❌ Auto-deduction failed for None: No shareholders with positive balance found
INFO 2026-08-04 11:35:10,794 signals ⏳ Waiting for items on None
INFO 2026-08-04 11:35:10,830 signals 🔄 Item added to None, processing deduction...
INFO 2026-08-04 11:35:10,896 signals 🔄 Item added to None, processing deduction...
INFO 2026-08-04 11:35:10,944 signals 🔄 Item added to None, processing deduction...
INFO 2026-08-04 11:35:10,992 signals 🔄 Item added to None, processing deduction...
INFO 2026-08-04 11:35:11,036 signals 🔄 Item added to None, processing deduction...
INFO 2026-08-04 11:35:11,080 signals 🔄 Item added to None, processing deduction...
ERROR 2026-08-04 11:35:11,622 signals ❌ Auto-deduction failed for None: No shareholders with positive balance found
ERROR 2026-08-04 11:35:11,891 signals ❌ Auto-deduction failed for None: No shareholders with positive balance found
ERROR 2026-08-04 11:35:11,922 signals ❌ Auto-deduction failed for None: No shareholders with positive balance found
ERROR 2026-08-04 11:35:11,958 signals ❌ Auto-deduction failed for None: No shareholders with positive balance found
ERROR 2026-08-04 11:35:11,987 signals ❌ Auto-deduction failed for None: No shareholders with positive balance found
ERROR 2026-08-04 11:35:12,034 signals ❌ Auto-deduction failed for None: No shareholders with positive balance found
ERROR 2026-08-04 11:35:12,428 signals ❌ Auto-deduction failed for None: No shareholders with positive balance found
INFO 2026-08-04 11:38:23,267 signals ⏳ Waiting for items on None
INFO 2026-08-04 11:38:23,307 signals 🔄 Item added to None, processing deduction...
INFO 2026-08-04 11:38:23,389 signals 🔄 Item added to None, processing deduction...
INFO 2026-08-04 11:38:23,446 signals 🔄 Item added to None, processing deduction...
INFO 2026-08-04 11:38:23,498 signals 🔄 Item added to None, processing deduction...
INFO 2026-08-04 11:38:23,561 signals 🔄 Item added to None, processing deduction...
ERROR 2026-08-04 11:38:24,145 signals ❌ Auto-deduction failed for None: No shareholders with positive balance found
ERROR 2026-08-04 11:38:24,229 signals ❌ Auto-deduction failed for None: No shareholders with positive balance found
ERROR 2026-08-04 11:38:24,270 signals ❌ Auto-deduction failed for None: No shareholders with positive balance found
ERROR 2026-08-04 11:38:24,331 signals ❌ Auto-deduction failed for None: No shareholders with positive balance found
ERROR 2026-08-04 11:38:24,368 signals ❌ Auto-deduction failed for None: No shareholders with positive balance found
ERROR 2026-08-04 11:38:24,872 signals ❌ Auto-deduction failed for None: No shareholders with positive balance found
INFO 2026-08-04 11:43:21,379 signals ⏳ Waiting for items on None
INFO 2026-08-04 11:43:21,412 signals 🔄 Item added to None, processing deduction...
INFO 2026-08-04 11:43:21,478 signals 🔄 Item added to None, processing deduction...
INFO 2026-08-04 11:43:21,530 signals 🔄 Item added to None, processing deduction...
ERROR 2026-08-04 11:43:22,303 signals ❌ Auto-deduction failed for None: No shareholders with positive balance found
ERROR 2026-08-04 11:43:22,326 signals ❌ Auto-deduction failed for None: No shareholders with positive balance found
ERROR 2026-08-04 11:43:22,409 signals ❌ Auto-deduction failed for None: No shareholders with positive balance found
ERROR 2026-08-04 11:43:23,006 signals ❌ Auto-deduction failed for None: No shareholders with positive balance found
INFO 2026-08-04 11:46:31,678 signals ⏳ Waiting for items on None
INFO 2026-08-04 11:46:31,713 signals 🔄 Item added to None, processing deduction...
INFO 2026-08-04 11:46:31,774 signals 🔄 Item added to None, processing deduction...
INFO 2026-08-04 11:46:31,822 signals 🔄 Item added to None, processing deduction...
INFO 2026-08-04 11:46:31,871 signals 🔄 Item added to None, processing deduction...
INFO 2026-08-04 11:46:31,919 signals 🔄 Item added to None, processing deduction...
INFO 2026-08-04 11:46:31,972 signals 🔄 Item added to None, processing deduction...
INFO 2026-08-04 11:46:32,028 signals 🔄 Item added to None, processing deduction...
INFO 2026-08-04 11:46:32,079 signals 🔄 Item added to None, processing deduction...
ERROR 2026-08-04 11:46:32,413 signals ❌ Auto-deduction failed for None: No shareholders with positive balance found
ERROR 2026-08-04 11:46:32,493 signals ❌ Auto-deduction failed for None: No shareholders with positive balance found
ERROR 2026-08-04 11:46:32,851 signals ❌ Auto-deduction failed for None: No shareholders with positive balance found
ERROR 2026-08-04 11:46:32,857 signals ❌ Auto-deduction failed for None: No shareholders with positive balance found
ERROR 2026-08-04 11:46:32,857 signals ❌ Auto-deduction failed for None: No shareholders with positive balance found
ERROR 2026-08-04 11:46:32,879 signals ❌ Auto-deduction failed for None: No shareholders with positive balance found
ERROR 2026-08-04 11:46:32,932 signals ❌ Auto-deduction failed for None: No shareholders with positive balance found
ERROR 2026-08-04 11:46:32,955 signals ❌ Auto-deduction failed for None: No shareholders with positive balance found
ERROR 2026-08-04 11:46:33,392 signals ❌ Auto-deduction failed for None: No shareholders with positive balance found
INFO 2026-08-04 11:48:56,141 signals ⏳ Waiting for items on None
INFO 2026-08-04 11:48:56,182 signals 🔄 Item added to None, processing deduction...
INFO 2026-08-04 11:48:56,244 signals 🔄 Item added to None, processing deduction...
INFO 2026-08-04 11:48:56,301 signals 🔄 Item added to None, processing deduction...
INFO 2026-08-04 11:48:56,365 signals 🔄 Item added to None, processing deduction...
INFO 2026-08-04 11:48:56,421 signals 🔄 Item added to None, processing deduction...
INFO 2026-08-04 11:48:56,476 signals 🔄 Item added to None, processing deduction...
INFO 2026-08-04 11:48:56,525 signals 🔄 Item added to None, processing deduction...
ERROR 2026-08-04 11:48:56,880 signals ❌ Auto-deduction failed for None: No shareholders with positive balance found
ERROR 2026-08-04 11:48:57,060 signals ❌ Auto-deduction failed for None: No shareholders with positive balance found
ERROR 2026-08-04 11:48:57,175 signals ❌ Auto-deduction failed for None: No shareholders with positive balance found
ERROR 2026-08-04 11:48:57,211 signals ❌ Auto-deduction failed for None: No shareholders with positive balance found
ERROR 2026-08-04 11:48:57,228 signals ❌ Auto-deduction failed for None: No shareholders with positive balance found
ERROR 2026-08-04 11:48:57,318 signals ❌ Auto-deduction failed for None: No shareholders with positive balance found
ERROR 2026-08-04 11:48:57,350 signals ❌ Auto-deduction failed for None: No shareholders with positive balance found
ERROR 2026-08-04 11:48:57,798 signals ❌ Auto-deduction failed for None: No shareholders with positive balance found
INFO 2026-08-04 11:50:50,714 signals ⏳ Waiting for items on None
INFO 2026-08-04 11:50:50,750 signals 🔄 Item added to None, processing deduction...
INFO 2026-08-04 11:50:50,809 signals 🔄 Item added to None, processing deduction...
ERROR 2026-08-04 11:50:51,598 signals ❌ Auto-deduction failed for None: No shareholders with positive balance found
ERROR 2026-08-04 11:50:51,662 signals ❌ Auto-deduction failed for None: No shareholders with positive balance found
ERROR 2026-08-04 11:50:52,536 signals ❌ Auto-deduction failed for None: No shareholders with positive balance found
INFO 2026-08-04 11:53:05,780 signals ⏳ Waiting for items on None
INFO 2026-08-04 11:53:05,817 signals 🔄 Item added to None, processing deduction...
INFO 2026-08-04 11:53:05,882 signals 🔄 Item added to None, processing deduction...
INFO 2026-08-04 11:53:05,930 signals 🔄 Item added to None, processing deduction...
INFO 2026-08-04 11:53:05,972 signals 🔄 Item added to None, processing deduction...
INFO 2026-08-04 11:53:06,012 signals 🔄 Item added to None, processing deduction...
INFO 2026-08-04 11:53:06,049 signals 🔄 Item added to None, processing deduction...
INFO 2026-08-04 11:53:06,099 signals 🔄 Item added to None, processing deduction...
INFO 2026-08-04 11:53:06,146 signals 🔄 Item added to None, processing deduction...
ERROR 2026-08-04 11:53:06,729 signals ❌ Auto-deduction failed for None: No shareholders with positive balance found
ERROR 2026-08-04 11:53:06,780 signals ❌ Auto-deduction failed for None: No shareholders with positive balance found
ERROR 2026-08-04 11:53:06,939 signals ❌ Auto-deduction failed for None: No shareholders with positive balance found
ERROR 2026-08-04 11:53:06,958 signals ❌ Auto-deduction failed for None: No shareholders with positive balance found
ERROR 2026-08-04 11:53:07,040 signals ❌ Auto-deduction failed for None: No shareholders with positive balance found
ERROR 2026-08-04 11:53:07,077 signals ❌ Auto-deduction failed for None: No shareholders with positive balance found
ERROR 2026-08-04 11:53:07,080 signals ❌ Auto-deduction failed for None: No shareholders with positive balance found
ERROR 2026-08-04 11:53:07,148 signals ❌ Auto-deduction failed for None: No shareholders with positive balance found
ERROR 2026-08-04 11:53:07,561 signals ❌ Auto-deduction failed for None: No shareholders with positive balance found
INFO 2026-08-04 11:55:39,746 signals ⏳ Waiting for items on None
INFO 2026-08-04 11:55:39,785 signals 🔄 Item added to None, processing deduction...
INFO 2026-08-04 11:55:39,851 signals 🔄 Item added to None, processing deduction...
INFO 2026-08-04 11:55:39,891 signals 🔄 Item added to None, processing deduction...
INFO 2026-08-04 11:55:39,945 signals 🔄 Item added to None, processing deduction...
INFO 2026-08-04 11:55:39,986 signals 🔄 Item added to None, processing deduction...
INFO 2026-08-04 11:55:40,032 signals 🔄 Item added to None, processing deduction...
INFO 2026-08-04 11:55:40,084 signals 🔄 Item added to None, processing deduction...
INFO 2026-08-04 11:55:40,125 signals 🔄 Item added to None, processing deduction...
ERROR 2026-08-04 11:55:40,432 signals ❌ Auto-deduction failed for None: No shareholders with positive balance found
ERROR 2026-08-04 11:55:40,607 signals ❌ Auto-deduction failed for None: No shareholders with positive balance found
ERROR 2026-08-04 11:55:40,769 signals ❌ Auto-deduction failed for None: No shareholders with positive balance found
ERROR 2026-08-04 11:55:40,848 signals ❌ Auto-deduction failed for None: No shareholders with positive balance found
ERROR 2026-08-04 11:55:40,897 signals ❌ Auto-deduction failed for None: No shareholders with positive balance found
ERROR 2026-08-04 11:55:41,017 signals ❌ Auto-deduction failed for None: No shareholders with positive balance found
ERROR 2026-08-04 11:55:41,027 signals ❌ Auto-deduction failed for None: No shareholders with positive balance found
ERROR 2026-08-04 11:55:41,031 signals ❌ Auto-deduction failed for None: No shareholders with positive balance found
ERROR 2026-08-04 11:55:41,417 signals ❌ Auto-deduction failed for None: No shareholders with positive balance found
INFO 2026-08-04 12:00:03,536 signals ⏳ Waiting for items on None
INFO 2026-08-04 12:00:03,572 signals 🔄 Item added to None, processing deduction...
INFO 2026-08-04 12:00:03,646 signals 🔄 Item added to None, processing deduction...
INFO 2026-08-04 12:00:03,697 signals 🔄 Item added to None, processing deduction...
INFO 2026-08-04 12:00:03,751 signals 🔄 Item added to None, processing deduction...
ERROR 2026-08-04 12:00:04,348 signals ❌ Auto-deduction failed for None: No shareholders with positive balance found
ERROR 2026-08-04 12:00:04,707 signals ❌ Auto-deduction failed for None: No shareholders with positive balance found
ERROR 2026-08-04 12:00:04,709 signals ❌ Auto-deduction failed for None: No shareholders with positive balance found
ERROR 2026-08-04 12:00:04,728 signals ❌ Auto-deduction failed for None: No shareholders with positive balance found
ERROR 2026-08-04 12:00:05,117 signals ❌ Auto-deduction failed for None: No shareholders with positive balance found
INFO 2026-08-04 12:03:21,969 signals ⏳ Waiting for items on None
INFO 2026-08-04 12:03:22,002 signals 🔄 Item added to None, processing deduction...
INFO 2026-08-04 12:03:22,060 signals 🔄 Item added to None, processing deduction...
INFO 2026-08-04 12:03:22,121 signals 🔄 Item added to None, processing deduction...
ERROR 2026-08-04 12:03:22,762 signals ❌ Auto-deduction failed for None: No shareholders with positive balance found
ERROR 2026-08-04 12:03:22,839 signals ❌ Auto-deduction failed for None: No shareholders with positive balance found
ERROR 2026-08-04 12:03:22,966 signals ❌ Auto-deduction failed for None: No shareholders with positive balance found
ERROR 2026-08-04 12:03:23,629 signals ❌ Auto-deduction failed for None: No shareholders with positive balance found
INFO 2026-08-04 12:04:25,077 signals ⏳ Waiting for items on None
INFO 2026-08-04 12:04:25,111 signals 🔄 Item added to None, processing deduction...
INFO 2026-08-04 12:04:25,177 signals 🔄 Item added to None, processing deduction...
INFO 2026-08-04 12:04:25,229 signals 🔄 Item added to None, processing deduction...
ERROR 2026-08-04 12:04:25,857 signals ❌ Auto-deduction failed for None: No shareholders with positive balance found
ERROR 2026-08-04 12:04:26,025 signals ❌ Auto-deduction failed for None: No shareholders with positive balance found
ERROR 2026-08-04 12:04:26,099 signals ❌ Auto-deduction failed for None: No shareholders with positive balance found
ERROR 2026-08-04 12:04:26,737 signals ❌ Auto-deduction failed for None: No shareholders with positive balance found
INFO 2026-08-04 12:06:10,927 signals ⏳ Waiting for items on None
INFO 2026-08-04 12:06:10,971 signals 🔄 Item added to None, processing deduction...
INFO 2026-08-04 12:06:11,037 signals 🔄 Item added to None, processing deduction...
INFO 2026-08-04 12:06:11,091 signals 🔄 Item added to None, processing deduction...
INFO 2026-08-04 12:06:11,150 signals 🔄 Item added to None, processing deduction...
ERROR 2026-08-04 12:06:11,652 signals ❌ Auto-deduction failed for None: No shareholders with positive balance found
ERROR 2026-08-04 12:06:11,966 signals ❌ Auto-deduction failed for None: No shareholders with positive balance found
ERROR 2026-08-04 12:06:11,980 signals ❌ Auto-deduction failed for None: No shareholders with positive balance found
ERROR 2026-08-04 12:06:12,009 signals ❌ Auto-deduction failed for None: No shareholders with positive balance found
ERROR 2026-08-04 12:06:12,505 signals ❌ Auto-deduction failed for None: No shareholders with positive balance found
INFO 2026-08-04 12:07:56,275 signals ⏳ Waiting for items on None
INFO 2026-08-04 12:07:56,317 signals 🔄 Item added to None, processing deduction...
INFO 2026-08-04 12:07:56,372 signals 🔄 Item added to None, processing deduction...
ERROR 2026-08-04 12:07:57,046 signals ❌ Auto-deduction failed for None: No shareholders with positive balance found
ERROR 2026-08-04 12:07:57,090 signals ❌ Auto-deduction failed for None: No shareholders with positive balance found
ERROR 2026-08-04 12:07:57,877 signals ❌ Auto-deduction failed for None: No shareholders with positive balance found
INFO 2026-08-04 12:09:57,117 signals ⏳ Waiting for items on None
INFO 2026-08-04 12:09:57,154 signals 🔄 Item added to None, processing deduction...
INFO 2026-08-04 12:09:57,225 signals 🔄 Item added to None, processing deduction...
INFO 2026-08-04 12:09:57,280 signals 🔄 Item added to None, processing deduction...
INFO 2026-08-04 12:09:57,343 signals 🔄 Item added to None, processing deduction...
ERROR 2026-08-04 12:09:57,866 signals ❌ Auto-deduction failed for None: No shareholders with positive balance found
ERROR 2026-08-04 12:09:58,079 signals ❌ Auto-deduction failed for None: No shareholders with positive balance found
ERROR 2026-08-04 12:09:58,088 signals ❌ Auto-deduction failed for None: No shareholders with positive balance found
ERROR 2026-08-04 12:09:58,129 signals ❌ Auto-deduction failed for None: No shareholders with positive balance found
ERROR 2026-08-04 12:09:58,716 signals ❌ Auto-deduction failed for None: No shareholders with positive balance found
INFO 2026-08-04 12:11:46,517 signals ⏳ Waiting for items on None
INFO 2026-08-04 12:11:46,554 signals 🔄 Item added to None, processing deduction...
INFO 2026-08-04 12:11:46,612 signals 🔄 Item added to None, processing deduction...
INFO 2026-08-04 12:11:46,679 signals 🔄 Item added to None, processing deduction...
INFO 2026-08-04 12:11:46,724 signals 🔄 Item added to None, processing deduction...
INFO 2026-08-04 12:11:46,780 signals 🔄 Item added to None, processing deduction...
INFO 2026-08-04 12:11:46,821 signals 🔄 Item added to None, processing deduction...
ERROR 2026-08-04 12:11:47,292 signals ❌ Auto-deduction failed for None: No shareholders with positive balance found
ERROR 2026-08-04 12:11:47,444 signals ❌ Auto-deduction failed for None: No shareholders with positive balance found
ERROR 2026-08-04 12:11:47,520 signals ❌ Auto-deduction failed for None: No shareholders with positive balance found
ERROR 2026-08-04 12:11:47,613 signals ❌ Auto-deduction failed for None: No shareholders with positive balance found
ERROR 2026-08-04 12:11:47,658 signals ❌ Auto-deduction failed for None: No shareholders with positive balance found
ERROR 2026-08-04 12:11:47,676 signals ❌ Auto-deduction failed for None: No shareholders with positive balance found
ERROR 2026-08-04 12:11:48,237 signals ❌ Auto-deduction failed for None: No shareholders with positive balance found
INFO 2026-08-04 12:13:05,944 signals ⏳ Waiting for items on None
INFO 2026-08-04 12:13:05,985 signals 🔄 Item added to None, processing deduction...
INFO 2026-08-04 12:13:06,061 signals 🔄 Item added to None, processing deduction...
INFO 2026-08-04 12:13:06,113 signals 🔄 Item added to None, processing deduction...
INFO 2026-08-04 12:13:06,157 signals 🔄 Item added to None, processing deduction...
ERROR 2026-08-04 12:13:06,712 signals ❌ Auto-deduction failed for None: No shareholders with positive balance found
ERROR 2026-08-04 12:13:06,961 signals ❌ Auto-deduction failed for None: No shareholders with positive balance found
ERROR 2026-08-04 12:13:07,024 signals ❌ Auto-deduction failed for None: No shareholders with positive balance found
ERROR 2026-08-04 12:13:07,026 signals ❌ Auto-deduction failed for None: No shareholders with positive balance found
ERROR 2026-08-04 12:13:07,533 signals ❌ Auto-deduction failed for None: No shareholders with positive balance found
INFO 2026-08-04 12:14:36,971 signals ⏳ Waiting for items on None
INFO 2026-08-04 12:14:37,007 signals 🔄 Item added to None, processing deduction...
INFO 2026-08-04 12:14:37,060 signals 🔄 Item added to None, processing deduction...
INFO 2026-08-04 12:14:37,118 signals 🔄 Item added to None, processing deduction...
INFO 2026-08-04 12:14:37,159 signals 🔄 Item added to None, processing deduction...
ERROR 2026-08-04 12:14:37,738 signals ❌ Auto-deduction failed for None: No shareholders with positive balance found
ERROR 2026-08-04 12:14:37,919 signals ❌ Auto-deduction failed for None: No shareholders with positive balance found
ERROR 2026-08-04 12:14:37,949 signals ❌ Auto-deduction failed for None: No shareholders with positive balance found
ERROR 2026-08-04 12:14:37,995 signals ❌ Auto-deduction failed for None: No shareholders with positive balance found
ERROR 2026-08-04 12:14:38,573 signals ❌ Auto-deduction failed for None: No shareholders with positive balance found
INFO 2026-08-04 12:16:31,030 signals ⏳ Waiting for items on None
INFO 2026-08-04 12:16:31,071 signals 🔄 Item added to None, processing deduction...
INFO 2026-08-04 12:16:31,138 signals 🔄 Item added to None, processing deduction...
INFO 2026-08-04 12:16:31,187 signals 🔄 Item added to None, processing deduction...
INFO 2026-08-04 12:16:31,244 signals 🔄 Item added to None, processing deduction...
INFO 2026-08-04 12:16:31,299 signals 🔄 Item added to None, processing deduction...
INFO 2026-08-04 12:16:31,358 signals 🔄 Item added to None, processing deduction...
INFO 2026-08-04 12:16:31,403 signals 🔄 Item added to None, processing deduction...
INFO 2026-08-04 12:16:31,463 signals 🔄 Item added to None, processing deduction...
INFO 2026-08-04 12:16:31,524 signals 🔄 Item added to None, processing deduction...
ERROR 2026-08-04 12:16:31,776 signals ❌ Auto-deduction failed for None: No shareholders with positive balance found
ERROR 2026-08-04 12:16:31,831 signals ❌ Auto-deduction failed for None: No shareholders with positive balance found
ERROR 2026-08-04 12:16:31,932 signals ❌ Auto-deduction failed for None: No shareholders with positive balance found
ERROR 2026-08-04 12:16:32,105 signals ❌ Auto-deduction failed for None: No shareholders with positive balance found
ERROR 2026-08-04 12:16:32,146 signals ❌ Auto-deduction failed for None: No shareholders with positive balance found
ERROR 2026-08-04 12:16:32,260 signals ❌ Auto-deduction failed for None: No shareholders with positive balance found
ERROR 2026-08-04 12:16:32,269 signals ❌ Auto-deduction failed for None: No shareholders with positive balance found
ERROR 2026-08-04 12:16:32,301 signals ❌ Auto-deduction failed for None: No shareholders with positive balance found
ERROR 2026-08-04 12:16:32,385 signals ❌ Auto-deduction failed for None: No shareholders with positive balance found
ERROR 2026-08-04 12:16:32,745 signals ❌ Auto-deduction failed for None: No shareholders with positive balance found
INFO 2026-08-04 12:16:58,779 signals ⏳ Waiting for items on None
INFO 2026-08-04 12:16:58,813 signals 🔄 Item added to None, processing deduction...
ERROR 2026-08-04 12:16:59,596 signals ❌ Auto-deduction failed for None: No shareholders with positive balance found
ERROR 2026-08-04 12:17:00,406 signals ❌ Auto-deduction failed for None: No shareholders with positive balance found
INFO 2026-08-04 12:18:19,775 signals ⏳ Waiting for items on None
INFO 2026-08-04 12:18:19,807 signals 🔄 Item added to None, processing deduction...
INFO 2026-08-04 12:18:19,862 signals 🔄 Item added to None, processing deduction...
INFO 2026-08-04 12:18:19,918 signals 🔄 Item added to None, processing deduction...
INFO 2026-08-04 12:18:19,977 signals 🔄 Item added to None, processing deduction...
ERROR 2026-08-04 12:18:20,495 signals ❌ Auto-deduction failed for None: No shareholders with positive balance found
ERROR 2026-08-04 12:18:20,620 signals ❌ Auto-deduction failed for None: No shareholders with positive balance found
ERROR 2026-08-04 12:18:20,707 signals ❌ Auto-deduction failed for None: No shareholders with positive balance found
ERROR 2026-08-04 12:18:20,733 signals ❌ Auto-deduction failed for None: No shareholders with positive balance found
ERROR 2026-08-04 12:18:21,367 signals ❌ Auto-deduction failed for None: No shareholders with positive balance found
ERROR 2026-08-04 12:21:49,597 log Internal Server Error: /vendors/pricing-report/
Traceback (most recent call last):
  File "/data/data/com.termux/files/usr/lib/python3.13/site-packages/django/template/smartif.py", line 180, in translate_token
    op = OPERATORS[token]
         ~~~~~~~~~^^^^^^^
KeyError: 'row.prices|get_item:vendor.id'

During handling of the above exception, another exception occurred:

Traceback (most recent call last):
  File "/data/data/com.termux/files/usr/lib/python3.13/site-packages/django/core/handlers/exception.py", line 55, in inner
    response = get_response(request)
  File "/data/data/com.termux/files/usr/lib/python3.13/site-packages/django/core/handlers/base.py", line 197, in _get_response
    response = wrapped_callback(request, *callback_args, **callback_kwargs)
  File "/data/data/com.termux/files/usr/lib/python3.13/site-packages/django/contrib/auth/decorators.py", line 59, in _view_wrapper
    return view_func(request, *args, **kwargs)
  File "/storage/emulated/0/django/p1/app/views_frontend.py", line 23572, in vendor_pricing_report
    return render(request, 'vendors/pricing_report.html', context)
  File "/data/data/com.termux/files/usr/lib/python3.13/site-packages/django/shortcuts.py", line 25, in render
    content = loader.render_to_string(template_name, context, request, using=using)
  File "/data/data/com.termux/files/usr/lib/python3.13/site-packages/django/template/loader.py", line 61, in render_to_string
    template = get_template(template_name, using=using)
  File "/data/data/com.termux/files/usr/lib/python3.13/site-packages/django/template/loader.py", line 15, in get_template
    return engine.get_template(template_name)
           ~~~~~~~~~~~~~~~~~~~^^^^^^^^^^^^^^^
  File "/data/data/com.termux/files/usr/lib/python3.13/site-packages/django/template/backends/django.py", line 79, in get_template
    return Template(self.engine.get_template(template_name), self)
                    ~~~~~~~~~~~~~~~~~~~~~~~~^^^^^^^^^^^^^^^
  File "/data/data/com.termux/files/usr/lib/python3.13/site-packages/django/template/engine.py", line 177, in get_template
    template, origin = self.find_template(template_name)
                       ~~~~~~~~~~~~~~~~~~^^^^^^^^^^^^^^^
  File "/data/data/com.termux/files/usr/lib/python3.13/site-packages/django/template/engine.py", line 159, in find_template
    template = loader.get_template(name, skip=skip)
  File "/data/data/com.termux/files/usr/lib/python3.13/site-packages/django/template/loaders/cached.py", line 57, in get_template
    template = super().get_template(template_name, skip)
  File "/data/data/com.termux/files/usr/lib/python3.13/site-packages/django/template/loaders/base.py", line 28, in get_template
    return Template(
        contents,
    ...<2 lines>...
        self.engine,
    )
  File "/data/data/com.termux/files/usr/lib/python3.13/site-packages/django/template/base.py", line 155, in __init__
    self.nodelist = self.compile_nodelist()
                    ~~~~~~~~~~~~~~~~~~~~~^^
  File "/data/data/com.termux/files/usr/lib/python3.13/site-packages/django/template/base.py", line 197, in compile_nodelist
    nodelist = parser.parse()
  File "/data/data/com.termux/files/usr/lib/python3.13/site-packages/django/template/base.py", line 519, in parse
    raise self.error(token, e)
  File "/data/data/com.termux/files/usr/lib/python3.13/site-packages/django/template/base.py", line 517, in parse
    compiled_result = compile_func(self, token)
  File "/data/data/com.termux/files/usr/lib/python3.13/site-packages/django/template/loader_tags.py", line 299, in do_extends
    nodelist = parser.parse()
  File "/data/data/com.termux/files/usr/lib/python3.13/site-packages/django/template/base.py", line 519, in parse
    raise self.error(token, e)
  File "/data/data/com.termux/files/usr/lib/python3.13/site-packages/django/template/base.py", line 517, in parse
    compiled_result = compile_func(self, token)
  File "/data/data/com.termux/files/usr/lib/python3.13/site-packages/django/template/loader_tags.py", line 234, in do_block
    nodelist = parser.parse(("endblock",))
  File "/data/data/com.termux/files/usr/lib/python3.13/site-packages/django/template/base.py", line 519, in parse
    raise self.error(token, e)
  File "/data/data/com.termux/files/usr/lib/python3.13/site-packages/django/template/base.py", line 517, in parse
    compiled_result = compile_func(self, token)
  File "/data/data/com.termux/files/usr/lib/python3.13/site-packages/django/template/defaulttags.py", line 1540, in do_with
    nodelist = parser.parse(("endwith",))
  File "/data/data/com.termux/files/usr/lib/python3.13/site-packages/django/template/base.py", line 519, in parse
    raise self.error(token, e)
  File "/data/data/com.termux/files/usr/lib/python3.13/site-packages/django/template/base.py", line 517, in parse
    compiled_result = compile_func(self, token)
  File "/data/data/com.termux/files/usr/lib/python3.13/site-packages/django/template/defaulttags.py", line 862, in do_for
    nodelist_loop = parser.parse(
        (
    ...<2 lines>...
        )
    )
  File "/data/data/com.termux/files/usr/lib/python3.13/site-packages/django/template/base.py", line 519, in parse
    raise self.error(token, e)
  File "/data/data/com.termux/files/usr/lib/python3.13/site-packages/django/template/base.py", line 517, in parse
    compiled_result = compile_func(self, token)
  File "/data/data/com.termux/files/usr/lib/python3.13/site-packages/django/template/defaulttags.py", line 862, in do_for
    nodelist_loop = parser.parse(
        (
    ...<2 lines>...
        )
    )
  File "/data/data/com.termux/files/usr/lib/python3.13/site-packages/django/template/base.py", line 519, in parse
    raise self.error(token, e)
  File "/data/data/com.termux/files/usr/lib/python3.13/site-packages/django/template/base.py", line 517, in parse
    compiled_result = compile_func(self, token)
  File "/data/data/com.termux/files/usr/lib/python3.13/site-packages/django/template/defaulttags.py", line 961, in do_if
    condition = TemplateIfParser(parser, bits).parse()
                ~~~~~~~~~~~~~~~~^^^^^^^^^^^^^^
  File "/data/data/com.termux/files/usr/lib/python3.13/site-packages/django/template/defaulttags.py", line 894, in __init__
    super().__init__(*args, **kwargs)
    ~~~~~~~~~~~~~~~~^^^^^^^^^^^^^^^^^
  File "/data/data/com.termux/files/usr/lib/python3.13/site-packages/django/template/smartif.py", line 171, in __init__
    mapped_tokens.append(self.translate_token(token))
                         ~~~~~~~~~~~~~~~~~~~~^^^^^^^
  File "/data/data/com.termux/files/usr/lib/python3.13/site-packages/django/template/smartif.py", line 182, in translate_token
    return self.create_var(token)
           ~~~~~~~~~~~~~~~^^^^^^^
  File "/data/data/com.termux/files/usr/lib/python3.13/site-packages/django/template/defaulttags.py", line 897, in create_var
    return TemplateLiteral(self.template_parser.compile_filter(value), value)
                           ~~~~~~~~~~~~~~~~~~~~~~~~~~~~~~~~~~~^^^^^^^
  File "/data/data/com.termux/files/usr/lib/python3.13/site-packages/django/template/base.py", line 610, in compile_filter
    return FilterExpression(token, self)
  File "/data/data/com.termux/files/usr/lib/python3.13/site-packages/django/template/base.py", line 706, in __init__
    filter_func = parser.find_filter(filter_name)
  File "/data/data/com.termux/files/usr/lib/python3.13/site-packages/django/template/base.py", line 616, in find_filter
    raise TemplateSyntaxError("Invalid filter: '%s'" % filter_name)
django.template.exceptions.TemplateSyntaxError: Invalid filter: 'get_item'
WARNING 2026-08-04 12:21:50,183 log Not Found: /favicon.ico
INFO 2026-08-04 12:47:22,207 apps AXES: BEGIN version 8.3.1, blocking by ip_address
INFO 2026-08-04 12:47:27,483 apps AXES: BEGIN version 8.3.1, blocking by ip_address
INFO 2026-08-04 12:47:27,604 autoreload Watching for file changes with StatReloader
INFO 2026-08-04 16:35:39,099 apps AXES: BEGIN version 8.3.1, blocking by ip_address
INFO 2026-08-04 16:35:44,438 apps AXES: BEGIN version 8.3.1, blocking by ip_address
INFO 2026-08-04 16:35:44,555 autoreload Watching for file changes with StatReloader
ERROR 2026-08-04 16:36:33,835 log Internal Server Error: /api/system/queue-status/
Traceback (most recent call last):
  File "/data/data/com.termux/files/usr/lib/python3.13/site-packages/django/core/handlers/exception.py", line 55, in inner
    response = get_response(request)
  File "/data/data/com.termux/files/usr/lib/python3.13/site-packages/django/core/handlers/base.py", line 197, in _get_response
    response = wrapped_callback(request, *callback_args, **callback_kwargs)
  File "/data/data/com.termux/files/usr/lib/python3.13/site-packages/django/contrib/auth/decorators.py", line 59, in _view_wrapper
    return view_func(request, *args, **kwargs)
  File "/storage/emulated/0/django/p1/app/views_frontend.py", line 8146, in system_queue_status
    'active_workers': random.randint(2, 6),
                      ^^^^^^
NameError: name 'random' is not defined. Did you forget to import 'random'?
ERROR 2026-08-04 16:36:33,838 log Internal Server Error: /api/system/cache-status/
Traceback (most recent call last):
  File "/storage/emulated/0/django/p1/app/views_frontend.py", line 8075, in system_cache_status
    hit_rate = cache.get('stats:hit_rate', None)
               ^^^^^
NameError: name 'cache' is not defined

During handling of the above exception, another exception occurred:

Traceback (most recent call last):
  File "/data/data/com.termux/files/usr/lib/python3.13/site-packages/django/core/handlers/exception.py", line 55, in inner
    response = get_response(request)
  File "/data/data/com.termux/files/usr/lib/python3.13/site-packages/django/core/handlers/base.py", line 197, in _get_response
    response = wrapped_callback(request, *callback_args, **callback_kwargs)
  File "/data/data/com.termux/files/usr/lib/python3.13/site-packages/django/contrib/auth/decorators.py", line 59, in _view_wrapper
    return view_func(request, *args, **kwargs)
  File "/storage/emulated/0/django/p1/app/views_frontend.py", line 8098, in system_cache_status
    'hit_rate': random.randint(75, 94),
                ^^^^^^
NameError: name 'random' is not defined. Did you forget to import 'random'?
ERROR 2026-08-04 16:40:24,998 log Internal Server Error: /api/system/cache-status/
Traceback (most recent call last):
  File "/storage/emulated/0/django/p1/app/views_frontend.py", line 8075, in system_cache_status
    hit_rate = cache.get('stats:hit_rate', None)
               ^^^^^
NameError: name 'cache' is not defined

During handling of the above exception, another exception occurred:

Traceback (most recent call last):
  File "/data/data/com.termux/files/usr/lib/python3.13/site-packages/django/core/handlers/exception.py", line 55, in inner
    response = get_response(request)
  File "/data/data/com.termux/files/usr/lib/python3.13/site-packages/django/core/handlers/base.py", line 197, in _get_response
    response = wrapped_callback(request, *callback_args, **callback_kwargs)
  File "/data/data/com.termux/files/usr/lib/python3.13/site-packages/django/contrib/auth/decorators.py", line 59, in _view_wrapper
    return view_func(request, *args, **kwargs)
  File "/storage/emulated/0/django/p1/app/views_frontend.py", line 8098, in system_cache_status
    'hit_rate': random.randint(75, 94),
                ^^^^^^
NameError: name 'random' is not defined. Did you forget to import 'random'?
ERROR 2026-08-04 16:40:25,007 log Internal Server Error: /api/system/queue-status/
Traceback (most recent call last):
  File "/data/data/com.termux/files/usr/lib/python3.13/site-packages/django/core/handlers/exception.py", line 55, in inner
    response = get_response(request)
  File "/data/data/com.termux/files/usr/lib/python3.13/site-packages/django/core/handlers/base.py", line 197, in _get_response
    response = wrapped_callback(request, *callback_args, **callback_kwargs)
  File "/data/data/com.termux/files/usr/lib/python3.13/site-packages/django/contrib/auth/decorators.py", line 59, in _view_wrapper
    return view_func(request, *args, **kwargs)
  File "/storage/emulated/0/django/p1/app/views_frontend.py", line 8146, in system_queue_status
    'active_workers': random.randint(2, 6),
                      ^^^^^^
NameError: name 'random' is not defined. Did you forget to import 'random'?
ERROR 2026-08-04 16:43:55,316 log Internal Server Error: /vendors/pricing-report/
Traceback (most recent call last):
  File "/data/data/com.termux/files/usr/lib/python3.13/site-packages/django/template/smartif.py", line 180, in translate_token
    op = OPERATORS[token]
         ~~~~~~~~~^^^^^^^
KeyError: 'row.prices|get_item:vendor.id'

During handling of the above exception, another exception occurred:

Traceback (most recent call last):
  File "/data/data/com.termux/files/usr/lib/python3.13/site-packages/django/core/handlers/exception.py", line 55, in inner
    response = get_response(request)
  File "/data/data/com.termux/files/usr/lib/python3.13/site-packages/django/core/handlers/base.py", line 197, in _get_response
    response = wrapped_callback(request, *callback_args, **callback_kwargs)
  File "/data/data/com.termux/files/usr/lib/python3.13/site-packages/django/contrib/auth/decorators.py", line 59, in _view_wrapper
    return view_func(request, *args, **kwargs)
  File "/storage/emulated/0/django/p1/app/views_frontend.py", line 23572, in vendor_pricing_report
    return render(request, 'vendors/pricing_report.html', context)
  File "/data/data/com.termux/files/usr/lib/python3.13/site-packages/django/shortcuts.py", line 25, in render
    content = loader.render_to_string(template_name, context, request, using=using)
  File "/data/data/com.termux/files/usr/lib/python3.13/site-packages/django/template/loader.py", line 61, in render_to_string
    template = get_template(template_name, using=using)
  File "/data/data/com.termux/files/usr/lib/python3.13/site-packages/django/template/loader.py", line 15, in get_template
    return engine.get_template(template_name)
           ~~~~~~~~~~~~~~~~~~~^^^^^^^^^^^^^^^
  File "/data/data/com.termux/files/usr/lib/python3.13/site-packages/django/template/backends/django.py", line 79, in get_template
    return Template(self.engine.get_template(template_name), self)
                    ~~~~~~~~~~~~~~~~~~~~~~~~^^^^^^^^^^^^^^^
  File "/data/data/com.termux/files/usr/lib/python3.13/site-packages/django/template/engine.py", line 177, in get_template
    template, origin = self.find_template(template_name)
                       ~~~~~~~~~~~~~~~~~~^^^^^^^^^^^^^^^
  File "/data/data/com.termux/files/usr/lib/python3.13/site-packages/django/template/engine.py", line 159, in find_template
    template = loader.get_template(name, skip=skip)
  File "/data/data/com.termux/files/usr/lib/python3.13/site-packages/django/template/loaders/cached.py", line 57, in get_template
    template = super().get_template(template_name, skip)
  File "/data/data/com.termux/files/usr/lib/python3.13/site-packages/django/template/loaders/base.py", line 28, in get_template
    return Template(
        contents,
    ...<2 lines>...
        self.engine,
    )
  File "/data/data/com.termux/files/usr/lib/python3.13/site-packages/django/template/base.py", line 155, in __init__
    self.nodelist = self.compile_nodelist()
                    ~~~~~~~~~~~~~~~~~~~~~^^
  File "/data/data/com.termux/files/usr/lib/python3.13/site-packages/django/template/base.py", line 197, in compile_nodelist
    nodelist = parser.parse()
  File "/data/data/com.termux/files/usr/lib/python3.13/site-packages/django/template/base.py", line 519, in parse
    raise self.error(token, e)
  File "/data/data/com.termux/files/usr/lib/python3.13/site-packages/django/template/base.py", line 517, in parse
    compiled_result = compile_func(self, token)
  File "/data/data/com.termux/files/usr/lib/python3.13/site-packages/django/template/loader_tags.py", line 299, in do_extends
    nodelist = parser.parse()
  File "/data/data/com.termux/files/usr/lib/python3.13/site-packages/django/template/base.py", line 519, in parse
    raise self.error(token, e)
  File "/data/data/com.termux/files/usr/lib/python3.13/site-packages/django/template/base.py", line 517, in parse
    compiled_result = compile_func(self, token)
  File "/data/data/com.termux/files/usr/lib/python3.13/site-packages/django/template/loader_tags.py", line 234, in do_block
    nodelist = parser.parse(("endblock",))
  File "/data/data/com.termux/files/usr/lib/python3.13/site-packages/django/template/base.py", line 519, in parse
    raise self.error(token, e)
  File "/data/data/com.termux/files/usr/lib/python3.13/site-packages/django/template/base.py", line 517, in parse
    compiled_result = compile_func(self, token)
  File "/data/data/com.termux/files/usr/lib/python3.13/site-packages/django/template/defaulttags.py", line 1540, in do_with
    nodelist = parser.parse(("endwith",))
  File "/data/data/com.termux/files/usr/lib/python3.13/site-packages/django/template/base.py", line 519, in parse
    raise self.error(token, e)
  File "/data/data/com.termux/files/usr/lib/python3.13/site-packages/django/template/base.py", line 517, in parse
    compiled_result = compile_func(self, token)
  File "/data/data/com.termux/files/usr/lib/python3.13/site-packages/django/template/defaulttags.py", line 862, in do_for
    nodelist_loop = parser.parse(
        (
    ...<2 lines>...
        )
    )
  File "/data/data/com.termux/files/usr/lib/python3.13/site-packages/django/template/base.py", line 519, in parse
    raise self.error(token, e)
  File "/data/data/com.termux/files/usr/lib/python3.13/site-packages/django/template/base.py", line 517, in parse
    compiled_result = compile_func(self, token)
  File "/data/data/com.termux/files/usr/lib/python3.13/site-packages/django/template/defaulttags.py", line 862, in do_for
    nodelist_loop = parser.parse(
        (
    ...<2 lines>...
        )
    )
  File "/data/data/com.termux/files/usr/lib/python3.13/site-packages/django/template/base.py", line 519, in parse
    raise self.error(token, e)
  File "/data/data/com.termux/files/usr/lib/python3.13/site-packages/django/template/base.py", line 517, in parse
    compiled_result = compile_func(self, token)
  File "/data/data/com.termux/files/usr/lib/python3.13/site-packages/django/template/defaulttags.py", line 961, in do_if
    condition = TemplateIfParser(parser, bits).parse()
                ~~~~~~~~~~~~~~~~^^^^^^^^^^^^^^
  File "/data/data/com.termux/files/usr/lib/python3.13/site-packages/django/template/defaulttags.py", line 894, in __init__
    super().__init__(*args, **kwargs)
    ~~~~~~~~~~~~~~~~^^^^^^^^^^^^^^^^^
  File "/data/data/com.termux/files/usr/lib/python3.13/site-packages/django/template/smartif.py", line 171, in __init__
    mapped_tokens.append(self.translate_token(token))
                         ~~~~~~~~~~~~~~~~~~~~^^^^^^^
  File "/data/data/com.termux/files/usr/lib/python3.13/site-packages/django/template/smartif.py", line 182, in translate_token
    return self.create_var(token)
           ~~~~~~~~~~~~~~~^^^^^^^
  File "/data/data/com.termux/files/usr/lib/python3.13/site-packages/django/template/defaulttags.py", line 897, in create_var
    return TemplateLiteral(self.template_parser.compile_filter(value), value)
                           ~~~~~~~~~~~~~~~~~~~~~~~~~~~~~~~~~~~^^^^^^^
  File "/data/data/com.termux/files/usr/lib/python3.13/site-packages/django/template/base.py", line 610, in compile_filter
    return FilterExpression(token, self)
  File "/data/data/com.termux/files/usr/lib/python3.13/site-packages/django/template/base.py", line 706, in __init__
    filter_func = parser.find_filter(filter_name)
  File "/data/data/com.termux/files/usr/lib/python3.13/site-packages/django/template/base.py", line 616, in find_filter
    raise TemplateSyntaxError("Invalid filter: '%s'" % filter_name)
django.template.exceptions.TemplateSyntaxError: Invalid filter: 'get_item'
WARNING 2026-08-04 16:43:55,713 log Not Found: /favicon.ico
INFO 2026-08-04 23:02:53,827 apps AXES: BEGIN version 8.3.1, blocking by ip_address
INFO 2026-08-04 23:03:00,139 apps AXES: BEGIN version 8.3.1, blocking by ip_address
INFO 2026-08-04 23:03:00,233 autoreload Watching for file changes with StatReloader
ERROR 2026-08-04 23:06:36,081 log Internal Server Error: /api/system/cache-status/
Traceback (most recent call last):
  File "/storage/emulated/0/django/p1/app/views_frontend.py", line 8075, in system_cache_status
    hit_rate = cache.get('stats:hit_rate', None)
               ^^^^^
NameError: name 'cache' is not defined

During handling of the above exception, another exception occurred:

Traceback (most recent call last):
  File "/data/data/com.termux/files/usr/lib/python3.13/site-packages/django/core/handlers/exception.py", line 55, in inner
    response = get_response(request)
  File "/data/data/com.termux/files/usr/lib/python3.13/site-packages/django/core/handlers/base.py", line 197, in _get_response
    response = wrapped_callback(request, *callback_args, **callback_kwargs)
  File "/data/data/com.termux/files/usr/lib/python3.13/site-packages/django/contrib/auth/decorators.py", line 59, in _view_wrapper
    return view_func(request, *args, **kwargs)
  File "/storage/emulated/0/django/p1/app/views_frontend.py", line 8098, in system_cache_status
    'hit_rate': random.randint(75, 94),
                ^^^^^^
NameError: name 'random' is not defined. Did you forget to import 'random'?
ERROR 2026-08-04 23:06:36,088 log Internal Server Error: /api/system/queue-status/
Traceback (most recent call last):
  File "/data/data/com.termux/files/usr/lib/python3.13/site-packages/django/core/handlers/exception.py", line 55, in inner
    response = get_response(request)
  File "/data/data/com.termux/files/usr/lib/python3.13/site-packages/django/core/handlers/base.py", line 197, in _get_response
    response = wrapped_callback(request, *callback_args, **callback_kwargs)
  File "/data/data/com.termux/files/usr/lib/python3.13/site-packages/django/contrib/auth/decorators.py", line 59, in _view_wrapper
    return view_func(request, *args, **kwargs)
  File "/storage/emulated/0/django/p1/app/views_frontend.py", line 8146, in system_queue_status
    'active_workers': random.randint(2, 6),
                      ^^^^^^
NameError: name 'random' is not defined. Did you forget to import 'random'?
INFO 2026-08-04 23:17:56,454 autoreload /storage/emulated/0/django/p1/app/models.py changed, reloading.
INFO 2026-08-04 23:18:08,354 autoreload Watching for file changes with StatReloader
INFO 2026-08-04 23:24:21,346 autoreload /storage/emulated/0/django/p1/app/models.py changed, reloading.
INFO 2026-08-04 23:24:37,037 apps AXES: BEGIN version 8.3.1, blocking by ip_address
INFO 2026-08-04 23:24:37,195 autoreload Watching for file changes with StatReloader
INFO 2026-08-04 23:25:03,943 apps AXES: BEGIN version 8.3.1, blocking by ip_address
INFO 2026-08-04 23:25:16,507 apps AXES: BEGIN version 8.3.1, blocking by ip_address
INFO 2026-08-04 23:25:37,872 apps AXES: BEGIN version 8.3.1, blocking by ip_address
INFO 2026-08-04 23:25:43,785 apps AXES: BEGIN version 8.3.1, blocking by ip_address
INFO 2026-08-04 23:25:43,888 autoreload Watching for file changes with StatReloader
ERROR 2026-08-04 23:26:03,606 log Internal Server Error: /ajax/get-purchase-products/
Traceback (most recent call last):
  File "/data/data/com.termux/files/usr/lib/python3.13/site-packages/django/core/handlers/exception.py", line 55, in inner
    response = get_response(request)
  File "/data/data/com.termux/files/usr/lib/python3.13/site-packages/django/core/handlers/base.py", line 197, in _get_response
    response = wrapped_callback(request, *callback_args, **callback_kwargs)
  File "/data/data/com.termux/files/usr/lib/python3.13/site-packages/django/contrib/auth/decorators.py", line 59, in _view_wrapper
    return view_func(request, *args, **kwargs)
  File "/storage/emulated/0/django/p1/app/views_frontend.py", line 7451, in get_purchase_products
    remaining_qty = item.qty - returned_qty
                    ~~~~~~~~~^~~~~~~~~~~~~~
TypeError: unsupported operand type(s) for -: 'float' and 'decimal.Decimal'
ERROR 2026-08-04 23:26:36,842 log Internal Server Error: /ajax/get-purchase-products/
Traceback (most recent call last):
  File "/data/data/com.termux/files/usr/lib/python3.13/site-packages/django/core/handlers/exception.py", line 55, in inner
    response = get_response(request)
  File "/data/data/com.termux/files/usr/lib/python3.13/site-packages/django/core/handlers/base.py", line 197, in _get_response
    response = wrapped_callback(request, *callback_args, **callback_kwargs)
  File "/data/data/com.termux/files/usr/lib/python3.13/site-packages/django/contrib/auth/decorators.py", line 59, in _view_wrapper
    return view_func(request, *args, **kwargs)
  File "/storage/emulated/0/django/p1/app/views_frontend.py", line 7451, in get_purchase_products
    remaining_qty = item.qty - returned_qty
                    ~~~~~~~~~^~~~~~~~~~~~~~
TypeError: unsupported operand type(s) for -: 'float' and 'decimal.Decimal'
INFO 2026-08-04 23:29:11,552 autoreload /storage/emulated/0/django/p1/app/views_frontend.py changed, reloading.
INFO 2026-08-04 23:29:21,434 apps AXES: BEGIN version 8.3.1, blocking by ip_address
INFO 2026-08-04 23:29:21,581 autoreload Watching for file changes with StatReloader
INFO 2026-08-04 23:31:48,154 autoreload /storage/emulated/0/django/p1/app/views_frontend.py changed, reloading.
INFO 2026-08-04 23:31:56,729 apps AXES: BEGIN version 8.3.1, blocking by ip_address
INFO 2026-08-04 23:31:56,845 autoreload Watching for file changes with StatReloader
INFO 2026-08-05 14:54:28,077 apps AXES: BEGIN version 8.3.1, blocking by ip_address
INFO 2026-08-05 14:55:11,790 apps AXES: BEGIN version 8.3.1, blocking by ip_address
INFO 2026-08-05 14:55:32,949 apps AXES: BEGIN version 8.3.1, blocking by ip_address
INFO 2026-08-05 14:55:38,213 apps AXES: BEGIN version 8.3.1, blocking by ip_address
INFO 2026-08-05 14:55:38,314 autoreload Watching for file changes with StatReloader
ERROR 2026-08-05 14:56:31,482 log Internal Server Error: /api/system/cache-status/
Traceback (most recent call last):
  File "/storage/emulated/0/django/p1/app/views_frontend.py", line 8081, in system_cache_status
    hit_rate = cache.get('stats:hit_rate', None)
               ^^^^^
NameError: name 'cache' is not defined

During handling of the above exception, another exception occurred:

Traceback (most recent call last):
  File "/data/data/com.termux/files/usr/lib/python3.13/site-packages/django/core/handlers/exception.py", line 55, in inner
    response = get_response(request)
  File "/data/data/com.termux/files/usr/lib/python3.13/site-packages/django/core/handlers/base.py", line 197, in _get_response
    response = wrapped_callback(request, *callback_args, **callback_kwargs)
  File "/data/data/com.termux/files/usr/lib/python3.13/site-packages/django/contrib/auth/decorators.py", line 59, in _view_wrapper
    return view_func(request, *args, **kwargs)
  File "/storage/emulated/0/django/p1/app/views_frontend.py", line 8104, in system_cache_status
    'hit_rate': random.randint(75, 94),
                ^^^^^^
NameError: name 'random' is not defined. Did you forget to import 'random'?
ERROR 2026-08-05 14:56:31,602 log Internal Server Error: /api/system/queue-status/
Traceback (most recent call last):
  File "/data/data/com.termux/files/usr/lib/python3.13/site-packages/django/core/handlers/exception.py", line 55, in inner
    response = get_response(request)
  File "/data/data/com.termux/files/usr/lib/python3.13/site-packages/django/core/handlers/base.py", line 197, in _get_response
    response = wrapped_callback(request, *callback_args, **callback_kwargs)
  File "/data/data/com.termux/files/usr/lib/python3.13/site-packages/django/contrib/auth/decorators.py", line 59, in _view_wrapper
    return view_func(request, *args, **kwargs)
  File "/storage/emulated/0/django/p1/app/views_frontend.py", line 8152, in system_queue_status
    'active_workers': random.randint(2, 6),
                      ^^^^^^
NameError: name 'random' is not defined. Did you forget to import 'random'?
INFO 2026-08-05 15:21:50,499 apps AXES: BEGIN version 8.3.1, blocking by ip_address
INFO 2026-08-05 15:21:56,747 apps AXES: BEGIN version 8.3.1, blocking by ip_address
INFO 2026-08-05 15:21:56,878 autoreload Watching for file changes with StatReloader
INFO 2026-08-05 15:44:37,376 autoreload /storage/emulated/0/django/p1/app/models.py changed, reloading.
INFO 2026-08-05 15:44:51,888 apps AXES: BEGIN version 8.3.1, blocking by ip_address
INFO 2026-08-05 15:44:52,016 autoreload Watching for file changes with StatReloader
INFO 2026-08-05 15:45:38,894 apps AXES: BEGIN version 8.3.1, blocking by ip_address
INFO 2026-08-05 15:46:12,518 apps AXES: BEGIN version 8.3.1, blocking by ip_address
INFO 2026-08-05 15:46:30,819 apps AXES: BEGIN version 8.3.1, blocking by ip_address
INFO 2026-08-05 15:46:36,049 apps AXES: BEGIN version 8.3.1, blocking by ip_address
INFO 2026-08-05 15:46:36,161 autoreload Watching for file changes with StatReloader
ERROR 2026-08-05 15:48:21,173 log Internal Server Error: /ajax/get-purchase-products/
Traceback (most recent call last):
  File "/data/data/com.termux/files/usr/lib/python3.13/site-packages/django/core/handlers/exception.py", line 55, in inner
    response = get_response(request)
  File "/data/data/com.termux/files/usr/lib/python3.13/site-packages/django/core/handlers/base.py", line 197, in _get_response
    response = wrapped_callback(request, *callback_args, **callback_kwargs)
  File "/data/data/com.termux/files/usr/lib/python3.13/site-packages/django/contrib/auth/decorators.py", line 59, in _view_wrapper
    return view_func(request, *args, **kwargs)
  File "/storage/emulated/0/django/p1/app/views_frontend.py", line 7453, in get_purchase_products
    remaining_qty = item.qty - returned_qty
                    ~~~~~~~~~^~~~~~~~~~~~~~
TypeError: unsupported operand type(s) for -: 'float' and 'decimal.Decimal'
ERROR 2026-08-05 15:48:39,926 log Internal Server Error: /ajax/get-purchase-products/
Traceback (most recent call last):
  File "/data/data/com.termux/files/usr/lib/python3.13/site-packages/django/core/handlers/exception.py", line 55, in inner
    response = get_response(request)
  File "/data/data/com.termux/files/usr/lib/python3.13/site-packages/django/core/handlers/base.py", line 197, in _get_response
    response = wrapped_callback(request, *callback_args, **callback_kwargs)
  File "/data/data/com.termux/files/usr/lib/python3.13/site-packages/django/contrib/auth/decorators.py", line 59, in _view_wrapper
    return view_func(request, *args, **kwargs)
  File "/storage/emulated/0/django/p1/app/views_frontend.py", line 7453, in get_purchase_products
    remaining_qty = item.qty - returned_qty
                    ~~~~~~~~~^~~~~~~~~~~~~~
TypeError: unsupported operand type(s) for -: 'float' and 'decimal.Decimal'
ERROR 2026-08-05 15:49:07,516 log Internal Server Error: /ajax/get-purchase-products/
Traceback (most recent call last):
  File "/data/data/com.termux/files/usr/lib/python3.13/site-packages/django/core/handlers/exception.py", line 55, in inner
    response = get_response(request)
  File "/data/data/com.termux/files/usr/lib/python3.13/site-packages/django/core/handlers/base.py", line 197, in _get_response
    response = wrapped_callback(request, *callback_args, **callback_kwargs)
  File "/data/data/com.termux/files/usr/lib/python3.13/site-packages/django/contrib/auth/decorators.py", line 59, in _view_wrapper
    return view_func(request, *args, **kwargs)
  File "/storage/emulated/0/django/p1/app/views_frontend.py", line 7453, in get_purchase_products
    remaining_qty = item.qty - returned_qty
                    ~~~~~~~~~^~~~~~~~~~~~~~
TypeError: unsupported operand type(s) for -: 'float' and 'decimal.Decimal'
INFO 2026-08-05 16:16:11,999 apps AXES: BEGIN version 8.3.1, blocking by ip_address
INFO 2026-08-05 16:16:17,236 apps AXES: BEGIN version 8.3.1, blocking by ip_address
INFO 2026-08-05 16:16:17,356 autoreload Watching for file changes with StatReloader
ERROR 2026-08-05 16:16:54,969 log Internal Server Error: /ajax/get-purchase-products/
Traceback (most recent call last):
  File "/data/data/com.termux/files/usr/lib/python3.13/site-packages/django/core/handlers/exception.py", line 55, in inner
    response = get_response(request)
  File "/data/data/com.termux/files/usr/lib/python3.13/site-packages/django/core/handlers/base.py", line 197, in _get_response
    response = wrapped_callback(request, *callback_args, **callback_kwargs)
  File "/data/data/com.termux/files/usr/lib/python3.13/site-packages/django/contrib/auth/decorators.py", line 59, in _view_wrapper
    return view_func(request, *args, **kwargs)
  File "/storage/emulated/0/django/p1/app/views_frontend.py", line 7453, in get_purchase_products
    remaining_qty = item.qty - returned_qty
                    ~~~~~~~~~^~~~~~~~~~~~~~
TypeError: unsupported operand type(s) for -: 'float' and 'decimal.Decimal'
INFO 2026-08-05 22:35:54,551 apps AXES: BEGIN version 8.3.1, blocking by ip_address
INFO 2026-08-05 22:35:59,893 apps AXES: BEGIN version 8.3.1, blocking by ip_address
INFO 2026-08-05 22:36:00,020 autoreload Watching for file changes with StatReloader
ERROR 2026-08-05 22:36:45,715 log Internal Server Error: /api/system/cache-status/
Traceback (most recent call last):
  File "/storage/emulated/0/django/p1/app/views_frontend.py", line 8103, in system_cache_status
    hit_rate = cache.get('stats:hit_rate', None)
               ^^^^^
NameError: name 'cache' is not defined

During handling of the above exception, another exception occurred:

Traceback (most recent call last):
  File "/data/data/com.termux/files/usr/lib/python3.13/site-packages/django/core/handlers/exception.py", line 55, in inner
    response = get_response(request)
  File "/data/data/com.termux/files/usr/lib/python3.13/site-packages/django/core/handlers/base.py", line 197, in _get_response
    response = wrapped_callback(request, *callback_args, **callback_kwargs)
  File "/data/data/com.termux/files/usr/lib/python3.13/site-packages/django/contrib/auth/decorators.py", line 59, in _view_wrapper
    return view_func(request, *args, **kwargs)
  File "/storage/emulated/0/django/p1/app/views_frontend.py", line 8126, in system_cache_status
    'hit_rate': random.randint(75, 94),
                ^^^^^^
NameError: name 'random' is not defined. Did you forget to import 'random'?
ERROR 2026-08-05 22:36:45,806 log Internal Server Error: /api/system/queue-status/
Traceback (most recent call last):
  File "/data/data/com.termux/files/usr/lib/python3.13/site-packages/django/core/handlers/exception.py", line 55, in inner
    response = get_response(request)
  File "/data/data/com.termux/files/usr/lib/python3.13/site-packages/django/core/handlers/base.py", line 197, in _get_response
    response = wrapped_callback(request, *callback_args, **callback_kwargs)
  File "/data/data/com.termux/files/usr/lib/python3.13/site-packages/django/contrib/auth/decorators.py", line 59, in _view_wrapper
    return view_func(request, *args, **kwargs)
  File "/storage/emulated/0/django/p1/app/views_frontend.py", line 8174, in system_queue_status
    'active_workers': random.randint(2, 6),
                      ^^^^^^
NameError: name 'random' is not defined. Did you forget to import 'random'?
INFO 2026-08-06 06:48:31,398 apps AXES: BEGIN version 8.3.1, blocking by ip_address
INFO 2026-08-06 06:48:45,347 apps AXES: BEGIN version 8.3.1, blocking by ip_address
INFO 2026-08-06 06:48:45,570 autoreload Watching for file changes with StatReloader
INFO 2026-08-06 07:05:15,403 autoreload /storage/emulated/0/django/p1/app/views_frontend.py changed, reloading.
INFO 2026-08-06 07:05:27,104 apps AXES: BEGIN version 8.3.1, blocking by ip_address
INFO 2026-08-06 07:05:27,317 autoreload Watching for file changes with StatReloader
ERROR 2026-08-06 07:06:40,155 log Internal Server Error: /ajax/get-purchase-products/
Traceback (most recent call last):
  File "/data/data/com.termux/files/usr/lib/python3.13/site-packages/django/core/handlers/exception.py", line 55, in inner
    response = get_response(request)
  File "/data/data/com.termux/files/usr/lib/python3.13/site-packages/django/core/handlers/base.py", line 197, in _get_response
    response = wrapped_callback(request, *callback_args, **callback_kwargs)
  File "/data/data/com.termux/files/usr/lib/python3.13/site-packages/django/contrib/auth/decorators.py", line 59, in _view_wrapper
    return view_func(request, *args, **kwargs)
  File "/storage/emulated/0/django/p1/app/views_frontend.py", line 7466, in get_purchase_products
    remaining_qty = item.qty - returned_qty
                    ~~~~~~~~~^~~~~~~~~~~~~~
TypeError: unsupported operand type(s) for -: 'float' and 'decimal.Decimal'
ERROR 2026-08-06 07:06:54,787 log Internal Server Error: /ajax/get-purchase-products/
Traceback (most recent call last):
  File "/data/data/com.termux/files/usr/lib/python3.13/site-packages/django/core/handlers/exception.py", line 55, in inner
    response = get_response(request)
  File "/data/data/com.termux/files/usr/lib/python3.13/site-packages/django/core/handlers/base.py", line 197, in _get_response
    response = wrapped_callback(request, *callback_args, **callback_kwargs)
  File "/data/data/com.termux/files/usr/lib/python3.13/site-packages/django/contrib/auth/decorators.py", line 59, in _view_wrapper
    return view_func(request, *args, **kwargs)
  File "/storage/emulated/0/django/p1/app/views_frontend.py", line 7466, in get_purchase_products
    remaining_qty = item.qty - returned_qty
                    ~~~~~~~~~^~~~~~~~~~~~~~
TypeError: unsupported operand type(s) for -: 'float' and 'decimal.Decimal'
ERROR 2026-08-06 07:17:56,306 log Internal Server Error: /returns/purchase/
Traceback (most recent call last):
  File "/data/data/com.termux/files/usr/lib/python3.13/site-packages/django/core/handlers/exception.py", line 55, in inner
    response = get_response(request)
  File "/data/data/com.termux/files/usr/lib/python3.13/site-packages/django/core/handlers/base.py", line 197, in _get_response
    response = wrapped_callback(request, *callback_args, **callback_kwargs)
  File "/data/data/com.termux/files/usr/lib/python3.13/site-packages/django/contrib/auth/decorators.py", line 59, in _view_wrapper
    return view_func(request, *args, **kwargs)
  File "/storage/emulated/0/django/p1/app/views_frontend.py", line 7239, in purchase_return_list
    return render(request, 'returns/purchase_return_list.html', context)
  File "/data/data/com.termux/files/usr/lib/python3.13/site-packages/django/shortcuts.py", line 25, in render
    content = loader.render_to_string(template_name, context, request, using=using)
  File "/data/data/com.termux/files/usr/lib/python3.13/site-packages/django/template/loader.py", line 61, in render_to_string
    template = get_template(template_name, using=using)
  File "/data/data/com.termux/files/usr/lib/python3.13/site-packages/django/template/loader.py", line 15, in get_template
    return engine.get_template(template_name)
           ~~~~~~~~~~~~~~~~~~~^^^^^^^^^^^^^^^
  File "/data/data/com.termux/files/usr/lib/python3.13/site-packages/django/template/backends/django.py", line 79, in get_template
    return Template(self.engine.get_template(template_name), self)
                    ~~~~~~~~~~~~~~~~~~~~~~~~^^^^^^^^^^^^^^^
  File "/data/data/com.termux/files/usr/lib/python3.13/site-packages/django/template/engine.py", line 177, in get_template
    template, origin = self.find_template(template_name)
                       ~~~~~~~~~~~~~~~~~~^^^^^^^^^^^^^^^
  File "/data/data/com.termux/files/usr/lib/python3.13/site-packages/django/template/engine.py", line 159, in find_template
    template = loader.get_template(name, skip=skip)
  File "/data/data/com.termux/files/usr/lib/python3.13/site-packages/django/template/loaders/cached.py", line 57, in get_template
    template = super().get_template(template_name, skip)
  File "/data/data/com.termux/files/usr/lib/python3.13/site-packages/django/template/loaders/base.py", line 28, in get_template
    return Template(
        contents,
    ...<2 lines>...
        self.engine,
    )
  File "/data/data/com.termux/files/usr/lib/python3.13/site-packages/django/template/base.py", line 155, in __init__
    self.nodelist = self.compile_nodelist()
                    ~~~~~~~~~~~~~~~~~~~~~^^
  File "/data/data/com.termux/files/usr/lib/python3.13/site-packages/django/template/base.py", line 197, in compile_nodelist
    nodelist = parser.parse()
  File "/data/data/com.termux/files/usr/lib/python3.13/site-packages/django/template/base.py", line 519, in parse
    raise self.error(token, e)
  File "/data/data/com.termux/files/usr/lib/python3.13/site-packages/django/template/base.py", line 517, in parse
    compiled_result = compile_func(self, token)
  File "/data/data/com.termux/files/usr/lib/python3.13/site-packages/django/template/loader_tags.py", line 299, in do_extends
    nodelist = parser.parse()
  File "/data/data/com.termux/files/usr/lib/python3.13/site-packages/django/template/base.py", line 519, in parse
    raise self.error(token, e)
  File "/data/data/com.termux/files/usr/lib/python3.13/site-packages/django/template/base.py", line 517, in parse
    compiled_result = compile_func(self, token)
  File "/data/data/com.termux/files/usr/lib/python3.13/site-packages/django/template/loader_tags.py", line 234, in do_block
    nodelist = parser.parse(("endblock",))
  File "/data/data/com.termux/files/usr/lib/python3.13/site-packages/django/template/base.py", line 519, in parse
    raise self.error(token, e)
  File "/data/data/com.termux/files/usr/lib/python3.13/site-packages/django/template/base.py", line 517, in parse
    compiled_result = compile_func(self, token)
  File "/data/data/com.termux/files/usr/lib/python3.13/site-packages/django/template/defaulttags.py", line 1540, in do_with
    nodelist = parser.parse(("endwith",))
  File "/data/data/com.termux/files/usr/lib/python3.13/site-packages/django/template/base.py", line 519, in parse
    raise self.error(token, e)
  File "/data/data/com.termux/files/usr/lib/python3.13/site-packages/django/template/base.py", line 517, in parse
    compiled_result = compile_func(self, token)
  File "/data/data/com.termux/files/usr/lib/python3.13/site-packages/django/template/defaulttags.py", line 862, in do_for
    nodelist_loop = parser.parse(
        (
    ...<2 lines>...
        )
    )
  File "/data/data/com.termux/files/usr/lib/python3.13/site-packages/django/template/base.py", line 519, in parse
    raise self.error(token, e)
  File "/data/data/com.termux/files/usr/lib/python3.13/site-packages/django/template/base.py", line 517, in parse
    compiled_result = compile_func(self, token)
  File "/data/data/com.termux/files/usr/lib/python3.13/site-packages/django/template/defaulttags.py", line 1531, in do_with
    extra_context = token_kwargs(remaining_bits, parser, support_legacy=True)
  File "/data/data/com.termux/files/usr/lib/python3.13/site-packages/django/template/base.py", line 1129, in token_kwargs
    kwargs[key] = parser.compile_filter(value)
                  ~~~~~~~~~~~~~~~~~~~~~^^^^^^^
  File "/data/data/com.termux/files/usr/lib/python3.13/site-packages/django/template/base.py", line 610, in compile_filter
    return FilterExpression(token, self)
  File "/data/data/com.termux/files/usr/lib/python3.13/site-packages/django/template/base.py", line 706, in __init__
    filter_func = parser.find_filter(filter_name)
  File "/data/data/com.termux/files/usr/lib/python3.13/site-packages/django/template/base.py", line 616, in find_filter
    raise TemplateSyntaxError("Invalid filter: '%s'" % filter_name)
django.template.exceptions.TemplateSyntaxError: Invalid filter: 'sum_attribute'
WARNING 2026-08-06 07:17:56,867 log Not Found: /favicon.ico
ERROR 2026-08-06 07:18:01,090 log Internal Server Error: /returns/purchase/
Traceback (most recent call last):
  File "/data/data/com.termux/files/usr/lib/python3.13/site-packages/django/core/handlers/exception.py", line 55, in inner
    response = get_response(request)
  File "/data/data/com.termux/files/usr/lib/python3.13/site-packages/django/core/handlers/base.py", line 197, in _get_response
    response = wrapped_callback(request, *callback_args, **callback_kwargs)
  File "/data/data/com.termux/files/usr/lib/python3.13/site-packages/django/contrib/auth/decorators.py", line 59, in _view_wrapper
    return view_func(request, *args, **kwargs)
  File "/storage/emulated/0/django/p1/app/views_frontend.py", line 7239, in purchase_return_list
    return render(request, 'returns/purchase_return_list.html', context)
  File "/data/data/com.termux/files/usr/lib/python3.13/site-packages/django/shortcuts.py", line 25, in render
    content = loader.render_to_string(template_name, context, request, using=using)
  File "/data/data/com.termux/files/usr/lib/python3.13/site-packages/django/template/loader.py", line 61, in render_to_string
    template = get_template(template_name, using=using)
  File "/data/data/com.termux/files/usr/lib/python3.13/site-packages/django/template/loader.py", line 15, in get_template
    return engine.get_template(template_name)
           ~~~~~~~~~~~~~~~~~~~^^^^^^^^^^^^^^^
  File "/data/data/com.termux/files/usr/lib/python3.13/site-packages/django/template/backends/django.py", line 79, in get_template
    return Template(self.engine.get_template(template_name), self)
                    ~~~~~~~~~~~~~~~~~~~~~~~~^^^^^^^^^^^^^^^
  File "/data/data/com.termux/files/usr/lib/python3.13/site-packages/django/template/engine.py", line 177, in get_template
    template, origin = self.find_template(template_name)
                       ~~~~~~~~~~~~~~~~~~^^^^^^^^^^^^^^^
  File "/data/data/com.termux/files/usr/lib/python3.13/site-packages/django/template/engine.py", line 159, in find_template
    template = loader.get_template(name, skip=skip)
  File "/data/data/com.termux/files/usr/lib/python3.13/site-packages/django/template/loaders/cached.py", line 57, in get_template
    template = super().get_template(template_name, skip)
  File "/data/data/com.termux/files/usr/lib/python3.13/site-packages/django/template/loaders/base.py", line 28, in get_template
    return Template(
        contents,
    ...<2 lines>...
        self.engine,
    )
  File "/data/data/com.termux/files/usr/lib/python3.13/site-packages/django/template/base.py", line 155, in __init__
    self.nodelist = self.compile_nodelist()
                    ~~~~~~~~~~~~~~~~~~~~~^^
  File "/data/data/com.termux/files/usr/lib/python3.13/site-packages/django/template/base.py", line 197, in compile_nodelist
    nodelist = parser.parse()
  File "/data/data/com.termux/files/usr/lib/python3.13/site-packages/django/template/base.py", line 519, in parse
    raise self.error(token, e)
  File "/data/data/com.termux/files/usr/lib/python3.13/site-packages/django/template/base.py", line 517, in parse
    compiled_result = compile_func(self, token)
  File "/data/data/com.termux/files/usr/lib/python3.13/site-packages/django/template/loader_tags.py", line 299, in do_extends
    nodelist = parser.parse()
  File "/data/data/com.termux/files/usr/lib/python3.13/site-packages/django/template/base.py", line 519, in parse
    raise self.error(token, e)
  File "/data/data/com.termux/files/usr/lib/python3.13/site-packages/django/template/base.py", line 517, in parse
    compiled_result = compile_func(self, token)
  File "/data/data/com.termux/files/usr/lib/python3.13/site-packages/django/template/loader_tags.py", line 234, in do_block
    nodelist = parser.parse(("endblock",))
  File "/data/data/com.termux/files/usr/lib/python3.13/site-packages/django/template/base.py", line 519, in parse
    raise self.error(token, e)
  File "/data/data/com.termux/files/usr/lib/python3.13/site-packages/django/template/base.py", line 517, in parse
    compiled_result = compile_func(self, token)
  File "/data/data/com.termux/files/usr/lib/python3.13/site-packages/django/template/defaulttags.py", line 1540, in do_with
    nodelist = parser.parse(("endwith",))
  File "/data/data/com.termux/files/usr/lib/python3.13/site-packages/django/template/base.py", line 519, in parse
    raise self.error(token, e)
  File "/data/data/com.termux/files/usr/lib/python3.13/site-packages/django/template/base.py", line 517, in parse
    compiled_result = compile_func(self, token)
  File "/data/data/com.termux/files/usr/lib/python3.13/site-packages/django/template/defaulttags.py", line 862, in do_for
    nodelist_loop = parser.parse(
        (
    ...<2 lines>...
        )
    )
  File "/data/data/com.termux/files/usr/lib/python3.13/site-packages/django/template/base.py", line 519, in parse
    raise self.error(token, e)
  File "/data/data/com.termux/files/usr/lib/python3.13/site-packages/django/template/base.py", line 517, in parse
    compiled_result = compile_func(self, token)
  File "/data/data/com.termux/files/usr/lib/python3.13/site-packages/django/template/defaulttags.py", line 1531, in do_with
    extra_context = token_kwargs(remaining_bits, parser, support_legacy=True)
  File "/data/data/com.termux/files/usr/lib/python3.13/site-packages/django/template/base.py", line 1129, in token_kwargs
    kwargs[key] = parser.compile_filter(value)
                  ~~~~~~~~~~~~~~~~~~~~~^^^^^^^
  File "/data/data/com.termux/files/usr/lib/python3.13/site-packages/django/template/base.py", line 610, in compile_filter
    return FilterExpression(token, self)
  File "/data/data/com.termux/files/usr/lib/python3.13/site-packages/django/template/base.py", line 706, in __init__
    filter_func = parser.find_filter(filter_name)
  File "/data/data/com.termux/files/usr/lib/python3.13/site-packages/django/template/base.py", line 616, in find_filter
    raise TemplateSyntaxError("Invalid filter: '%s'" % filter_name)
django.template.exceptions.TemplateSyntaxError: Invalid filter: 'sum_attribute'
INFO 2026-08-06 07:20:14,125 autoreload /storage/emulated/0/django/p1/app/templatetags/custom_filters.py changed, reloading.
INFO 2026-08-06 07:20:23,696 apps AXES: BEGIN version 8.3.1, blocking by ip_address
INFO 2026-08-06 07:20:23,871 autoreload Watching for file changes with StatReloader
ERROR 2026-08-06 07:20:33,460 log Internal Server Error: /returns/purchase/
Traceback (most recent call last):
  File "/data/data/com.termux/files/usr/lib/python3.13/site-packages/django/core/handlers/exception.py", line 55, in inner
    response = get_response(request)
  File "/data/data/com.termux/files/usr/lib/python3.13/site-packages/django/core/handlers/base.py", line 197, in _get_response
    response = wrapped_callback(request, *callback_args, **callback_kwargs)
  File "/data/data/com.termux/files/usr/lib/python3.13/site-packages/django/contrib/auth/decorators.py", line 59, in _view_wrapper
    return view_func(request, *args, **kwargs)
  File "/storage/emulated/0/django/p1/app/views_frontend.py", line 7239, in purchase_return_list
    return render(request, 'returns/purchase_return_list.html', context)
  File "/data/data/com.termux/files/usr/lib/python3.13/site-packages/django/shortcuts.py", line 25, in render
    content = loader.render_to_string(template_name, context, request, using=using)
  File "/data/data/com.termux/files/usr/lib/python3.13/site-packages/django/template/loader.py", line 62, in render_to_string
    return template.render(context, request)
           ~~~~~~~~~~~~~~~^^^^^^^^^^^^^^^^^^
  File "/data/data/com.termux/files/usr/lib/python3.13/site-packages/django/template/backends/django.py", line 107, in render
    return self.template.render(context)
           ~~~~~~~~~~~~~~~~~~~~^^^^^^^^^
  File "/data/data/com.termux/files/usr/lib/python3.13/site-packages/django/template/base.py", line 172, in render
    return self._render(context)
           ~~~~~~~~~~~~^^^^^^^^^
  File "/data/data/com.termux/files/usr/lib/python3.13/site-packages/django/template/base.py", line 164, in _render
    return self.nodelist.render(context)
           ~~~~~~~~~~~~~~~~~~~~^^^^^^^^^
  File "/data/data/com.termux/files/usr/lib/python3.13/site-packages/django/template/base.py", line 1018, in render
    return SafeString("".join([node.render_annotated(context) for node in self]))
                               ~~~~~~~~~~~~~~~~~~~~~^^^^^^^^^
  File "/data/data/com.termux/files/usr/lib/python3.13/site-packages/django/template/base.py", line 979, in render_annotated
    return self.render(context)
           ~~~~~~~~~~~^^^^^^^^^
  File "/data/data/com.termux/files/usr/lib/python3.13/site-packages/django/template/loader_tags.py", line 159, in render
    return compiled_parent._render(context)
           ~~~~~~~~~~~~~~~~~~~~~~~^^^^^^^^^
  File "/data/data/com.termux/files/usr/lib/python3.13/site-packages/django/template/base.py", line 164, in _render
    return self.nodelist.render(context)
           ~~~~~~~~~~~~~~~~~~~~^^^^^^^^^
  File "/data/data/com.termux/files/usr/lib/python3.13/site-packages/django/template/base.py", line 1018, in render
    return SafeString("".join([node.render_annotated(context) for node in self]))
                               ~~~~~~~~~~~~~~~~~~~~~^^^^^^^^^
  File "/data/data/com.termux/files/usr/lib/python3.13/site-packages/django/template/base.py", line 979, in render_annotated
    return self.render(context)
           ~~~~~~~~~~~^^^^^^^^^
  File "/data/data/com.termux/files/usr/lib/python3.13/site-packages/django/template/loader_tags.py", line 65, in render
    result = block.nodelist.render(context)
  File "/data/data/com.termux/files/usr/lib/python3.13/site-packages/django/template/base.py", line 1018, in render
    return SafeString("".join([node.render_annotated(context) for node in self]))
                               ~~~~~~~~~~~~~~~~~~~~~^^^^^^^^^
  File "/data/data/com.termux/files/usr/lib/python3.13/site-packages/django/template/base.py", line 979, in render_annotated
    return self.render(context)
           ~~~~~~~~~~~^^^^^^^^^
  File "/data/data/com.termux/files/usr/lib/python3.13/site-packages/django/template/defaulttags.py", line 550, in render
    return self.nodelist.render(context)
           ~~~~~~~~~~~~~~~~~~~~^^^^^^^^^
  File "/data/data/com.termux/files/usr/lib/python3.13/site-packages/django/template/base.py", line 1018, in render
    return SafeString("".join([node.render_annotated(context) for node in self]))
                               ~~~~~~~~~~~~~~~~~~~~~^^^^^^^^^
  File "/data/data/com.termux/files/usr/lib/python3.13/site-packages/django/template/base.py", line 979, in render_annotated
    return self.render(context)
           ~~~~~~~~~~~^^^^^^^^^
  File "/data/data/com.termux/files/usr/lib/python3.13/site-packages/django/template/defaulttags.py", line 243, in render
    nodelist.append(node.render_annotated(context))
                    ~~~~~~~~~~~~~~~~~~~~~^^^^^^^^^
  File "/data/data/com.termux/files/usr/lib/python3.13/site-packages/django/template/base.py", line 979, in render_annotated
    return self.render(context)
           ~~~~~~~~~~~^^^^^^^^^
  File "/data/data/com.termux/files/usr/lib/python3.13/site-packages/django/template/defaulttags.py", line 548, in render
    values = {key: val.resolve(context) for key, val in self.extra_context.items()}
                   ~~~~~~~~~~~^^^^^^^^^
  File "/data/data/com.termux/files/usr/lib/python3.13/site-packages/django/template/base.py", line 750, in resolve
    new_obj = func(obj, *arg_vals)
  File "/storage/emulated/0/django/p1/app/templatetags/custom_filters.py", line 73, in add_filter
    return Decimal(str(value)) + Decimal(str(arg))
                                 ~~~~~~~^^^^^^^^^^
decimal.InvalidOperation: [<class 'decimal.ConversionSyntax'>]
ERROR 2026-08-06 07:20:37,118 log Internal Server Error: /returns/purchase/
Traceback (most recent call last):
  File "/data/data/com.termux/files/usr/lib/python3.13/site-packages/django/core/handlers/exception.py", line 55, in inner
    response = get_response(request)
  File "/data/data/com.termux/files/usr/lib/python3.13/site-packages/django/core/handlers/base.py", line 197, in _get_response
    response = wrapped_callback(request, *callback_args, **callback_kwargs)
  File "/data/data/com.termux/files/usr/lib/python3.13/site-packages/django/contrib/auth/decorators.py", line 59, in _view_wrapper
    return view_func(request, *args, **kwargs)
  File "/storage/emulated/0/django/p1/app/views_frontend.py", line 7239, in purchase_return_list
    return render(request, 'returns/purchase_return_list.html', context)
  File "/data/data/com.termux/files/usr/lib/python3.13/site-packages/django/shortcuts.py", line 25, in render
    content = loader.render_to_string(template_name, context, request, using=using)
  File "/data/data/com.termux/files/usr/lib/python3.13/site-packages/django/template/loader.py", line 62, in render_to_string
    return template.render(context, request)
           ~~~~~~~~~~~~~~~^^^^^^^^^^^^^^^^^^
  File "/data/data/com.termux/files/usr/lib/python3.13/site-packages/django/template/backends/django.py", line 107, in render
    return self.template.render(context)
           ~~~~~~~~~~~~~~~~~~~~^^^^^^^^^
  File "/data/data/com.termux/files/usr/lib/python3.13/site-packages/django/template/base.py", line 172, in render
    return self._render(context)
           ~~~~~~~~~~~~^^^^^^^^^
  File "/data/data/com.termux/files/usr/lib/python3.13/site-packages/django/template/base.py", line 164, in _render
    return self.nodelist.render(context)
           ~~~~~~~~~~~~~~~~~~~~^^^^^^^^^
  File "/data/data/com.termux/files/usr/lib/python3.13/site-packages/django/template/base.py", line 1018, in render
    return SafeString("".join([node.render_annotated(context) for node in self]))
                               ~~~~~~~~~~~~~~~~~~~~~^^^^^^^^^
  File "/data/data/com.termux/files/usr/lib/python3.13/site-packages/django/template/base.py", line 979, in render_annotated
    return self.render(context)
           ~~~~~~~~~~~^^^^^^^^^
  File "/data/data/com.termux/files/usr/lib/python3.13/site-packages/django/template/loader_tags.py", line 159, in render
    return compiled_parent._render(context)
           ~~~~~~~~~~~~~~~~~~~~~~~^^^^^^^^^
  File "/data/data/com.termux/files/usr/lib/python3.13/site-packages/django/template/base.py", line 164, in _render
    return self.nodelist.render(context)
           ~~~~~~~~~~~~~~~~~~~~^^^^^^^^^
  File "/data/data/com.termux/files/usr/lib/python3.13/site-packages/django/template/base.py", line 1018, in render
    return SafeString("".join([node.render_annotated(context) for node in self]))
                               ~~~~~~~~~~~~~~~~~~~~~^^^^^^^^^
  File "/data/data/com.termux/files/usr/lib/python3.13/site-packages/django/template/base.py", line 979, in render_annotated
    return self.render(context)
           ~~~~~~~~~~~^^^^^^^^^
  File "/data/data/com.termux/files/usr/lib/python3.13/site-packages/django/template/loader_tags.py", line 65, in render
    result = block.nodelist.render(context)
  File "/data/data/com.termux/files/usr/lib/python3.13/site-packages/django/template/base.py", line 1018, in render
    return SafeString("".join([node.render_annotated(context) for node in self]))
                               ~~~~~~~~~~~~~~~~~~~~~^^^^^^^^^
  File "/data/data/com.termux/files/usr/lib/python3.13/site-packages/django/template/base.py", line 979, in render_annotated
    return self.render(context)
           ~~~~~~~~~~~^^^^^^^^^
  File "/data/data/com.termux/files/usr/lib/python3.13/site-packages/django/template/defaulttags.py", line 550, in render
    return self.nodelist.render(context)
           ~~~~~~~~~~~~~~~~~~~~^^^^^^^^^
  File "/data/data/com.termux/files/usr/lib/python3.13/site-packages/django/template/base.py", line 1018, in render
    return SafeString("".join([node.render_annotated(context) for node in self]))
                               ~~~~~~~~~~~~~~~~~~~~~^^^^^^^^^
  File "/data/data/com.termux/files/usr/lib/python3.13/site-packages/django/template/base.py", line 979, in render_annotated
    return self.render(context)
           ~~~~~~~~~~~^^^^^^^^^
  File "/data/data/com.termux/files/usr/lib/python3.13/site-packages/django/template/defaulttags.py", line 243, in render
    nodelist.append(node.render_annotated(context))
                    ~~~~~~~~~~~~~~~~~~~~~^^^^^^^^^
  File "/data/data/com.termux/files/usr/lib/python3.13/site-packages/django/template/base.py", line 979, in render_annotated
    return self.render(context)
           ~~~~~~~~~~~^^^^^^^^^
  File "/data/data/com.termux/files/usr/lib/python3.13/site-packages/django/template/defaulttags.py", line 548, in render
    values = {key: val.resolve(context) for key, val in self.extra_context.items()}
                   ~~~~~~~~~~~^^^^^^^^^
  File "/data/data/com.termux/files/usr/lib/python3.13/site-packages/django/template/base.py", line 750, in resolve
    new_obj = func(obj, *arg_vals)
  File "/storage/emulated/0/django/p1/app/templatetags/custom_filters.py", line 73, in add_filter
    return Decimal(str(value)) + Decimal(str(arg))
                                 ~~~~~~~^^^^^^^^^^
decimal.InvalidOperation: [<class 'decimal.ConversionSyntax'>]
INFO 2026-08-06 07:21:48,499 autoreload /storage/emulated/0/django/p1/app/templatetags/custom_filters.py changed, reloading.
INFO 2026-08-06 07:21:55,829 apps AXES: BEGIN version 8.3.1, blocking by ip_address
INFO 2026-08-06 07:21:55,959 autoreload Watching for file changes with StatReloader
INFO 2026-08-06 07:25:19,522 autoreload /storage/emulated/0/django/p1/app/views_frontend.py changed, reloading.
INFO 2026-08-06 07:25:30,929 apps AXES: BEGIN version 8.3.1, blocking by ip_address
INFO 2026-08-06 07:25:31,162 autoreload Watching for file changes with StatReloader
ERROR 2026-08-06 07:34:49,226 log Internal Server Error: /ajax/get-purchase-products/
Traceback (most recent call last):
  File "/data/data/com.termux/files/usr/lib/python3.13/site-packages/django/core/handlers/exception.py", line 55, in inner
    response = get_response(request)
  File "/data/data/com.termux/files/usr/lib/python3.13/site-packages/django/core/handlers/base.py", line 197, in _get_response
    response = wrapped_callback(request, *callback_args, **callback_kwargs)
  File "/data/data/com.termux/files/usr/lib/python3.13/site-packages/django/contrib/auth/decorators.py", line 59, in _view_wrapper
    return view_func(request, *args, **kwargs)
  File "/storage/emulated/0/django/p1/app/views_frontend.py", line 7466, in get_purchase_products
    remaining_qty = item.qty - returned_qty
                    ~~~~~~~~~^~~~~~~~~~~~~~
TypeError: unsupported operand type(s) for -: 'float' and 'decimal.Decimal'
ERROR 2026-08-06 07:35:04,042 log Internal Server Error: /ajax/get-purchase-products/
Traceback (most recent call last):
  File "/data/data/com.termux/files/usr/lib/python3.13/site-packages/django/core/handlers/exception.py", line 55, in inner
    response = get_response(request)
  File "/data/data/com.termux/files/usr/lib/python3.13/site-packages/django/core/handlers/base.py", line 197, in _get_response
    response = wrapped_callback(request, *callback_args, **callback_kwargs)
  File "/data/data/com.termux/files/usr/lib/python3.13/site-packages/django/contrib/auth/decorators.py", line 59, in _view_wrapper
    return view_func(request, *args, **kwargs)
  File "/storage/emulated/0/django/p1/app/views_frontend.py", line 7466, in get_purchase_products
    remaining_qty = item.qty - returned_qty
                    ~~~~~~~~~^~~~~~~~~~~~~~
TypeError: unsupported operand type(s) for -: 'float' and 'decimal.Decimal'
INFO 2026-08-10 07:58:28,713 apps AXES: BEGIN version 8.3.1, blocking by ip_address
INFO 2026-08-10 07:58:34,095 apps AXES: BEGIN version 8.3.1, blocking by ip_address
INFO 2026-08-10 07:58:34,221 autoreload Watching for file changes with StatReloader
WARNING 2026-08-10 07:58:52,028 log Not Found: /favicon.ico
INFO 2026-08-10 07:58:57,242 database AXES: Successful login by {username: "********************", ip_address: "********************", user_agent: "Mozilla/5.0 (Linux; Android 10; K) AppleWebKit/537.36 (KHTML, like Gecko) Chrome/150.0.0.0 Mobile Safari/537.36", path_info: "/login/"}.
INFO 2026-08-10 07:58:57,259 database AXES: Cleaned up 0 expired access attempts from database that were older than 2026-08-10 01:58:56.037983+00:00
ERROR 2026-08-10 07:59:03,009 log Internal Server Error: /api/system/cache-status/
Traceback (most recent call last):
  File "/storage/emulated/0/django/p1/app/views_frontend.py", line 8116, in system_cache_status
    hit_rate = cache.get('stats:hit_rate', None)
               ^^^^^
NameError: name 'cache' is not defined

During handling of the above exception, another exception occurred:

Traceback (most recent call last):
  File "/data/data/com.termux/files/usr/lib/python3.13/site-packages/django/core/handlers/exception.py", line 55, in inner
    response = get_response(request)
  File "/data/data/com.termux/files/usr/lib/python3.13/site-packages/django/core/handlers/base.py", line 197, in _get_response
    response = wrapped_callback(request, *callback_args, **callback_kwargs)
  File "/data/data/com.termux/files/usr/lib/python3.13/site-packages/django/contrib/auth/decorators.py", line 59, in _view_wrapper
    return view_func(request, *args, **kwargs)
  File "/storage/emulated/0/django/p1/app/views_frontend.py", line 8139, in system_cache_status
    'hit_rate': random.randint(75, 94),
                ^^^^^^
NameError: name 'random' is not defined. Did you forget to import 'random'?
ERROR 2026-08-10 07:59:03,066 log Internal Server Error: /api/system/queue-status/
Traceback (most recent call last):
  File "/data/data/com.termux/files/usr/lib/python3.13/site-packages/django/core/handlers/exception.py", line 55, in inner
    response = get_response(request)
  File "/data/data/com.termux/files/usr/lib/python3.13/site-packages/django/core/handlers/base.py", line 197, in _get_response
    response = wrapped_callback(request, *callback_args, **callback_kwargs)
  File "/data/data/com.termux/files/usr/lib/python3.13/site-packages/django/contrib/auth/decorators.py", line 59, in _view_wrapper
    return view_func(request, *args, **kwargs)
  File "/storage/emulated/0/django/p1/app/views_frontend.py", line 8187, in system_queue_status
    'active_workers': random.randint(2, 6),
                      ^^^^^^
NameError: name 'random' is not defined. Did you forget to import 'random'?
ERROR 2026-08-10 07:59:09,057 log Internal Server Error: /api/system/cache-status/
Traceback (most recent call last):
  File "/storage/emulated/0/django/p1/app/views_frontend.py", line 8116, in system_cache_status
    hit_rate = cache.get('stats:hit_rate', None)
               ^^^^^
NameError: name 'cache' is not defined

During handling of the above exception, another exception occurred:

Traceback (most recent call last):
  File "/data/data/com.termux/files/usr/lib/python3.13/site-packages/django/core/handlers/exception.py", line 55, in inner
    response = get_response(request)
  File "/data/data/com.termux/files/usr/lib/python3.13/site-packages/django/core/handlers/base.py", line 197, in _get_response
    response = wrapped_callback(request, *callback_args, **callback_kwargs)
  File "/data/data/com.termux/files/usr/lib/python3.13/site-packages/django/contrib/auth/decorators.py", line 59, in _view_wrapper
    return view_func(request, *args, **kwargs)
  File "/storage/emulated/0/django/p1/app/views_frontend.py", line 8139, in system_cache_status
    'hit_rate': random.randint(75, 94),
                ^^^^^^
NameError: name 'random' is not defined. Did you forget to import 'random'?
ERROR 2026-08-10 07:59:09,158 log Internal Server Error: /api/system/queue-status/
Traceback (most recent call last):
  File "/data/data/com.termux/files/usr/lib/python3.13/site-packages/django/core/handlers/exception.py", line 55, in inner
    response = get_response(request)
  File "/data/data/com.termux/files/usr/lib/python3.13/site-packages/django/core/handlers/base.py", line 197, in _get_response
    response = wrapped_callback(request, *callback_args, **callback_kwargs)
  File "/data/data/com.termux/files/usr/lib/python3.13/site-packages/django/contrib/auth/decorators.py", line 59, in _view_wrapper
    return view_func(request, *args, **kwargs)
  File "/storage/emulated/0/django/p1/app/views_frontend.py", line 8187, in system_queue_status
    'active_workers': random.randint(2, 6),
                      ^^^^^^
NameError: name 'random' is not defined. Did you forget to import 'random'?
ERROR 2026-08-10 08:04:54,378 log Internal Server Error: /ajax/get-purchase-products/
Traceback (most recent call last):
  File "/data/data/com.termux/files/usr/lib/python3.13/site-packages/django/core/handlers/exception.py", line 55, in inner
    response = get_response(request)
  File "/data/data/com.termux/files/usr/lib/python3.13/site-packages/django/core/handlers/base.py", line 197, in _get_response
    response = wrapped_callback(request, *callback_args, **callback_kwargs)
  File "/data/data/com.termux/files/usr/lib/python3.13/site-packages/django/contrib/auth/decorators.py", line 59, in _view_wrapper
    return view_func(request, *args, **kwargs)
  File "/storage/emulated/0/django/p1/app/views_frontend.py", line 7466, in get_purchase_products
    remaining_qty = item.qty - returned_qty
                    ~~~~~~~~~^~~~~~~~~~~~~~
TypeError: unsupported operand type(s) for -: 'float' and 'decimal.Decimal'
ERROR 2026-08-10 08:05:22,007 log Internal Server Error: /ajax/get-purchase-products/
Traceback (most recent call last):
  File "/data/data/com.termux/files/usr/lib/python3.13/site-packages/django/core/handlers/exception.py", line 55, in inner
    response = get_response(request)
  File "/data/data/com.termux/files/usr/lib/python3.13/site-packages/django/core/handlers/base.py", line 197, in _get_response
    response = wrapped_callback(request, *callback_args, **callback_kwargs)
  File "/data/data/com.termux/files/usr/lib/python3.13/site-packages/django/contrib/auth/decorators.py", line 59, in _view_wrapper
    return view_func(request, *args, **kwargs)
  File "/storage/emulated/0/django/p1/app/views_frontend.py", line 7466, in get_purchase_products
    remaining_qty = item.qty - returned_qty
                    ~~~~~~~~~^~~~~~~~~~~~~~
TypeError: unsupported operand type(s) for -: 'float' and 'decimal.Decimal'
ERROR 2026-08-10 08:06:04,012 log Internal Server Error: /ajax/get-purchase-products/
Traceback (most recent call last):
  File "/data/data/com.termux/files/usr/lib/python3.13/site-packages/django/core/handlers/exception.py", line 55, in inner
    response = get_response(request)
  File "/data/data/com.termux/files/usr/lib/python3.13/site-packages/django/core/handlers/base.py", line 197, in _get_response
    response = wrapped_callback(request, *callback_args, **callback_kwargs)
  File "/data/data/com.termux/files/usr/lib/python3.13/site-packages/django/contrib/auth/decorators.py", line 59, in _view_wrapper
    return view_func(request, *args, **kwargs)
  File "/storage/emulated/0/django/p1/app/views_frontend.py", line 7466, in get_purchase_products
    remaining_qty = item.qty - returned_qty
                    ~~~~~~~~~^~~~~~~~~~~~~~
TypeError: unsupported operand type(s) for -: 'float' and 'decimal.Decimal'
ERROR 2026-08-10 08:06:22,515 log Internal Server Error: /ajax/get-purchase-products/
Traceback (most recent call last):
  File "/data/data/com.termux/files/usr/lib/python3.13/site-packages/django/core/handlers/exception.py", line 55, in inner
    response = get_response(request)
  File "/data/data/com.termux/files/usr/lib/python3.13/site-packages/django/core/handlers/base.py", line 197, in _get_response
    response = wrapped_callback(request, *callback_args, **callback_kwargs)
  File "/data/data/com.termux/files/usr/lib/python3.13/site-packages/django/contrib/auth/decorators.py", line 59, in _view_wrapper
    return view_func(request, *args, **kwargs)
  File "/storage/emulated/0/django/p1/app/views_frontend.py", line 7466, in get_purchase_products
    remaining_qty = item.qty - returned_qty
                    ~~~~~~~~~^~~~~~~~~~~~~~
TypeError: unsupported operand type(s) for -: 'float' and 'decimal.Decimal'
INFO 2026-08-10 20:57:16,926 apps AXES: BEGIN version 8.3.1, blocking by ip_address
INFO 2026-08-10 20:57:22,254 apps AXES: BEGIN version 8.3.1, blocking by ip_address
INFO 2026-08-10 20:57:22,371 autoreload Watching for file changes with StatReloader
ERROR 2026-08-10 20:57:45,575 log Internal Server Error: /api/system/queue-status/
Traceback (most recent call last):
  File "/data/data/com.termux/files/usr/lib/python3.13/site-packages/django/core/handlers/exception.py", line 55, in inner
    response = get_response(request)
  File "/data/data/com.termux/files/usr/lib/python3.13/site-packages/django/core/handlers/base.py", line 197, in _get_response
    response = wrapped_callback(request, *callback_args, **callback_kwargs)
  File "/data/data/com.termux/files/usr/lib/python3.13/site-packages/django/contrib/auth/decorators.py", line 59, in _view_wrapper
    return view_func(request, *args, **kwargs)
  File "/storage/emulated/0/django/p1/app/views_frontend.py", line 8187, in system_queue_status
    'active_workers': random.randint(2, 6),
                      ^^^^^^
NameError: name 'random' is not defined. Did you forget to import 'random'?
ERROR 2026-08-10 20:57:45,578 log Internal Server Error: /api/system/cache-status/
Traceback (most recent call last):
  File "/storage/emulated/0/django/p1/app/views_frontend.py", line 8116, in system_cache_status
    hit_rate = cache.get('stats:hit_rate', None)
               ^^^^^
NameError: name 'cache' is not defined

During handling of the above exception, another exception occurred:

Traceback (most recent call last):
  File "/data/data/com.termux/files/usr/lib/python3.13/site-packages/django/core/handlers/exception.py", line 55, in inner
    response = get_response(request)
  File "/data/data/com.termux/files/usr/lib/python3.13/site-packages/django/core/handlers/base.py", line 197, in _get_response
    response = wrapped_callback(request, *callback_args, **callback_kwargs)
  File "/data/data/com.termux/files/usr/lib/python3.13/site-packages/django/contrib/auth/decorators.py", line 59, in _view_wrapper
    return view_func(request, *args, **kwargs)
  File "/storage/emulated/0/django/p1/app/views_frontend.py", line 8139, in system_cache_status
    'hit_rate': random.randint(75, 94),
                ^^^^^^
NameError: name 'random' is not defined. Did you forget to import 'random'?
INFO 2026-08-10 20:59:46,010 database AXES: Cleaned up 0 expired access attempts from database that were older than 2026-08-10 14:59:46.001525+00:00
INFO 2026-08-10 20:59:46,011 database AXES: Successful logout by {username: "********************", ip_address: "********************", user_agent: "Mozilla/5.0 (Linux; Android 10; K) AppleWebKit/537.36 (KHTML, like Gecko) Chrome/150.0.0.0 Mobile Safari/537.36", path_info: "/logout/"}.
INFO 2026-08-15 12:10:47,973 apps AXES: BEGIN version 8.3.1, blocking by ip_address
INFO 2026-08-15 12:11:25,457 apps AXES: BEGIN version 8.3.1, blocking by ip_address
INFO 2026-08-15 12:11:55,947 apps AXES: BEGIN version 8.3.1, blocking by ip_address
INFO 2026-08-15 12:12:01,395 apps AXES: BEGIN version 8.3.1, blocking by ip_address
INFO 2026-08-15 12:12:01,523 autoreload Watching for file changes with StatReloader
WARNING 2026-08-15 12:12:44,491 log Not Found: /favicon.ico
INFO 2026-08-15 12:12:50,072 database AXES: Successful login by {username: "********************", ip_address: "********************", user_agent: "Mozilla/5.0 (Linux; Android 10; K) AppleWebKit/537.36 (KHTML, like Gecko) Chrome/151.0.0.0 Mobile Safari/537.36", path_info: "/login/"}.
INFO 2026-08-15 12:12:50,109 database AXES: Cleaned up 0 expired access attempts from database that were older than 2026-08-15 06:12:48.711752+00:00
ERROR 2026-08-15 12:12:57,363 log Internal Server Error: /api/system/cache-status/
Traceback (most recent call last):
  File "/storage/emulated/0/django/p1/app/views_frontend.py", line 8116, in system_cache_status
    hit_rate = cache.get('stats:hit_rate', None)
               ^^^^^
NameError: name 'cache' is not defined

During handling of the above exception, another exception occurred:

Traceback (most recent call last):
  File "/data/data/com.termux/files/usr/lib/python3.13/site-packages/django/core/handlers/exception.py", line 55, in inner
    response = get_response(request)
  File "/data/data/com.termux/files/usr/lib/python3.13/site-packages/django/core/handlers/base.py", line 197, in _get_response
    response = wrapped_callback(request, *callback_args, **callback_kwargs)
  File "/data/data/com.termux/files/usr/lib/python3.13/site-packages/django/contrib/auth/decorators.py", line 59, in _view_wrapper
    return view_func(request, *args, **kwargs)
  File "/storage/emulated/0/django/p1/app/views_frontend.py", line 8139, in system_cache_status
    'hit_rate': random.randint(75, 94),
                ^^^^^^
NameError: name 'random' is not defined. Did you forget to import 'random'?
ERROR 2026-08-15 12:12:57,431 log Internal Server Error: /api/system/queue-status/
Traceback (most recent call last):
  File "/data/data/com.termux/files/usr/lib/python3.13/site-packages/django/core/handlers/exception.py", line 55, in inner
    response = get_response(request)
  File "/data/data/com.termux/files/usr/lib/python3.13/site-packages/django/core/handlers/base.py", line 197, in _get_response
    response = wrapped_callback(request, *callback_args, **callback_kwargs)
  File "/data/data/com.termux/files/usr/lib/python3.13/site-packages/django/contrib/auth/decorators.py", line 59, in _view_wrapper
    return view_func(request, *args, **kwargs)
  File "/storage/emulated/0/django/p1/app/views_frontend.py", line 8187, in system_queue_status
    'active_workers': random.randint(2, 6),
                      ^^^^^^
NameError: name 'random' is not defined. Did you forget to import 'random'?
INFO 2026-08-16 10:52:46,672 apps AXES: BEGIN version 8.3.1, blocking by ip_address
INFO 2026-08-16 10:52:51,940 apps AXES: BEGIN version 8.3.1, blocking by ip_address
INFO 2026-08-16 10:52:52,063 autoreload Watching for file changes with StatReloader
ERROR 2026-08-16 10:53:21,217 log Internal Server Error: /api/system/queue-status/
Traceback (most recent call last):
  File "/data/data/com.termux/files/usr/lib/python3.13/site-packages/django/core/handlers/exception.py", line 55, in inner
    response = get_response(request)
  File "/data/data/com.termux/files/usr/lib/python3.13/site-packages/django/core/handlers/base.py", line 197, in _get_response
    response = wrapped_callback(request, *callback_args, **callback_kwargs)
  File "/data/data/com.termux/files/usr/lib/python3.13/site-packages/django/contrib/auth/decorators.py", line 59, in _view_wrapper
    return view_func(request, *args, **kwargs)
  File "/storage/emulated/0/django/p1/app/views_frontend.py", line 8200, in system_queue_status
    'active_workers': random.randint(2, 6),
                      ^^^^^^
NameError: name 'random' is not defined. Did you forget to import 'random'?
ERROR 2026-08-16 10:53:21,222 log Internal Server Error: /api/system/cache-status/
Traceback (most recent call last):
  File "/storage/emulated/0/django/p1/app/views_frontend.py", line 8129, in system_cache_status
    hit_rate = cache.get('stats:hit_rate', None)
               ^^^^^
NameError: name 'cache' is not defined

During handling of the above exception, another exception occurred:

Traceback (most recent call last):
  File "/data/data/com.termux/files/usr/lib/python3.13/site-packages/django/core/handlers/exception.py", line 55, in inner
    response = get_response(request)
  File "/data/data/com.termux/files/usr/lib/python3.13/site-packages/django/core/handlers/base.py", line 197, in _get_response
    response = wrapped_callback(request, *callback_args, **callback_kwargs)
  File "/data/data/com.termux/files/usr/lib/python3.13/site-packages/django/contrib/auth/decorators.py", line 59, in _view_wrapper
    return view_func(request, *args, **kwargs)
  File "/storage/emulated/0/django/p1/app/views_frontend.py", line 8152, in system_cache_status
    'hit_rate': random.randint(75, 94),
                ^^^^^^
NameError: name 'random' is not defined. Did you forget to import 'random'?
INFO 2026-08-16 10:58:22,063 apps AXES: BEGIN version 8.3.1, blocking by ip_address
INFO 2026-08-16 10:58:46,357 apps AXES: BEGIN version 8.3.1, blocking by ip_address
INFO 2026-08-16 10:59:02,389 apps AXES: BEGIN version 8.3.1, blocking by ip_address
INFO 2026-08-16 10:59:07,831 apps AXES: BEGIN version 8.3.1, blocking by ip_address
INFO 2026-08-16 10:59:07,956 autoreload Watching for file changes with StatReloader
INFO 2026-08-16 11:11:34,411 autoreload /storage/emulated/0/django/p1/app/views_frontend.py changed, reloading.
INFO 2026-08-16 11:11:45,290 apps AXES: BEGIN version 8.3.1, blocking by ip_address
INFO 2026-08-16 11:11:45,481 autoreload Watching for file changes with StatReloader
INFO 2026-08-16 11:36:54,980 apps AXES: BEGIN version 8.3.1, blocking by ip_address
INFO 2026-08-16 11:37:00,426 apps AXES: BEGIN version 8.3.1, blocking by ip_address
INFO 2026-08-16 11:37:00,538 autoreload Watching for file changes with StatReloader
INFO 2026-08-16 11:41:26,453 autoreload /storage/emulated/0/django/p1/app/views_frontend.py changed, reloading.
INFO 2026-08-16 11:41:39,047 apps AXES: BEGIN version 8.3.1, blocking by ip_address
INFO 2026-08-16 11:41:39,300 autoreload Watching for file changes with StatReloader
INFO 2026-08-16 12:03:11,159 apps AXES: BEGIN version 8.3.1, blocking by ip_address
INFO 2026-08-16 12:03:17,068 apps AXES: BEGIN version 8.3.1, blocking by ip_address
INFO 2026-08-16 12:03:17,194 autoreload Watching for file changes with StatReloader
INFO 2026-08-16 15:49:46,234 apps AXES: BEGIN version 8.3.1, blocking by ip_address
INFO 2026-08-16 15:49:57,204 apps AXES: BEGIN version 8.3.1, blocking by ip_address
INFO 2026-08-16 15:49:57,306 autoreload Watching for file changes with StatReloader
INFO 2026-08-16 15:57:57,166 autoreload /storage/emulated/0/django/p1/app/views_frontend.py changed, reloading.
INFO 2026-08-16 15:58:08,426 apps AXES: BEGIN version 8.3.1, blocking by ip_address
INFO 2026-08-16 15:58:08,624 autoreload Watching for file changes with StatReloader
INFO 2026-08-16 16:01:10,895 autoreload /storage/emulated/0/django/p1/app/views_frontend.py changed, reloading.
INFO 2026-08-16 16:01:19,592 apps AXES: BEGIN version 8.3.1, blocking by ip_address
INFO 2026-08-16 16:01:19,705 autoreload Watching for file changes with StatReloader
INFO 2026-08-16 16:03:36,152 autoreload /storage/emulated/0/django/p1/app/views_frontend.py changed, reloading.
INFO 2026-08-16 16:03:44,245 apps AXES: BEGIN version 8.3.1, blocking by ip_address
INFO 2026-08-16 16:03:44,375 autoreload Watching for file changes with StatReloader
INFO 2026-08-16 16:05:22,767 autoreload /storage/emulated/0/django/p1/app/views_frontend.py changed, reloading.
INFO 2026-08-16 16:05:30,882 apps AXES: BEGIN version 8.3.1, blocking by ip_address
INFO 2026-08-16 16:05:31,028 autoreload Watching for file changes with StatReloader
INFO 2026-08-16 16:06:46,252 autoreload /storage/emulated/0/django/p1/app/views_frontend.py changed, reloading.
INFO 2026-08-16 16:06:55,177 apps AXES: BEGIN version 8.3.1, blocking by ip_address
INFO 2026-08-16 16:06:55,317 autoreload Watching for file changes with StatReloader
INFO 2026-08-16 16:08:20,282 autoreload /storage/emulated/0/django/p1/app/views_frontend.py changed, reloading.
INFO 2026-08-16 16:08:28,773 apps AXES: BEGIN version 8.3.1, blocking by ip_address
INFO 2026-08-16 16:08:28,909 autoreload Watching for file changes with StatReloader
INFO 2026-08-16 16:10:51,156 autoreload /storage/emulated/0/django/p1/app/views_frontend.py changed, reloading.
INFO 2026-08-16 16:11:01,679 apps AXES: BEGIN version 8.3.1, blocking by ip_address
INFO 2026-08-16 16:11:01,855 autoreload Watching for file changes with StatReloader
INFO 2026-08-16 16:13:28,755 autoreload /storage/emulated/0/django/p1/app/views_frontend.py changed, reloading.
INFO 2026-08-16 16:13:37,546 apps AXES: BEGIN version 8.3.1, blocking by ip_address
INFO 2026-08-16 16:13:37,678 autoreload Watching for file changes with StatReloader
INFO 2026-08-16 16:16:23,304 autoreload /storage/emulated/0/django/p1/app/views_frontend.py changed, reloading.
INFO 2026-08-16 16:16:31,620 apps AXES: BEGIN version 8.3.1, blocking by ip_address
INFO 2026-08-16 16:16:31,756 autoreload Watching for file changes with StatReloader
INFO 2026-08-16 16:51:05,822 apps AXES: BEGIN version 8.3.1, blocking by ip_address
INFO 2026-08-16 16:51:10,766 apps AXES: BEGIN version 8.3.1, blocking by ip_address
INFO 2026-08-16 16:51:10,882 autoreload Watching for file changes with StatReloader
INFO 2026-08-16 16:52:57,747 apps AXES: BEGIN version 8.3.1, blocking by ip_address
INFO 2026-08-16 16:53:03,844 apps AXES: BEGIN version 8.3.1, blocking by ip_address
INFO 2026-08-16 16:53:03,951 autoreload Watching for file changes with StatReloader
ERROR 2026-08-16 16:55:12,734 log Internal Server Error: /api/system/cache-status/
Traceback (most recent call last):
  File "/storage/emulated/0/django/p1/app/views_frontend.py", line 8116, in system_cache_status
    hit_rate = cache.get('stats:hit_rate', None)
               ^^^^^
NameError: name 'cache' is not defined

During handling of the above exception, another exception occurred:

Traceback (most recent call last):
  File "/data/data/com.termux/files/usr/lib/python3.13/site-packages/django/core/handlers/exception.py", line 55, in inner
    response = get_response(request)
  File "/data/data/com.termux/files/usr/lib/python3.13/site-packages/django/core/handlers/base.py", line 197, in _get_response
    response = wrapped_callback(request, *callback_args, **callback_kwargs)
  File "/data/data/com.termux/files/usr/lib/python3.13/site-packages/django/contrib/auth/decorators.py", line 59, in _view_wrapper
    return view_func(request, *args, **kwargs)
  File "/storage/emulated/0/django/p1/app/views_frontend.py", line 8139, in system_cache_status
    'hit_rate': random.randint(75, 94),
                ^^^^^^
NameError: name 'random' is not defined. Did you forget to import 'random'?
ERROR 2026-08-16 16:55:12,738 log Internal Server Error: /api/system/queue-status/
Traceback (most recent call last):
  File "/data/data/com.termux/files/usr/lib/python3.13/site-packages/django/core/handlers/exception.py", line 55, in inner
    response = get_response(request)
  File "/data/data/com.termux/files/usr/lib/python3.13/site-packages/django/core/handlers/base.py", line 197, in _get_response
    response = wrapped_callback(request, *callback_args, **callback_kwargs)
  File "/data/data/com.termux/files/usr/lib/python3.13/site-packages/django/contrib/auth/decorators.py", line 59, in _view_wrapper
    return view_func(request, *args, **kwargs)
  File "/storage/emulated/0/django/p1/app/views_frontend.py", line 8187, in system_queue_status
    'active_workers': random.randint(2, 6),
                      ^^^^^^
NameError: name 'random' is not defined. Did you forget to import 'random'?
INFO 2026-08-17 09:11:20,900 apps AXES: BEGIN version 8.3.1, blocking by ip_address
INFO 2026-08-17 09:11:26,166 apps AXES: BEGIN version 8.3.1, blocking by ip_address
INFO 2026-08-17 09:11:26,291 autoreload Watching for file changes with StatReloader
ERROR 2026-08-17 09:12:18,439 log Internal Server Error: /api/system/cache-status/
Traceback (most recent call last):
  File "/storage/emulated/0/django/p1/app/views_frontend.py", line 8116, in system_cache_status
    hit_rate = cache.get('stats:hit_rate', None)
               ^^^^^
NameError: name 'cache' is not defined

During handling of the above exception, another exception occurred:

Traceback (most recent call last):
  File "/data/data/com.termux/files/usr/lib/python3.13/site-packages/django/core/handlers/exception.py", line 55, in inner
    response = get_response(request)
  File "/data/data/com.termux/files/usr/lib/python3.13/site-packages/django/core/handlers/base.py", line 197, in _get_response
    response = wrapped_callback(request, *callback_args, **callback_kwargs)
  File "/data/data/com.termux/files/usr/lib/python3.13/site-packages/django/contrib/auth/decorators.py", line 59, in _view_wrapper
    return view_func(request, *args, **kwargs)
  File "/storage/emulated/0/django/p1/app/views_frontend.py", line 8139, in system_cache_status
    'hit_rate': random.randint(75, 94),
                ^^^^^^
NameError: name 'random' is not defined. Did you forget to import 'random'?
ERROR 2026-08-17 09:12:18,569 log Internal Server Error: /api/system/queue-status/
Traceback (most recent call last):
  File "/data/data/com.termux/files/usr/lib/python3.13/site-packages/django/core/handlers/exception.py", line 55, in inner
    response = get_response(request)
  File "/data/data/com.termux/files/usr/lib/python3.13/site-packages/django/core/handlers/base.py", line 197, in _get_response
    response = wrapped_callback(request, *callback_args, **callback_kwargs)
  File "/data/data/com.termux/files/usr/lib/python3.13/site-packages/django/contrib/auth/decorators.py", line 59, in _view_wrapper
    return view_func(request, *args, **kwargs)
  File "/storage/emulated/0/django/p1/app/views_frontend.py", line 8187, in system_queue_status
    'active_workers': random.randint(2, 6),
                      ^^^^^^
NameError: name 'random' is not defined. Did you forget to import 'random'?
INFO 2026-08-17 09:14:24,916 signals ⏳ Waiting for items on None
INFO 2026-08-17 09:14:24,946 signals 🔄 Item added to None, processing deduction...
ERROR 2026-08-17 09:14:25,633 signals ❌ Auto-deduction failed for None: No shareholders with positive balance found
ERROR 2026-08-17 09:14:26,505 signals ❌ Auto-deduction failed for None: No shareholders with positive balance found
INFO 2026-08-17 09:17:22,655 signals ⏳ Waiting for items on None
INFO 2026-08-17 09:17:22,694 signals 🔄 Item added to None, processing deduction...
INFO 2026-08-17 09:17:22,746 signals 🔄 Item added to None, processing deduction...
INFO 2026-08-17 09:17:22,797 signals 🔄 Item added to None, processing deduction...
ERROR 2026-08-17 09:17:23,503 signals ❌ Auto-deduction failed for None: No shareholders with positive balance found
ERROR 2026-08-17 09:17:23,630 signals ❌ Auto-deduction failed for None: No shareholders with positive balance found
ERROR 2026-08-17 09:17:23,654 signals ❌ Auto-deduction failed for None: No shareholders with positive balance found
ERROR 2026-08-17 09:17:24,351 signals ❌ Auto-deduction failed for None: No shareholders with positive balance found
ERROR 2026-08-17 09:18:00,382 log Internal Server Error: /ajax/get-purchase-products/
Traceback (most recent call last):
  File "/data/data/com.termux/files/usr/lib/python3.13/site-packages/django/core/handlers/exception.py", line 55, in inner
    response = get_response(request)
  File "/data/data/com.termux/files/usr/lib/python3.13/site-packages/django/core/handlers/base.py", line 197, in _get_response
    response = wrapped_callback(request, *callback_args, **callback_kwargs)
  File "/data/data/com.termux/files/usr/lib/python3.13/site-packages/django/contrib/auth/decorators.py", line 59, in _view_wrapper
    return view_func(request, *args, **kwargs)
  File "/storage/emulated/0/django/p1/app/views_frontend.py", line 7466, in get_purchase_products
    remaining_qty = item.qty - returned_qty
                    ~~~~~~~~~^~~~~~~~~~~~~~
TypeError: unsupported operand type(s) for -: 'float' and 'decimal.Decimal'
ERROR 2026-08-17 09:18:50,061 log Internal Server Error: /ajax/get-purchase-products/
Traceback (most recent call last):
  File "/data/data/com.termux/files/usr/lib/python3.13/site-packages/django/core/handlers/exception.py", line 55, in inner
    response = get_response(request)
  File "/data/data/com.termux/files/usr/lib/python3.13/site-packages/django/core/handlers/base.py", line 197, in _get_response
    response = wrapped_callback(request, *callback_args, **callback_kwargs)
  File "/data/data/com.termux/files/usr/lib/python3.13/site-packages/django/contrib/auth/decorators.py", line 59, in _view_wrapper
    return view_func(request, *args, **kwargs)
  File "/storage/emulated/0/django/p1/app/views_frontend.py", line 7466, in get_purchase_products
    remaining_qty = item.qty - returned_qty
                    ~~~~~~~~~^~~~~~~~~~~~~~
TypeError: unsupported operand type(s) for -: 'float' and 'decimal.Decimal'
INFO 2026-08-17 11:51:33,973 apps AXES: BEGIN version 8.3.1, blocking by ip_address
INFO 2026-08-17 11:53:22,211 apps AXES: BEGIN version 8.3.1, blocking by ip_address
INFO 2026-08-17 11:54:06,697 apps AXES: BEGIN version 8.3.1, blocking by ip_address
INFO 2026-08-17 11:54:24,763 apps AXES: BEGIN version 8.3.1, blocking by ip_address
INFO 2026-08-17 11:55:52,106 apps AXES: BEGIN version 8.3.1, blocking by ip_address
INFO 2026-08-17 11:55:58,582 apps AXES: BEGIN version 8.3.1, blocking by ip_address
INFO 2026-08-17 11:55:58,670 autoreload Watching for file changes with StatReloader
ERROR 2026-08-17 11:56:31,751 log Internal Server Error: /api/system/cache-status/
Traceback (most recent call last):
  File "/storage/emulated/0/django/p1/app/views_frontend.py", line 8339, in system_cache_status
    hit_rate = cache.get('stats:hit_rate', None)
               ^^^^^
NameError: name 'cache' is not defined

During handling of the above exception, another exception occurred:

Traceback (most recent call last):
  File "/data/data/com.termux/files/usr/lib/python3.13/site-packages/django/core/handlers/exception.py", line 55, in inner
    response = get_response(request)
  File "/data/data/com.termux/files/usr/lib/python3.13/site-packages/django/core/handlers/base.py", line 197, in _get_response
    response = wrapped_callback(request, *callback_args, **callback_kwargs)
  File "/data/data/com.termux/files/usr/lib/python3.13/site-packages/django/contrib/auth/decorators.py", line 59, in _view_wrapper
    return view_func(request, *args, **kwargs)
  File "/storage/emulated/0/django/p1/app/views_frontend.py", line 8362, in system_cache_status
    'hit_rate': random.randint(75, 94),
                ^^^^^^
NameError: name 'random' is not defined. Did you forget to import 'random'?
ERROR 2026-08-17 11:56:31,761 log Internal Server Error: /api/system/queue-status/
Traceback (most recent call last):
  File "/data/data/com.termux/files/usr/lib/python3.13/site-packages/django/core/handlers/exception.py", line 55, in inner
    response = get_response(request)
  File "/data/data/com.termux/files/usr/lib/python3.13/site-packages/django/core/handlers/base.py", line 197, in _get_response
    response = wrapped_callback(request, *callback_args, **callback_kwargs)
  File "/data/data/com.termux/files/usr/lib/python3.13/site-packages/django/contrib/auth/decorators.py", line 59, in _view_wrapper
    return view_func(request, *args, **kwargs)
  File "/storage/emulated/0/django/p1/app/views_frontend.py", line 8410, in system_queue_status
    'active_workers': random.randint(2, 6),
                      ^^^^^^
NameError: name 'random' is not defined. Did you forget to import 'random'?
INFO 2026-08-17 12:00:21,507 autoreload /storage/emulated/0/django/p1/app/models.py changed, reloading.
INFO 2026-08-17 12:00:45,419 apps AXES: BEGIN version 8.3.1, blocking by ip_address
INFO 2026-08-17 12:01:02,714 apps AXES: BEGIN version 8.3.1, blocking by ip_address
INFO 2026-08-18 08:09:06,503 apps AXES: BEGIN version 8.3.1, blocking by ip_address
INFO 2026-08-18 08:09:14,739 apps AXES: BEGIN version 8.3.1, blocking by ip_address
INFO 2026-08-18 08:09:14,824 autoreload Watching for file changes with StatReloader
WARNING 2026-08-18 08:10:04,029 log Not Found: /favicon.ico
INFO 2026-08-18 08:10:12,347 database AXES: Successful login by {username: "********************", ip_address: "********************", user_agent: "Mozilla/5.0 (Linux; Android 10; K) AppleWebKit/537.36 (KHTML, like Gecko) Chrome/151.0.0.0 Mobile Safari/537.36", path_info: "/login/"}.
INFO 2026-08-18 08:10:12,364 database AXES: Cleaned up 0 expired access attempts from database that were older than 2026-08-18 02:10:11.259372+00:00
ERROR 2026-08-18 08:10:17,879 log Internal Server Error: /api/system/cache-status/
Traceback (most recent call last):
  File "/storage/emulated/0/django/p1/app/views_frontend.py", line 8339, in system_cache_status
    hit_rate = cache.get('stats:hit_rate', None)
               ^^^^^
NameError: name 'cache' is not defined

During handling of the above exception, another exception occurred:

Traceback (most recent call last):
  File "/data/data/com.termux/files/usr/lib/python3.13/site-packages/django/core/handlers/exception.py", line 55, in inner
    response = get_response(request)
  File "/data/data/com.termux/files/usr/lib/python3.13/site-packages/django/core/handlers/base.py", line 197, in _get_response
    response = wrapped_callback(request, *callback_args, **callback_kwargs)
  File "/data/data/com.termux/files/usr/lib/python3.13/site-packages/django/contrib/auth/decorators.py", line 59, in _view_wrapper
    return view_func(request, *args, **kwargs)
  File "/storage/emulated/0/django/p1/app/views_frontend.py", line 8362, in system_cache_status
    'hit_rate': random.randint(75, 94),
                ^^^^^^
NameError: name 'random' is not defined. Did you forget to import 'random'?
ERROR 2026-08-18 08:10:17,889 log Internal Server Error: /api/system/queue-status/
Traceback (most recent call last):
  File "/data/data/com.termux/files/usr/lib/python3.13/site-packages/django/core/handlers/exception.py", line 55, in inner
    response = get_response(request)
  File "/data/data/com.termux/files/usr/lib/python3.13/site-packages/django/core/handlers/base.py", line 197, in _get_response
    response = wrapped_callback(request, *callback_args, **callback_kwargs)
  File "/data/data/com.termux/files/usr/lib/python3.13/site-packages/django/contrib/auth/decorators.py", line 59, in _view_wrapper
    return view_func(request, *args, **kwargs)
  File "/storage/emulated/0/django/p1/app/views_frontend.py", line 8410, in system_queue_status
    'active_workers': random.randint(2, 6),
                      ^^^^^^
NameError: name 'random' is not defined. Did you forget to import 'random'?
INFO 2026-08-18 12:49:37,564 apps AXES: BEGIN version 8.3.1, blocking by ip_address
INFO 2026-08-18 12:49:42,984 apps AXES: BEGIN version 8.3.1, blocking by ip_address
INFO 2026-08-18 12:49:43,153 autoreload Watching for file changes with StatReloader
ERROR 2026-08-18 12:49:56,617 log Internal Server Error: /api/system/queue-status/
Traceback (most recent call last):
  File "/data/data/com.termux/files/usr/lib/python3.13/site-packages/django/core/handlers/exception.py", line 55, in inner
    response = get_response(request)
  File "/data/data/com.termux/files/usr/lib/python3.13/site-packages/django/core/handlers/base.py", line 197, in _get_response
    response = wrapped_callback(request, *callback_args, **callback_kwargs)
  File "/data/data/com.termux/files/usr/lib/python3.13/site-packages/django/contrib/auth/decorators.py", line 59, in _view_wrapper
    return view_func(request, *args, **kwargs)
  File "/storage/emulated/0/django/p1/app/views_frontend.py", line 8410, in system_queue_status
    'active_workers': random.randint(2, 6),
                      ^^^^^^
NameError: name 'random' is not defined. Did you forget to import 'random'?
ERROR 2026-08-18 12:49:56,684 log Internal Server Error: /api/system/cache-status/
Traceback (most recent call last):
  File "/storage/emulated/0/django/p1/app/views_frontend.py", line 8339, in system_cache_status
    hit_rate = cache.get('stats:hit_rate', None)
               ^^^^^
NameError: name 'cache' is not defined

During handling of the above exception, another exception occurred:

Traceback (most recent call last):
  File "/data/data/com.termux/files/usr/lib/python3.13/site-packages/django/core/handlers/exception.py", line 55, in inner
    response = get_response(request)
  File "/data/data/com.termux/files/usr/lib/python3.13/site-packages/django/core/handlers/base.py", line 197, in _get_response
    response = wrapped_callback(request, *callback_args, **callback_kwargs)
  File "/data/data/com.termux/files/usr/lib/python3.13/site-packages/django/contrib/auth/decorators.py", line 59, in _view_wrapper
    return view_func(request, *args, **kwargs)
  File "/storage/emulated/0/django/p1/app/views_frontend.py", line 8362, in system_cache_status
    'hit_rate': random.randint(75, 94),
                ^^^^^^
NameError: name 'random' is not defined. Did you forget to import 'random'?
INFO 2026-08-19 08:09:20,600 apps AXES: BEGIN version 8.3.1, blocking by ip_address
INFO 2026-08-19 08:09:26,411 apps AXES: BEGIN version 8.3.1, blocking by ip_address
INFO 2026-08-19 08:09:26,476 autoreload Watching for file changes with StatReloader
INFO 2026-08-19 08:11:28,418 autoreload /storage/emulated/0/django/p1/app/models.py changed, reloading.
INFO 2026-08-19 08:11:40,247 apps AXES: BEGIN version 8.3.1, blocking by ip_address
INFO 2026-08-19 08:11:40,347 autoreload Watching for file changes with StatReloader
INFO 2026-08-19 12:33:36,272 apps AXES: BEGIN version 8.3.1, blocking by ip_address
INFO 2026-08-19 12:34:08,998 apps AXES: BEGIN version 8.3.1, blocking by ip_address
INFO 2026-08-19 12:34:27,489 apps AXES: BEGIN version 8.3.1, blocking by ip_address
INFO 2026-08-19 12:34:32,911 apps AXES: BEGIN version 8.3.1, blocking by ip_address
INFO 2026-08-19 12:34:33,001 autoreload Watching for file changes with StatReloader
ERROR 2026-08-19 12:34:56,152 log Internal Server Error: /api/system/queue-status/
Traceback (most recent call last):
  File "/data/data/com.termux/files/usr/lib/python3.13/site-packages/django/core/handlers/exception.py", line 55, in inner
    response = get_response(request)
  File "/data/data/com.termux/files/usr/lib/python3.13/site-packages/django/core/handlers/base.py", line 197, in _get_response
    response = wrapped_callback(request, *callback_args, **callback_kwargs)
  File "/data/data/com.termux/files/usr/lib/python3.13/site-packages/django/contrib/auth/decorators.py", line 59, in _view_wrapper
    return view_func(request, *args, **kwargs)
  File "/storage/emulated/0/django/p1/app/views_frontend.py", line 8596, in system_queue_status
    'active_workers': random.randint(2, 6),
                      ^^^^^^
NameError: name 'random' is not defined. Did you forget to import 'random'?
ERROR 2026-08-19 12:34:56,294 log Internal Server Error: /api/system/cache-status/
Traceback (most recent call last):
  File "/storage/emulated/0/django/p1/app/views_frontend.py", line 8525, in system_cache_status
    hit_rate = cache.get('stats:hit_rate', None)
               ^^^^^
NameError: name 'cache' is not defined

During handling of the above exception, another exception occurred:

Traceback (most recent call last):
  File "/data/data/com.termux/files/usr/lib/python3.13/site-packages/django/core/handlers/exception.py", line 55, in inner
    response = get_response(request)
  File "/data/data/com.termux/files/usr/lib/python3.13/site-packages/django/core/handlers/base.py", line 197, in _get_response
    response = wrapped_callback(request, *callback_args, **callback_kwargs)
  File "/data/data/com.termux/files/usr/lib/python3.13/site-packages/django/contrib/auth/decorators.py", line 59, in _view_wrapper
    return view_func(request, *args, **kwargs)
  File "/storage/emulated/0/django/p1/app/views_frontend.py", line 8548, in system_cache_status
    'hit_rate': random.randint(75, 94),
                ^^^^^^
NameError: name 'random' is not defined. Did you forget to import 'random'?
ERROR 2026-08-19 12:35:03,404 log Internal Server Error: /api/system/cache-status/
Traceback (most recent call last):
  File "/storage/emulated/0/django/p1/app/views_frontend.py", line 8525, in system_cache_status
    hit_rate = cache.get('stats:hit_rate', None)
               ^^^^^
NameError: name 'cache' is not defined

During handling of the above exception, another exception occurred:

Traceback (most recent call last):
  File "/data/data/com.termux/files/usr/lib/python3.13/site-packages/django/core/handlers/exception.py", line 55, in inner
    response = get_response(request)
  File "/data/data/com.termux/files/usr/lib/python3.13/site-packages/django/core/handlers/base.py", line 197, in _get_response
    response = wrapped_callback(request, *callback_args, **callback_kwargs)
  File "/data/data/com.termux/files/usr/lib/python3.13/site-packages/django/contrib/auth/decorators.py", line 59, in _view_wrapper
    return view_func(request, *args, **kwargs)
  File "/storage/emulated/0/django/p1/app/views_frontend.py", line 8548, in system_cache_status
    'hit_rate': random.randint(75, 94),
                ^^^^^^
NameError: name 'random' is not defined. Did you forget to import 'random'?
ERROR 2026-08-19 12:35:03,662 log Internal Server Error: /api/system/queue-status/
Traceback (most recent call last):
  File "/data/data/com.termux/files/usr/lib/python3.13/site-packages/django/core/handlers/exception.py", line 55, in inner
    response = get_response(request)
  File "/data/data/com.termux/files/usr/lib/python3.13/site-packages/django/core/handlers/base.py", line 197, in _get_response
    response = wrapped_callback(request, *callback_args, **callback_kwargs)
  File "/data/data/com.termux/files/usr/lib/python3.13/site-packages/django/contrib/auth/decorators.py", line 59, in _view_wrapper
    return view_func(request, *args, **kwargs)
  File "/storage/emulated/0/django/p1/app/views_frontend.py", line 8596, in system_queue_status
    'active_workers': random.randint(2, 6),
                      ^^^^^^
NameError: name 'random' is not defined. Did you forget to import 'random'?
INFO 2026-08-19 12:36:02,014 signals ⏳ Waiting for items on None
INFO 2026-08-19 12:36:02,060 signals 🔄 Item added to None, processing deduction...
ERROR 2026-08-19 12:36:02,770 signals ❌ Auto-deduction failed for None: No shareholders with positive balance found
ERROR 2026-08-19 12:36:03,610 signals ❌ Auto-deduction failed for None: No shareholders with positive balance found
INFO 2026-08-19 12:45:14,331 autoreload /storage/emulated/0/django/p1/app/models.py changed, reloading.
INFO 2026-08-19 12:45:29,177 apps AXES: BEGIN version 8.3.1, blocking by ip_address
INFO 2026-08-19 12:45:29,368 autoreload Watching for file changes with StatReloader
INFO 2026-08-19 12:45:49,621 apps AXES: BEGIN version 8.3.1, blocking by ip_address
INFO 2026-08-19 12:46:06,436 apps AXES: BEGIN version 8.3.1, blocking by ip_address
INFO 2026-08-19 12:46:27,970 apps AXES: BEGIN version 8.3.1, blocking by ip_address
INFO 2026-08-19 12:46:33,244 apps AXES: BEGIN version 8.3.1, blocking by ip_address
INFO 2026-08-19 12:46:33,346 autoreload Watching for file changes with StatReloader
INFO 2026-08-19 12:51:10,876 autoreload /storage/emulated/0/django/p1/app/models.py changed, reloading.
INFO 2026-08-19 12:51:22,341 apps AXES: BEGIN version 8.3.1, blocking by ip_address
INFO 2026-08-19 12:51:22,421 autoreload Watching for file changes with StatReloader
INFO 2026-08-19 12:51:37,372 apps AXES: BEGIN version 8.3.1, blocking by ip_address
INFO 2026-08-19 12:51:55,399 apps AXES: BEGIN version 8.3.1, blocking by ip_address
INFO 2026-08-19 12:52:12,825 apps AXES: BEGIN version 8.3.1, blocking by ip_address
INFO 2026-08-19 12:52:19,311 apps AXES: BEGIN version 8.3.1, blocking by ip_address
INFO 2026-08-19 12:52:19,430 autoreload Watching for file changes with StatReloader
ERROR 2026-08-19 12:52:36,146 log Internal Server Error: /returns/sale/3/
Traceback (most recent call last):
  File "/data/data/com.termux/files/usr/lib/python3.13/site-packages/django/core/handlers/exception.py", line 55, in inner
    response = get_response(request)
  File "/data/data/com.termux/files/usr/lib/python3.13/site-packages/django/core/handlers/base.py", line 197, in _get_response
    response = wrapped_callback(request, *callback_args, **callback_kwargs)
  File "/data/data/com.termux/files/usr/lib/python3.13/site-packages/django/contrib/auth/decorators.py", line 59, in _view_wrapper
    return view_func(request, *args, **kwargs)
  File "/storage/emulated/0/django/p1/app/views_frontend.py", line 7731, in sale_return_detail
    return_percent = (total_returned_qty / total_original_qty * 100) if total_original_qty > 0 else 0
                      ~~~~~~~~~~~~~~~~~~~^~~~~~~~~~~~~~~~~~~~
TypeError: unsupported operand type(s) for /: 'decimal.Decimal' and 'float'
WARNING 2026-08-19 12:52:36,608 log Not Found: /favicon.ico
INFO 2026-08-19 12:56:16,842 autoreload /storage/emulated/0/django/p1/app/views_frontend.py changed, reloading.
INFO 2026-08-19 12:56:28,784 apps AXES: BEGIN version 8.3.1, blocking by ip_address
INFO 2026-08-19 12:56:28,943 autoreload Watching for file changes with StatReloader
INFO 2026-08-19 12:57:55,482 autoreload /storage/emulated/0/django/p1/app/views_frontend.py changed, reloading.
INFO 2026-08-19 12:58:05,487 apps AXES: BEGIN version 8.3.1, blocking by ip_address
INFO 2026-08-19 12:58:05,596 autoreload Watching for file changes with StatReloader
INFO 2026-08-19 13:01:19,033 autoreload /storage/emulated/0/django/p1/app/models.py changed, reloading.
INFO 2026-08-19 13:01:32,638 apps AXES: BEGIN version 8.3.1, blocking by ip_address
INFO 2026-08-19 13:01:32,750 autoreload Watching for file changes with StatReloader
INFO 2026-08-19 13:02:36,538 autoreload /storage/emulated/0/django/p1/app/views_frontend.py changed, reloading.
INFO 2026-08-19 13:02:46,069 apps AXES: BEGIN version 8.3.1, blocking by ip_address
INFO 2026-08-19 13:02:46,161 autoreload Watching for file changes with StatReloader
INFO 2026-08-19 13:03:16,903 apps AXES: BEGIN version 8.3.1, blocking by ip_address
INFO 2026-08-19 13:03:36,166 apps AXES: BEGIN version 8.3.1, blocking by ip_address
INFO 2026-08-19 13:03:53,628 apps AXES: BEGIN version 8.3.1, blocking by ip_address
INFO 2026-08-19 13:03:59,716 apps AXES: BEGIN version 8.3.1, blocking by ip_address
INFO 2026-08-19 13:03:59,803 autoreload Watching for file changes with StatReloader
INFO 2026-08-19 13:07:23,474 apps AXES: BEGIN version 8.3.1, blocking by ip_address
INFO 2026-08-19 13:07:28,810 apps AXES: BEGIN version 8.3.1, blocking by ip_address
INFO 2026-08-19 13:07:28,884 autoreload Watching for file changes with StatReloader
INFO 2026-08-19 14:23:01,662 apps AXES: BEGIN version 8.3.1, blocking by ip_address
INFO 2026-08-19 14:23:07,086 apps AXES: BEGIN version 8.3.1, blocking by ip_address
INFO 2026-08-19 14:23:07,173 autoreload Watching for file changes with StatReloader
ERROR 2026-08-19 14:23:27,907 log Internal Server Error: /api/system/cache-status/
Traceback (most recent call last):
  File "/storage/emulated/0/django/p1/app/views_frontend.py", line 8538, in system_cache_status
    hit_rate = cache.get('stats:hit_rate', None)
               ^^^^^
NameError: name 'cache' is not defined

During handling of the above exception, another exception occurred:

Traceback (most recent call last):
  File "/data/data/com.termux/files/usr/lib/python3.13/site-packages/django/core/handlers/exception.py", line 55, in inner
    response = get_response(request)
  File "/data/data/com.termux/files/usr/lib/python3.13/site-packages/django/core/handlers/base.py", line 197, in _get_response
    response = wrapped_callback(request, *callback_args, **callback_kwargs)
  File "/data/data/com.termux/files/usr/lib/python3.13/site-packages/django/contrib/auth/decorators.py", line 59, in _view_wrapper
    return view_func(request, *args, **kwargs)
  File "/storage/emulated/0/django/p1/app/views_frontend.py", line 8561, in system_cache_status
    'hit_rate': random.randint(75, 94),
                ^^^^^^
NameError: name 'random' is not defined. Did you forget to import 'random'?
ERROR 2026-08-19 14:23:28,063 log Internal Server Error: /api/system/queue-status/
Traceback (most recent call last):
  File "/data/data/com.termux/files/usr/lib/python3.13/site-packages/django/core/handlers/exception.py", line 55, in inner
    response = get_response(request)
  File "/data/data/com.termux/files/usr/lib/python3.13/site-packages/django/core/handlers/base.py", line 197, in _get_response
    response = wrapped_callback(request, *callback_args, **callback_kwargs)
  File "/data/data/com.termux/files/usr/lib/python3.13/site-packages/django/contrib/auth/decorators.py", line 59, in _view_wrapper
    return view_func(request, *args, **kwargs)
  File "/storage/emulated/0/django/p1/app/views_frontend.py", line 8609, in system_queue_status
    'active_workers': random.randint(2, 6),
                      ^^^^^^
NameError: name 'random' is not defined. Did you forget to import 'random'?
INFO 2026-08-21 13:12:56,060 apps AXES: BEGIN version 8.3.1, blocking by ip_address
INFO 2026-08-21 13:13:01,327 apps AXES: BEGIN version 8.3.1, blocking by ip_address
INFO 2026-08-21 13:13:01,401 autoreload Watching for file changes with StatReloader
WARNING 2026-08-21 13:13:28,120 log Not Found: /favicon.ico
INFO 2026-08-21 13:13:33,844 database AXES: Successful login by {username: "********************", ip_address: "********************", user_agent: "Mozilla/5.0 (Linux; Android 10; K) AppleWebKit/537.36 (KHTML, like Gecko) Chrome/151.0.0.0 Mobile Safari/537.36", path_info: "/login/"}.
INFO 2026-08-21 13:13:33,864 database AXES: Cleaned up 0 expired access attempts from database that were older than 2026-08-21 07:13:32.683544+00:00
ERROR 2026-08-21 13:13:38,661 log Internal Server Error: /api/system/cache-status/
Traceback (most recent call last):
  File "/storage/emulated/0/django/p1/app/views_frontend.py", line 8538, in system_cache_status
    hit_rate = cache.get('stats:hit_rate', None)
               ^^^^^
NameError: name 'cache' is not defined

During handling of the above exception, another exception occurred:

Traceback (most recent call last):
  File "/data/data/com.termux/files/usr/lib/python3.13/site-packages/django/core/handlers/exception.py", line 55, in inner
    response = get_response(request)
  File "/data/data/com.termux/files/usr/lib/python3.13/site-packages/django/core/handlers/base.py", line 197, in _get_response
    response = wrapped_callback(request, *callback_args, **callback_kwargs)
  File "/data/data/com.termux/files/usr/lib/python3.13/site-packages/django/contrib/auth/decorators.py", line 59, in _view_wrapper
    return view_func(request, *args, **kwargs)
  File "/storage/emulated/0/django/p1/app/views_frontend.py", line 8561, in system_cache_status
    'hit_rate': random.randint(75, 94),
                ^^^^^^
NameError: name 'random' is not defined. Did you forget to import 'random'?
ERROR 2026-08-21 13:13:38,744 log Internal Server Error: /api/system/queue-status/
Traceback (most recent call last):
  File "/data/data/com.termux/files/usr/lib/python3.13/site-packages/django/core/handlers/exception.py", line 55, in inner
    response = get_response(request)
  File "/data/data/com.termux/files/usr/lib/python3.13/site-packages/django/core/handlers/base.py", line 197, in _get_response
    response = wrapped_callback(request, *callback_args, **callback_kwargs)
  File "/data/data/com.termux/files/usr/lib/python3.13/site-packages/django/contrib/auth/decorators.py", line 59, in _view_wrapper
    return view_func(request, *args, **kwargs)
  File "/storage/emulated/0/django/p1/app/views_frontend.py", line 8609, in system_queue_status
    'active_workers': random.randint(2, 6),
                      ^^^^^^
NameError: name 'random' is not defined. Did you forget to import 'random'?
ERROR 2026-08-21 13:15:27,976 log Internal Server Error: /api/system/queue-status/
Traceback (most recent call last):
  File "/data/data/com.termux/files/usr/lib/python3.13/site-packages/django/core/handlers/exception.py", line 55, in inner
    response = get_response(request)
  File "/data/data/com.termux/files/usr/lib/python3.13/site-packages/django/core/handlers/base.py", line 197, in _get_response
    response = wrapped_callback(request, *callback_args, **callback_kwargs)
  File "/data/data/com.termux/files/usr/lib/python3.13/site-packages/django/contrib/auth/decorators.py", line 59, in _view_wrapper
    return view_func(request, *args, **kwargs)
  File "/storage/emulated/0/django/p1/app/views_frontend.py", line 8609, in system_queue_status
    'active_workers': random.randint(2, 6),
                      ^^^^^^
NameError: name 'random' is not defined. Did you forget to import 'random'?
ERROR 2026-08-21 13:15:28,025 log Internal Server Error: /api/system/cache-status/
Traceback (most recent call last):
  File "/storage/emulated/0/django/p1/app/views_frontend.py", line 8538, in system_cache_status
    hit_rate = cache.get('stats:hit_rate', None)
               ^^^^^
NameError: name 'cache' is not defined

During handling of the above exception, another exception occurred:

Traceback (most recent call last):
  File "/data/data/com.termux/files/usr/lib/python3.13/site-packages/django/core/handlers/exception.py", line 55, in inner
    response = get_response(request)
  File "/data/data/com.termux/files/usr/lib/python3.13/site-packages/django/core/handlers/base.py", line 197, in _get_response
    response = wrapped_callback(request, *callback_args, **callback_kwargs)
  File "/data/data/com.termux/files/usr/lib/python3.13/site-packages/django/contrib/auth/decorators.py", line 59, in _view_wrapper
    return view_func(request, *args, **kwargs)
  File "/storage/emulated/0/django/p1/app/views_frontend.py", line 8561, in system_cache_status
    'hit_rate': random.randint(75, 94),
                ^^^^^^
NameError: name 'random' is not defined. Did you forget to import 'random'?
ERROR 2026-08-21 13:20:16,666 log Internal Server Error: /api/system/cache-status/
Traceback (most recent call last):
  File "/storage/emulated/0/django/p1/app/views_frontend.py", line 8538, in system_cache_status
    hit_rate = cache.get('stats:hit_rate', None)
               ^^^^^
NameError: name 'cache' is not defined

During handling of the above exception, another exception occurred:

Traceback (most recent call last):
  File "/data/data/com.termux/files/usr/lib/python3.13/site-packages/django/core/handlers/exception.py", line 55, in inner
    response = get_response(request)
  File "/data/data/com.termux/files/usr/lib/python3.13/site-packages/django/core/handlers/base.py", line 197, in _get_response
    response = wrapped_callback(request, *callback_args, **callback_kwargs)
  File "/data/data/com.termux/files/usr/lib/python3.13/site-packages/django/contrib/auth/decorators.py", line 59, in _view_wrapper
    return view_func(request, *args, **kwargs)
  File "/storage/emulated/0/django/p1/app/views_frontend.py", line 8561, in system_cache_status
    'hit_rate': random.randint(75, 94),
                ^^^^^^
NameError: name 'random' is not defined. Did you forget to import 'random'?
ERROR 2026-08-21 13:20:16,723 log Internal Server Error: /api/system/queue-status/
Traceback (most recent call last):
  File "/data/data/com.termux/files/usr/lib/python3.13/site-packages/django/core/handlers/exception.py", line 55, in inner
    response = get_response(request)
  File "/data/data/com.termux/files/usr/lib/python3.13/site-packages/django/core/handlers/base.py", line 197, in _get_response
    response = wrapped_callback(request, *callback_args, **callback_kwargs)
  File "/data/data/com.termux/files/usr/lib/python3.13/site-packages/django/contrib/auth/decorators.py", line 59, in _view_wrapper
    return view_func(request, *args, **kwargs)
  File "/storage/emulated/0/django/p1/app/views_frontend.py", line 8609, in system_queue_status
    'active_workers': random.randint(2, 6),
                      ^^^^^^
NameError: name 'random' is not defined. Did you forget to import 'random'?
ERROR 2026-08-21 13:21:41,825 log Internal Server Error: /reports/profit-loss/
Traceback (most recent call last):
  File "/data/data/com.termux/files/usr/lib/python3.13/site-packages/django/core/handlers/exception.py", line 55, in inner
    response = get_response(request)
  File "/data/data/com.termux/files/usr/lib/python3.13/site-packages/django/core/handlers/base.py", line 197, in _get_response
    response = wrapped_callback(request, *callback_args, **callback_kwargs)
  File "/data/data/com.termux/files/usr/lib/python3.13/site-packages/django/contrib/auth/decorators.py", line 59, in _view_wrapper
    return view_func(request, *args, **kwargs)
  File "/storage/emulated/0/django/p1/app/views_frontend.py", line 3639, in profit_loss_report
    total_expenses = Expense.objects.filter(date__date__gte=from_date_obj, date__date__lte=to_date_obj).aggregate(
                     ~~~~~~~~~~~~~~~~~~~~~~^^^^^^^^^^^^^^^^^^^^^^^^^^^^^^^^^^^^^^^^^^^^^^^^^^^^^^^^^^^^
  File "/data/data/com.termux/files/usr/lib/python3.13/site-packages/django/db/models/manager.py", line 87, in manager_method
    return getattr(self.get_queryset(), name)(*args, **kwargs)
           ~~~~~~~~~~~~~~~~~~~~~~~~~~~~~~~~~~^^^^^^^^^^^^^^^^^
  File "/data/data/com.termux/files/usr/lib/python3.13/site-packages/django/db/models/query.py", line 1495, in filter
    return self._filter_or_exclude(False, args, kwargs)
           ~~~~~~~~~~~~~~~~~~~~~~~^^^^^^^^^^^^^^^^^^^^^
  File "/data/data/com.termux/files/usr/lib/python3.13/site-packages/django/db/models/query.py", line 1513, in _filter_or_exclude
    clone._filter_or_exclude_inplace(negate, args, kwargs)
    ~~~~~~~~~~~~~~~~~~~~~~~~~~~~~~~~^^^^^^^^^^^^^^^^^^^^^^
  File "/data/data/com.termux/files/usr/lib/python3.13/site-packages/django/db/models/query.py", line 1523, in _filter_or_exclude_inplace
    self._query.add_q(Q(*args, **kwargs))
    ~~~~~~~~~~~~~~~~~^^^^^^^^^^^^^^^^^^^^
  File "/data/data/com.termux/files/usr/lib/python3.13/site-packages/django/db/models/sql/query.py", line 1648, in add_q
    clause, _ = self._add_q(q_object, can_reuse)
                ~~~~~~~~~~~^^^^^^^^^^^^^^^^^^^^^
  File "/data/data/com.termux/files/usr/lib/python3.13/site-packages/django/db/models/sql/query.py", line 1680, in _add_q
    child_clause, needed_inner = self.build_filter(
                                 ~~~~~~~~~~~~~~~~~^
        child,
        ^^^^^^
    ...<7 lines>...
        update_join_types=update_join_types,
        ^^^^^^^^^^^^^^^^^^^^^^^^^^^^^^^^^^^^
    )
    ^
  File "/data/data/com.termux/files/usr/lib/python3.13/site-packages/django/db/models/sql/query.py", line 1528, in build_filter
    lookups, parts, reffed_expression = self.solve_lookup_type(arg, summarize)
                                        ~~~~~~~~~~~~~~~~~~~~~~^^^^^^^^^^^^^^^^
  File "/data/data/com.termux/files/usr/lib/python3.13/site-packages/django/db/models/sql/query.py", line 1335, in solve_lookup_type
    _, field, _, lookup_parts = self.names_to_path(lookup_splitted, self.get_meta())
                                ~~~~~~~~~~~~~~~~~~^^^^^^^^^^^^^^^^^^^^^^^^^^^^^^^^^^
  File "/data/data/com.termux/files/usr/lib/python3.13/site-packages/django/db/models/sql/query.py", line 1813, in names_to_path
    raise FieldError(
    ...<2 lines>...
    )
django.core.exceptions.FieldError: Cannot resolve keyword 'date' into field. Choices are: amount, approval_history, approved_at, approved_by, approved_by_id, attachment, budget, budget_id, budgettransaction, category, category_id, claims, cost_center, created_at, created_by, created_by_id, department, department_id, description, expense_date, expense_no, id, is_recurring, journal_entries, notes, paid_at, paid_by, paid_by_id, payment_date, payment_method, project, project_id, receipt, recurring_end_date, recurring_frequency, reference_no, rejection_reason, status, submitted_at, submitted_by, submitted_by_id, tax_amount, tax_rate, total_amount, updated_at, vendor, vendor_id, vendor_invoice_no
ERROR 2026-08-21 13:21:52,885 log Internal Server Error: /reports/cash-flow/
Traceback (most recent call last):
  File "/data/data/com.termux/files/usr/lib/python3.13/site-packages/django/core/handlers/exception.py", line 55, in inner
    response = get_response(request)
  File "/data/data/com.termux/files/usr/lib/python3.13/site-packages/django/core/handlers/base.py", line 197, in _get_response
    response = wrapped_callback(request, *callback_args, **callback_kwargs)
  File "/data/data/com.termux/files/usr/lib/python3.13/site-packages/django/contrib/auth/decorators.py", line 59, in _view_wrapper
    return view_func(request, *args, **kwargs)
  File "/storage/emulated/0/django/p1/app/views_frontend.py", line 3696, in cash_flow_report
    total_expenses = Expense.objects.filter(date__date__gte=from_date_obj, date__date__lte=to_date_obj).aggregate(
                     ~~~~~~~~~~~~~~~~~~~~~~^^^^^^^^^^^^^^^^^^^^^^^^^^^^^^^^^^^^^^^^^^^^^^^^^^^^^^^^^^^^
  File "/data/data/com.termux/files/usr/lib/python3.13/site-packages/django/db/models/manager.py", line 87, in manager_method
    return getattr(self.get_queryset(), name)(*args, **kwargs)
           ~~~~~~~~~~~~~~~~~~~~~~~~~~~~~~~~~~^^^^^^^^^^^^^^^^^
  File "/data/data/com.termux/files/usr/lib/python3.13/site-packages/django/db/models/query.py", line 1495, in filter
    return self._filter_or_exclude(False, args, kwargs)
           ~~~~~~~~~~~~~~~~~~~~~~~^^^^^^^^^^^^^^^^^^^^^
  File "/data/data/com.termux/files/usr/lib/python3.13/site-packages/django/db/models/query.py", line 1513, in _filter_or_exclude
    clone._filter_or_exclude_inplace(negate, args, kwargs)
    ~~~~~~~~~~~~~~~~~~~~~~~~~~~~~~~~^^^^^^^^^^^^^^^^^^^^^^
  File "/data/data/com.termux/files/usr/lib/python3.13/site-packages/django/db/models/query.py", line 1523, in _filter_or_exclude_inplace
    self._query.add_q(Q(*args, **kwargs))
    ~~~~~~~~~~~~~~~~~^^^^^^^^^^^^^^^^^^^^
  File "/data/data/com.termux/files/usr/lib/python3.13/site-packages/django/db/models/sql/query.py", line 1648, in add_q
    clause, _ = self._add_q(q_object, can_reuse)
                ~~~~~~~~~~~^^^^^^^^^^^^^^^^^^^^^
  File "/data/data/com.termux/files/usr/lib/python3.13/site-packages/django/db/models/sql/query.py", line 1680, in _add_q
    child_clause, needed_inner = self.build_filter(
                                 ~~~~~~~~~~~~~~~~~^
        child,
        ^^^^^^
    ...<7 lines>...
        update_join_types=update_join_types,
        ^^^^^^^^^^^^^^^^^^^^^^^^^^^^^^^^^^^^
    )
    ^
  File "/data/data/com.termux/files/usr/lib/python3.13/site-packages/django/db/models/sql/query.py", line 1528, in build_filter
    lookups, parts, reffed_expression = self.solve_lookup_type(arg, summarize)
                                        ~~~~~~~~~~~~~~~~~~~~~~^^^^^^^^^^^^^^^^
  File "/data/data/com.termux/files/usr/lib/python3.13/site-packages/django/db/models/sql/query.py", line 1335, in solve_lookup_type
    _, field, _, lookup_parts = self.names_to_path(lookup_splitted, self.get_meta())
                                ~~~~~~~~~~~~~~~~~~^^^^^^^^^^^^^^^^^^^^^^^^^^^^^^^^^^
  File "/data/data/com.termux/files/usr/lib/python3.13/site-packages/django/db/models/sql/query.py", line 1813, in names_to_path
    raise FieldError(
    ...<2 lines>...
    )
django.core.exceptions.FieldError: Cannot resolve keyword 'date' into field. Choices are: amount, approval_history, approved_at, approved_by, approved_by_id, attachment, budget, budget_id, budgettransaction, category, category_id, claims, cost_center, created_at, created_by, created_by_id, department, department_id, description, expense_date, expense_no, id, is_recurring, journal_entries, notes, paid_at, paid_by, paid_by_id, payment_date, payment_method, project, project_id, receipt, recurring_end_date, recurring_frequency, reference_no, rejection_reason, status, submitted_at, submitted_by, submitted_by_id, tax_amount, tax_rate, total_amount, updated_at, vendor, vendor_id, vendor_invoice_no
ERROR 2026-08-21 13:24:31,959 log Internal Server Error: /api/system/queue-status/
Traceback (most recent call last):
  File "/data/data/com.termux/files/usr/lib/python3.13/site-packages/django/core/handlers/exception.py", line 55, in inner
    response = get_response(request)
  File "/data/data/com.termux/files/usr/lib/python3.13/site-packages/django/core/handlers/base.py", line 197, in _get_response
    response = wrapped_callback(request, *callback_args, **callback_kwargs)
  File "/data/data/com.termux/files/usr/lib/python3.13/site-packages/django/contrib/auth/decorators.py", line 59, in _view_wrapper
    return view_func(request, *args, **kwargs)
  File "/storage/emulated/0/django/p1/app/views_frontend.py", line 8609, in system_queue_status
    'active_workers': random.randint(2, 6),
                      ^^^^^^
NameError: name 'random' is not defined. Did you forget to import 'random'?
ERROR 2026-08-21 13:24:31,969 log Internal Server Error: /api/system/cache-status/
Traceback (most recent call last):
  File "/storage/emulated/0/django/p1/app/views_frontend.py", line 8538, in system_cache_status
    hit_rate = cache.get('stats:hit_rate', None)
               ^^^^^
NameError: name 'cache' is not defined

During handling of the above exception, another exception occurred:

Traceback (most recent call last):
  File "/data/data/com.termux/files/usr/lib/python3.13/site-packages/django/core/handlers/exception.py", line 55, in inner
    response = get_response(request)
  File "/data/data/com.termux/files/usr/lib/python3.13/site-packages/django/core/handlers/base.py", line 197, in _get_response
    response = wrapped_callback(request, *callback_args, **callback_kwargs)
  File "/data/data/com.termux/files/usr/lib/python3.13/site-packages/django/contrib/auth/decorators.py", line 59, in _view_wrapper
    return view_func(request, *args, **kwargs)
  File "/storage/emulated/0/django/p1/app/views_frontend.py", line 8561, in system_cache_status
    'hit_rate': random.randint(75, 94),
                ^^^^^^
NameError: name 'random' is not defined. Did you forget to import 'random'?
ERROR 2026-08-21 13:26:37,827 log Internal Server Error: /api/system/queue-status/
Traceback (most recent call last):
  File "/data/data/com.termux/files/usr/lib/python3.13/site-packages/django/core/handlers/exception.py", line 55, in inner
    response = get_response(request)
  File "/data/data/com.termux/files/usr/lib/python3.13/site-packages/django/core/handlers/base.py", line 197, in _get_response
    response = wrapped_callback(request, *callback_args, **callback_kwargs)
  File "/data/data/com.termux/files/usr/lib/python3.13/site-packages/django/contrib/auth/decorators.py", line 59, in _view_wrapper
    return view_func(request, *args, **kwargs)
  File "/storage/emulated/0/django/p1/app/views_frontend.py", line 8609, in system_queue_status
    'active_workers': random.randint(2, 6),
                      ^^^^^^
NameError: name 'random' is not defined. Did you forget to import 'random'?
ERROR 2026-08-21 13:26:37,835 log Internal Server Error: /api/system/cache-status/
Traceback (most recent call last):
  File "/storage/emulated/0/django/p1/app/views_frontend.py", line 8538, in system_cache_status
    hit_rate = cache.get('stats:hit_rate', None)
               ^^^^^
NameError: name 'cache' is not defined

During handling of the above exception, another exception occurred:

Traceback (most recent call last):
  File "/data/data/com.termux/files/usr/lib/python3.13/site-packages/django/core/handlers/exception.py", line 55, in inner
    response = get_response(request)
  File "/data/data/com.termux/files/usr/lib/python3.13/site-packages/django/core/handlers/base.py", line 197, in _get_response
    response = wrapped_callback(request, *callback_args, **callback_kwargs)
  File "/data/data/com.termux/files/usr/lib/python3.13/site-packages/django/contrib/auth/decorators.py", line 59, in _view_wrapper
    return view_func(request, *args, **kwargs)
  File "/storage/emulated/0/django/p1/app/views_frontend.py", line 8561, in system_cache_status
    'hit_rate': random.randint(75, 94),
                ^^^^^^
NameError: name 'random' is not defined. Did you forget to import 'random'?
ERROR 2026-08-21 13:27:27,792 log Internal Server Error: /api/system/cache-status/
Traceback (most recent call last):
  File "/storage/emulated/0/django/p1/app/views_frontend.py", line 8538, in system_cache_status
    hit_rate = cache.get('stats:hit_rate', None)
               ^^^^^
NameError: name 'cache' is not defined

During handling of the above exception, another exception occurred:

Traceback (most recent call last):
  File "/data/data/com.termux/files/usr/lib/python3.13/site-packages/django/core/handlers/exception.py", line 55, in inner
    response = get_response(request)
  File "/data/data/com.termux/files/usr/lib/python3.13/site-packages/django/core/handlers/base.py", line 197, in _get_response
    response = wrapped_callback(request, *callback_args, **callback_kwargs)
  File "/data/data/com.termux/files/usr/lib/python3.13/site-packages/django/contrib/auth/decorators.py", line 59, in _view_wrapper
    return view_func(request, *args, **kwargs)
  File "/storage/emulated/0/django/p1/app/views_frontend.py", line 8561, in system_cache_status
    'hit_rate': random.randint(75, 94),
                ^^^^^^
NameError: name 'random' is not defined. Did you forget to import 'random'?
ERROR 2026-08-21 13:27:27,874 log Internal Server Error: /api/system/queue-status/
Traceback (most recent call last):
  File "/data/data/com.termux/files/usr/lib/python3.13/site-packages/django/core/handlers/exception.py", line 55, in inner
    response = get_response(request)
  File "/data/data/com.termux/files/usr/lib/python3.13/site-packages/django/core/handlers/base.py", line 197, in _get_response
    response = wrapped_callback(request, *callback_args, **callback_kwargs)
  File "/data/data/com.termux/files/usr/lib/python3.13/site-packages/django/contrib/auth/decorators.py", line 59, in _view_wrapper
    return view_func(request, *args, **kwargs)
  File "/storage/emulated/0/django/p1/app/views_frontend.py", line 8609, in system_queue_status
    'active_workers': random.randint(2, 6),
                      ^^^^^^
NameError: name 'random' is not defined. Did you forget to import 'random'?
ERROR 2026-08-21 13:28:03,995 log Internal Server Error: /api/system/cache-status/
Traceback (most recent call last):
  File "/storage/emulated/0/django/p1/app/views_frontend.py", line 8538, in system_cache_status
    hit_rate = cache.get('stats:hit_rate', None)
               ^^^^^
NameError: name 'cache' is not defined

During handling of the above exception, another exception occurred:

Traceback (most recent call last):
  File "/data/data/com.termux/files/usr/lib/python3.13/site-packages/django/core/handlers/exception.py", line 55, in inner
    response = get_response(request)
  File "/data/data/com.termux/files/usr/lib/python3.13/site-packages/django/core/handlers/base.py", line 197, in _get_response
    response = wrapped_callback(request, *callback_args, **callback_kwargs)
  File "/data/data/com.termux/files/usr/lib/python3.13/site-packages/django/contrib/auth/decorators.py", line 59, in _view_wrapper
    return view_func(request, *args, **kwargs)
  File "/storage/emulated/0/django/p1/app/views_frontend.py", line 8561, in system_cache_status
    'hit_rate': random.randint(75, 94),
                ^^^^^^
NameError: name 'random' is not defined. Did you forget to import 'random'?
ERROR 2026-08-21 13:28:04,097 log Internal Server Error: /api/system/queue-status/
Traceback (most recent call last):
  File "/data/data/com.termux/files/usr/lib/python3.13/site-packages/django/core/handlers/exception.py", line 55, in inner
    response = get_response(request)
  File "/data/data/com.termux/files/usr/lib/python3.13/site-packages/django/core/handlers/base.py", line 197, in _get_response
    response = wrapped_callback(request, *callback_args, **callback_kwargs)
  File "/data/data/com.termux/files/usr/lib/python3.13/site-packages/django/contrib/auth/decorators.py", line 59, in _view_wrapper
    return view_func(request, *args, **kwargs)
  File "/storage/emulated/0/django/p1/app/views_frontend.py", line 8609, in system_queue_status
    'active_workers': random.randint(2, 6),
                      ^^^^^^
NameError: name 'random' is not defined. Did you forget to import 'random'?
INFO 2026-08-22 09:24:16,408 apps AXES: BEGIN version 8.3.1, blocking by ip_address
INFO 2026-08-22 09:24:21,632 apps AXES: BEGIN version 8.3.1, blocking by ip_address
INFO 2026-08-22 09:24:21,705 autoreload Watching for file changes with StatReloader
WARNING 2026-08-22 09:25:21,340 log Not Found: /favicon.ico
INFO 2026-08-22 09:25:36,057 database AXES: Successful login by {username: "********************", ip_address: "********************", user_agent: "Mozilla/5.0 (Linux; Android 10; K) AppleWebKit/537.36 (KHTML, like Gecko) Chrome/151.0.0.0 Mobile Safari/537.36", path_info: "/login/"}.
INFO 2026-08-22 09:25:36,076 database AXES: Cleaned up 0 expired access attempts from database that were older than 2026-08-22 03:25:34.908557+00:00
ERROR 2026-08-22 09:26:21,521 log Internal Server Error: /api/system/cache-status/
Traceback (most recent call last):
  File "/storage/emulated/0/django/p1/app/views_frontend.py", line 8538, in system_cache_status
    hit_rate = cache.get('stats:hit_rate', None)
               ^^^^^
NameError: name 'cache' is not defined

During handling of the above exception, another exception occurred:

Traceback (most recent call last):
  File "/data/data/com.termux/files/usr/lib/python3.13/site-packages/django/core/handlers/exception.py", line 55, in inner
    response = get_response(request)
  File "/data/data/com.termux/files/usr/lib/python3.13/site-packages/django/core/handlers/base.py", line 197, in _get_response
    response = wrapped_callback(request, *callback_args, **callback_kwargs)
  File "/data/data/com.termux/files/usr/lib/python3.13/site-packages/django/contrib/auth/decorators.py", line 59, in _view_wrapper
    return view_func(request, *args, **kwargs)
  File "/storage/emulated/0/django/p1/app/views_frontend.py", line 8561, in system_cache_status
    'hit_rate': random.randint(75, 94),
                ^^^^^^
NameError: name 'random' is not defined. Did you forget to import 'random'?
ERROR 2026-08-22 09:26:21,545 log Internal Server Error: /api/system/queue-status/
Traceback (most recent call last):
  File "/data/data/com.termux/files/usr/lib/python3.13/site-packages/django/core/handlers/exception.py", line 55, in inner
    response = get_response(request)
  File "/data/data/com.termux/files/usr/lib/python3.13/site-packages/django/core/handlers/base.py", line 197, in _get_response
    response = wrapped_callback(request, *callback_args, **callback_kwargs)
  File "/data/data/com.termux/files/usr/lib/python3.13/site-packages/django/contrib/auth/decorators.py", line 59, in _view_wrapper
    return view_func(request, *args, **kwargs)
  File "/storage/emulated/0/django/p1/app/views_frontend.py", line 8609, in system_queue_status
    'active_workers': random.randint(2, 6),
                      ^^^^^^
NameError: name 'random' is not defined. Did you forget to import 'random'?
INFO 2026-08-26 13:39:30,330 apps AXES: BEGIN version 8.3.1, blocking by ip_address
INFO 2026-08-26 13:40:13,600 apps AXES: BEGIN version 8.3.1, blocking by ip_address
INFO 2026-08-26 13:40:40,446 apps AXES: BEGIN version 8.3.1, blocking by ip_address
INFO 2026-08-26 13:40:46,025 apps AXES: BEGIN version 8.3.1, blocking by ip_address
INFO 2026-08-26 13:40:46,108 autoreload Watching for file changes with StatReloader
